2025-11-16T15:49:51.106Z [INFO]  Terraform version: 1.9.8
2025-11-16T15:49:51.107Z [DEBUG] using github.com/hashicorp/go-tfe v1.58.0
2025-11-16T15:49:51.107Z [DEBUG] using github.com/hashicorp/hcl/v2 v2.20.0
2025-11-16T15:49:51.107Z [DEBUG] using github.com/hashicorp/terraform-svchost v0.1.1
2025-11-16T15:49:51.107Z [DEBUG] using github.com/zclconf/go-cty v1.14.4
2025-11-16T15:49:51.107Z [INFO]  Go runtime version: go1.22.7
2025-11-16T15:49:51.107Z [INFO]  CLI args: []string{"terraform", "apply", "-auto-approve"}
2025-11-16T15:49:51.107Z [DEBUG] Attempting to open CLI config file: /root/.terraformrc
2025-11-16T15:49:51.107Z [DEBUG] File doesn't exist, but doesn't need to. Ignoring.
2025-11-16T15:49:51.107Z [DEBUG] ignoring non-existing provider search directory terraform.d/plugins
2025-11-16T15:49:51.107Z [DEBUG] ignoring non-existing provider search directory /root/.terraform.d/plugins
2025-11-16T15:49:51.107Z [DEBUG] ignoring non-existing provider search directory /root/.local/share/terraform/plugins
2025-11-16T15:49:51.107Z [DEBUG] ignoring non-existing provider search directory /usr/local/share/terraform/plugins
2025-11-16T15:49:51.107Z [DEBUG] ignoring non-existing provider search directory /usr/share/terraform/plugins
2025-11-16T15:49:51.107Z [DEBUG] ignoring non-existing provider search directory /var/lib/snapd/desktop/terraform/plugins
2025-11-16T15:49:51.107Z [INFO]  CLI command args: []string{"apply", "-auto-approve"}
2025-11-16T15:49:51.232Z [DEBUG] checking for provisioner in "."
2025-11-16T15:49:51.232Z [DEBUG] checking for provisioner in "/usr/local/bin"
2025-11-16T15:49:51.233Z [INFO]  backend/local: starting Apply operation
2025-11-16T15:49:51.234Z [DEBUG] created provider logger: level=debug
2025-11-16T15:49:51.234Z [INFO]  provider: configuring client automatic mTLS
2025-11-16T15:49:51.251Z [DEBUG] provider: starting plugin: path=.terraform/providers/registry.terraform.io/hashicorp/helm/2.17.0/linux_amd64/terraform-provider-helm_v2.17.0_x5 args=[".terraform/providers/registry.terraform.io/hashicorp/helm/2.17.0/linux_amd64/terraform-provider-helm_v2.17.0_x5"]
2025-11-16T15:49:51.251Z [DEBUG] provider: plugin started: path=.terraform/providers/registry.terraform.io/hashicorp/helm/2.17.0/linux_amd64/terraform-provider-helm_v2.17.0_x5 pid=172350
2025-11-16T15:49:51.251Z [DEBUG] provider: waiting for RPC address: plugin=.terraform/providers/registry.terraform.io/hashicorp/helm/2.17.0/linux_amd64/terraform-provider-helm_v2.17.0_x5
2025-11-16T15:49:51.279Z [INFO]  provider.terraform-provider-helm_v2.17.0_x5: configuring server automatic mTLS: timestamp=2025-11-16T15:49:51.279Z
2025-11-16T15:49:51.301Z [DEBUG] provider: using plugin: version=5
2025-11-16T15:49:51.301Z [DEBUG] provider.terraform-provider-helm_v2.17.0_x5: plugin address: address=/tmp/plugin4135303764 network=unix timestamp=2025-11-16T15:49:51.301Z
2025-11-16T15:49:51.329Z [DEBUG] provider.stdio: received EOF, stopping recv loop: err="rpc error: code = Unavailable desc = error reading from server: EOF"
2025-11-16T15:49:51.331Z [INFO]  provider: plugin process exited: plugin=.terraform/providers/registry.terraform.io/hashicorp/helm/2.17.0/linux_amd64/terraform-provider-helm_v2.17.0_x5 id=172350
2025-11-16T15:49:51.331Z [DEBUG] provider: plugin exited
2025-11-16T15:49:51.331Z [DEBUG] created provider logger: level=debug
2025-11-16T15:49:51.332Z [INFO]  provider: configuring client automatic mTLS
2025-11-16T15:49:51.346Z [DEBUG] provider: starting plugin: path=.terraform/providers/registry.terraform.io/hashicorp/kubernetes/2.38.0/linux_amd64/terraform-provider-kubernetes_v2.38.0_x5 args=[".terraform/providers/registry.terraform.io/hashicorp/kubernetes/2.38.0/linux_amd64/terraform-provider-kubernetes_v2.38.0_x5"]
2025-11-16T15:49:51.346Z [DEBUG] provider: plugin started: path=.terraform/providers/registry.terraform.io/hashicorp/kubernetes/2.38.0/linux_amd64/terraform-provider-kubernetes_v2.38.0_x5 pid=172359
2025-11-16T15:49:51.347Z [DEBUG] provider: waiting for RPC address: plugin=.terraform/providers/registry.terraform.io/hashicorp/kubernetes/2.38.0/linux_amd64/terraform-provider-kubernetes_v2.38.0_x5
2025-11-16T15:49:51.403Z [INFO]  provider.terraform-provider-kubernetes_v2.38.0_x5: configuring server automatic mTLS: timestamp=2025-11-16T15:49:51.403Z
2025-11-16T15:49:51.433Z [DEBUG] provider: using plugin: version=5
2025-11-16T15:49:51.433Z [DEBUG] provider.terraform-provider-kubernetes_v2.38.0_x5: plugin address: address=/tmp/plugin1176266112 network=unix timestamp=2025-11-16T15:49:51.432Z
2025-11-16T15:49:51.593Z [DEBUG] provider.stdio: received EOF, stopping recv loop: err="rpc error: code = Unavailable desc = error reading from server: EOF"
2025-11-16T15:49:51.597Z [INFO]  provider: plugin process exited: plugin=.terraform/providers/registry.terraform.io/hashicorp/kubernetes/2.38.0/linux_amd64/terraform-provider-kubernetes_v2.38.0_x5 id=172359
2025-11-16T15:49:51.598Z [DEBUG] provider: plugin exited
2025-11-16T15:49:51.598Z [DEBUG] Building and walking validate graph
2025-11-16T15:49:51.598Z [DEBUG] ProviderTransformer: "kubernetes_namespace.monitoring" (*terraform.NodeValidatableResource) needs provider["registry.terraform.io/hashicorp/kubernetes"]
2025-11-16T15:49:51.598Z [DEBUG] ProviderTransformer: "kubernetes_manifest.prometheus_service" (*terraform.NodeValidatableResource) needs provider["registry.terraform.io/hashicorp/kubernetes"]
2025-11-16T15:49:51.598Z [DEBUG] ProviderTransformer: "kubernetes_ingress.monitoring_ingress" (*terraform.NodeValidatableResource) needs provider["registry.terraform.io/hashicorp/kubernetes"]
2025-11-16T15:49:51.598Z [DEBUG] ProviderTransformer: "helm_release.kps" (*terraform.NodeValidatableResource) needs provider["registry.terraform.io/hashicorp/helm"]
2025-11-16T15:49:51.599Z [DEBUG] ReferenceTransformer: "output.prometheus_url (expand)" references: []
2025-11-16T15:49:51.599Z [DEBUG] ReferenceTransformer: "output.grafana_infos (expand)" references: []
2025-11-16T15:49:51.599Z [DEBUG] ReferenceTransformer: "provider[\"registry.terraform.io/hashicorp/kubernetes\"]" references: []
2025-11-16T15:49:51.599Z [DEBUG] ReferenceTransformer: "provider[\"registry.terraform.io/hashicorp/helm\"]" references: []
2025-11-16T15:49:51.599Z [DEBUG] ReferenceTransformer: "kubernetes_namespace.monitoring" references: []
2025-11-16T15:49:51.599Z [DEBUG] ReferenceTransformer: "kubernetes_manifest.prometheus_service" references: []
2025-11-16T15:49:51.599Z [DEBUG] ReferenceTransformer: "kubernetes_ingress.monitoring_ingress" references: []
2025-11-16T15:49:51.599Z [DEBUG] ReferenceTransformer: "helm_release.kps" references: [kubernetes_namespace.monitoring kubernetes_namespace.monitoring]
2025-11-16T15:49:51.600Z [DEBUG] Starting graph walk: walkValidate
2025-11-16T15:49:51.600Z [DEBUG] created provider logger: level=debug
2025-11-16T15:49:51.600Z [INFO]  provider: configuring client automatic mTLS
2025-11-16T15:49:51.613Z [DEBUG] provider: starting plugin: path=.terraform/providers/registry.terraform.io/hashicorp/helm/2.17.0/linux_amd64/terraform-provider-helm_v2.17.0_x5 args=[".terraform/providers/registry.terraform.io/hashicorp/helm/2.17.0/linux_amd64/terraform-provider-helm_v2.17.0_x5"]
2025-11-16T15:49:51.614Z [DEBUG] provider: plugin started: path=.terraform/providers/registry.terraform.io/hashicorp/helm/2.17.0/linux_amd64/terraform-provider-helm_v2.17.0_x5 pid=172368
2025-11-16T15:49:51.614Z [DEBUG] provider: waiting for RPC address: plugin=.terraform/providers/registry.terraform.io/hashicorp/helm/2.17.0/linux_amd64/terraform-provider-helm_v2.17.0_x5
2025-11-16T15:49:51.650Z [INFO]  provider.terraform-provider-helm_v2.17.0_x5: configuring server automatic mTLS: timestamp=2025-11-16T15:49:51.649Z
2025-11-16T15:49:51.678Z [DEBUG] provider: using plugin: version=5
2025-11-16T15:49:51.678Z [DEBUG] provider.terraform-provider-helm_v2.17.0_x5: plugin address: address=/tmp/plugin2461907884 network=unix timestamp=2025-11-16T15:49:51.678Z
2025-11-16T15:49:51.699Z [DEBUG] created provider logger: level=debug
2025-11-16T15:49:51.699Z [INFO]  provider: configuring client automatic mTLS
2025-11-16T15:49:51.712Z [DEBUG] provider: starting plugin: path=.terraform/providers/registry.terraform.io/hashicorp/kubernetes/2.38.0/linux_amd64/terraform-provider-kubernetes_v2.38.0_x5 args=[".terraform/providers/registry.terraform.io/hashicorp/kubernetes/2.38.0/linux_amd64/terraform-provider-kubernetes_v2.38.0_x5"]
2025-11-16T15:49:51.713Z [DEBUG] provider: plugin started: path=.terraform/providers/registry.terraform.io/hashicorp/kubernetes/2.38.0/linux_amd64/terraform-provider-kubernetes_v2.38.0_x5 pid=172377
2025-11-16T15:49:51.713Z [DEBUG] provider: waiting for RPC address: plugin=.terraform/providers/registry.terraform.io/hashicorp/kubernetes/2.38.0/linux_amd64/terraform-provider-kubernetes_v2.38.0_x5
2025-11-16T15:49:51.769Z [INFO]  provider.terraform-provider-kubernetes_v2.38.0_x5: configuring server automatic mTLS: timestamp=2025-11-16T15:49:51.769Z
2025-11-16T15:49:51.800Z [DEBUG] provider: using plugin: version=5
2025-11-16T15:49:51.800Z [DEBUG] provider.terraform-provider-kubernetes_v2.38.0_x5: plugin address: address=/tmp/plugin3741104687 network=unix timestamp=2025-11-16T15:49:51.800Z
2025-11-16T15:49:51.841Z [DEBUG] skipping FixUpBlockAttrs
2025-11-16T15:49:51.847Z [DEBUG] provider.stdio: received EOF, stopping recv loop: err="rpc error: code = Unavailable desc = error reading from server: EOF"
2025-11-16T15:49:51.850Z [INFO]  provider: plugin process exited: plugin=.terraform/providers/registry.terraform.io/hashicorp/kubernetes/2.38.0/linux_amd64/terraform-provider-kubernetes_v2.38.0_x5 id=172377
2025-11-16T15:49:51.850Z [DEBUG] provider: plugin exited
2025-11-16T15:49:51.851Z [DEBUG] provider.stdio: received EOF, stopping recv loop: err="rpc error: code = Unavailable desc = error reading from server: EOF"
2025-11-16T15:49:51.854Z [INFO]  provider: plugin process exited: plugin=.terraform/providers/registry.terraform.io/hashicorp/helm/2.17.0/linux_amd64/terraform-provider-helm_v2.17.0_x5 id=172368
2025-11-16T15:49:51.854Z [DEBUG] provider: plugin exited
2025-11-16T15:49:51.854Z [INFO]  backend/local: apply calling Plan
2025-11-16T15:49:51.854Z [DEBUG] Building and walking plan graph for NormalMode
2025-11-16T15:49:51.854Z [DEBUG] ProviderTransformer: "helm_release.kps (expand)" (*terraform.nodeExpandPlannableResource) needs provider["registry.terraform.io/hashicorp/helm"]
2025-11-16T15:49:51.854Z [DEBUG] ProviderTransformer: "kubernetes_namespace.monitoring (expand)" (*terraform.nodeExpandPlannableResource) needs provider["registry.terraform.io/hashicorp/kubernetes"]
2025-11-16T15:49:51.854Z [DEBUG] ProviderTransformer: "kubernetes_manifest.prometheus_service (expand)" (*terraform.nodeExpandPlannableResource) needs provider["registry.terraform.io/hashicorp/kubernetes"]
2025-11-16T15:49:51.854Z [DEBUG] ProviderTransformer: "kubernetes_ingress.monitoring_ingress (expand)" (*terraform.nodeExpandPlannableResource) needs provider["registry.terraform.io/hashicorp/kubernetes"]
2025-11-16T15:49:51.855Z [DEBUG] ReferenceTransformer: "provider[\"registry.terraform.io/hashicorp/helm\"]" references: []
2025-11-16T15:49:51.855Z [DEBUG] ReferenceTransformer: "provider[\"registry.terraform.io/hashicorp/kubernetes\"]" references: []
2025-11-16T15:49:51.855Z [DEBUG] ReferenceTransformer: "kubernetes_ingress.monitoring_ingress (expand)" references: []
2025-11-16T15:49:51.855Z [DEBUG] ReferenceTransformer: "helm_release.kps (expand)" references: [kubernetes_namespace.monitoring (expand) kubernetes_namespace.monitoring (expand)]
2025-11-16T15:49:51.855Z [DEBUG] ReferenceTransformer: "kubernetes_namespace.monitoring (expand)" references: []
2025-11-16T15:49:51.855Z [DEBUG] ReferenceTransformer: "kubernetes_manifest.prometheus_service (expand)" references: []
2025-11-16T15:49:51.855Z [DEBUG] ReferenceTransformer: "output.grafana_infos (expand)" references: []
2025-11-16T15:49:51.855Z [DEBUG] ReferenceTransformer: "output.prometheus_url (expand)" references: []
2025-11-16T15:49:51.856Z [DEBUG] Starting graph walk: walkPlan
2025-11-16T15:49:51.856Z [DEBUG] created provider logger: level=debug
2025-11-16T15:49:51.856Z [INFO]  provider: configuring client automatic mTLS
2025-11-16T15:49:51.870Z [DEBUG] provider: starting plugin: path=.terraform/providers/registry.terraform.io/hashicorp/helm/2.17.0/linux_amd64/terraform-provider-helm_v2.17.0_x5 args=[".terraform/providers/registry.terraform.io/hashicorp/helm/2.17.0/linux_amd64/terraform-provider-helm_v2.17.0_x5"]
2025-11-16T15:49:51.870Z [DEBUG] provider: plugin started: path=.terraform/providers/registry.terraform.io/hashicorp/helm/2.17.0/linux_amd64/terraform-provider-helm_v2.17.0_x5 pid=172386
2025-11-16T15:49:51.870Z [DEBUG] provider: waiting for RPC address: plugin=.terraform/providers/registry.terraform.io/hashicorp/helm/2.17.0/linux_amd64/terraform-provider-helm_v2.17.0_x5
2025-11-16T15:49:51.903Z [INFO]  provider.terraform-provider-helm_v2.17.0_x5: configuring server automatic mTLS: timestamp=2025-11-16T15:49:51.903Z
2025-11-16T15:49:51.934Z [DEBUG] provider: using plugin: version=5
2025-11-16T15:49:51.934Z [DEBUG] provider.terraform-provider-helm_v2.17.0_x5: plugin address: address=/tmp/plugin4000799081 network=unix timestamp=2025-11-16T15:49:51.934Z
2025-11-16T15:49:51.955Z [DEBUG] created provider logger: level=debug
2025-11-16T15:49:51.955Z [INFO]  provider: configuring client automatic mTLS
2025-11-16T15:49:51.957Z [WARN]  ValidateProviderConfig from "provider[\"registry.terraform.io/hashicorp/helm\"]" changed the config value, but that value is unused
2025-11-16T15:49:51.969Z [DEBUG] provider: starting plugin: path=.terraform/providers/registry.terraform.io/hashicorp/kubernetes/2.38.0/linux_amd64/terraform-provider-kubernetes_v2.38.0_x5 args=[".terraform/providers/registry.terraform.io/hashicorp/kubernetes/2.38.0/linux_amd64/terraform-provider-kubernetes_v2.38.0_x5"]
2025-11-16T15:49:51.969Z [DEBUG] provider: plugin started: path=.terraform/providers/registry.terraform.io/hashicorp/kubernetes/2.38.0/linux_amd64/terraform-provider-kubernetes_v2.38.0_x5 pid=172395
2025-11-16T15:49:51.969Z [DEBUG] provider: waiting for RPC address: plugin=.terraform/providers/registry.terraform.io/hashicorp/kubernetes/2.38.0/linux_amd64/terraform-provider-kubernetes_v2.38.0_x5
2025-11-16T15:49:52.026Z [INFO]  provider.terraform-provider-kubernetes_v2.38.0_x5: configuring server automatic mTLS: timestamp=2025-11-16T15:49:52.026Z
2025-11-16T15:49:52.046Z [DEBUG] provider: using plugin: version=5
2025-11-16T15:49:52.046Z [DEBUG] provider.terraform-provider-kubernetes_v2.38.0_x5: plugin address: address=/tmp/plugin2391626838 network=unix timestamp=2025-11-16T15:49:52.045Z
2025-11-16T15:49:52.061Z [INFO]  provider.terraform-provider-helm_v2.17.0_x5: 2025/11/16 15:49:52 [DEBUG] Experiments enabled: []: timestamp=2025-11-16T15:49:52.060Z
2025-11-16T15:49:52.080Z [DEBUG] provider.terraform-provider-kubernetes_v2.38.0_x5: 2025/11/16 15:49:52 [DEBUG] Using kubeconfig: /root/.kube/config
2025-11-16T15:49:52.081Z [DEBUG] provider.terraform-provider-kubernetes_v2.38.0_x5: 2025/11/16 15:49:52 [DEBUG] Enabling HTTP requests/responses tracing
2025-11-16T15:49:52.082Z [DEBUG] ReferenceTransformer: "kubernetes_manifest.prometheus_service" references: []
2025-11-16T15:49:52.082Z [DEBUG] Resource instance state not found for node "kubernetes_ingress.monitoring_ingress", instance kubernetes_ingress.monitoring_ingress
2025-11-16T15:49:52.082Z [DEBUG] UpgradeResourceState: ignoring dynamic block: map[string]interface {}{"type":[]interface {}{"object", map[string]interface {}{"apiVersion":"string", "kind":"string", "metadata":[]interface {}{"object", map[string]interface {}{"name":"string", "namespace":"string"}}, "spec":[]interface {}{"object", map[string]interface {}{"ports":[]interface {}{"tuple", []interface {}{[]interface {}{"object", map[string]interface {}{"port":"number", "protocol":"string", "targetPort":"number"}}}}, "selector":[]interface {}{"object", map[string]interface {}{"app":"string"}}, "type":"string"}}}}, "value":map[string]interface {}{"apiVersion":"v1", "kind":"Service", "metadata":map[string]interface {}{"name":"prometheus-server", "namespace":"monitoring"}, "spec":map[string]interface {}{"ports":[]interface {}{map[string]interface {}{"port":9090, "protocol":"TCP", "targetPort":9090}}, "selector":map[string]interface {}{"app":"prometheus"}, "type":"LoadBalancer"}}}
2025-11-16T15:49:52.082Z [DEBUG] ReferenceTransformer: "kubernetes_ingress.monitoring_ingress" references: []
2025-11-16T15:49:52.082Z [DEBUG] UpgradeResourceState: ignoring dynamic block: map[string]interface {}{"type":[]interface {}{"object", map[string]interface {}{"apiVersion":"string", "kind":"string", "metadata":[]interface {}{"object", map[string]interface {}{"annotations":[]interface {}{"map", "string"}, "creationTimestamp":"string", "deletionGracePeriodSeconds":"number", "deletionTimestamp":"string", "finalizers":[]interface {}{"list", "string"}, "generateName":"string", "generation":"number", "labels":[]interface {}{"map", "string"}, "managedFields":[]interface {}{"tuple", []interface {}{[]interface {}{"object", map[string]interface {}{"apiVersion":"string", "fieldsType":"string", "fieldsV1":"dynamic", "manager":"string", "operation":"string", "subresource":"string", "time":"string"}}}}, "name":"string", "namespace":"string", "ownerReferences":[]interface {}{"list", []interface {}{"object", map[string]interface {}{"apiVersion":"string", "blockOwnerDeletion":"bool", "controller":"bool", "kind":"string", "name":"string", "uid":"string"}}}, "resourceVersion":"string", "selfLink":"string", "uid":"string"}}, "spec":[]interface {}{"object", map[string]interface {}{"allocateLoadBalancerNodePorts":"bool", "clusterIP":"string", "clusterIPs":[]interface {}{"list", "string"}, "externalIPs":[]interface {}{"list", "string"}, "externalName":"string", "externalTrafficPolicy":"string", "healthCheckNodePort":"number", "internalTrafficPolicy":"string", "ipFamilies":[]interface {}{"list", "string"}, "ipFamilyPolicy":"string", "loadBalancerClass":"string", "loadBalancerIP":"string", "loadBalancerSourceRanges":[]interface {}{"list", "string"}, "ports":[]interface {}{"list", []interface {}{"object", map[string]interface {}{"appProtocol":"string", "name":"string", "nodePort":"number", "port":"number", "protocol":"string", "targetPort":"string"}}}, "publishNotReadyAddresses":"bool", "selector":[]interface {}{"map", "string"}, "sessionAffinity":"string", "sessionAffinityConfig":[]interface {}{"object", map[string]interface {}{"clientIP":[]interface {}{"object", map[string]interface {}{"timeoutSeconds":"number"}}}}, "trafficDistribution":"string", "type":"string"}}}}, "value":map[string]interface {}{"apiVersion":"v1", "kind":"Service", "metadata":map[string]interface {}{"annotations":interface {}(nil), "creationTimestamp":interface {}(nil), "deletionGracePeriodSeconds":interface {}(nil), "deletionTimestamp":interface {}(nil), "finalizers":interface {}(nil), "generateName":interface {}(nil), "generation":interface {}(nil), "labels":interface {}(nil), "managedFields":interface {}(nil), "name":"prometheus-server", "namespace":"monitoring", "ownerReferences":interface {}(nil), "resourceVersion":interface {}(nil), "selfLink":interface {}(nil), "uid":interface {}(nil)}, "spec":map[string]interface {}{"allocateLoadBalancerNodePorts":true, "clusterIP":"10.109.87.174", "clusterIPs":[]interface {}{"10.109.87.174"}, "externalIPs":interface {}(nil), "externalName":interface {}(nil), "externalTrafficPolicy":"Cluster", "healthCheckNodePort":interface {}(nil), "internalTrafficPolicy":"Cluster", "ipFamilies":[]interface {}{"IPv4"}, "ipFamilyPolicy":"SingleStack", "loadBalancerClass":interface {}(nil), "loadBalancerIP":interface {}(nil), "loadBalancerSourceRanges":interface {}(nil), "ports":[]interface {}{map[string]interface {}{"appProtocol":interface {}(nil), "name":interface {}(nil), "nodePort":32426, "port":9090, "protocol":"TCP", "targetPort":"9090"}}, "publishNotReadyAddresses":interface {}(nil), "selector":map[string]interface {}{"app":"prometheus"}, "sessionAffinity":"None", "sessionAffinityConfig":map[string]interface {}{"clientIP":map[string]interface {}{"timeoutSeconds":interface {}(nil)}}, "trafficDistribution":interface {}(nil), "type":"LoadBalancer"}}}
2025-11-16T15:49:52.083Z [DEBUG] ReferenceTransformer: "kubernetes_namespace.monitoring" references: []
2025-11-16T15:49:52.083Z [DEBUG] refresh: kubernetes_ingress.monitoring_ingress: no state, so not refreshing
2025-11-16T15:49:52.086Z [DEBUG] provider.terraform-provider-kubernetes_v2.38.0_x5: 2025/11/16 15:49:52 [INFO] Checking namespace monitoring
2025-11-16T15:49:52.087Z [DEBUG] provider.terraform-provider-kubernetes_v2.38.0_x5: Sending HTTP Request: new_logger_warning="This log was generated by a subsystem logger that wasn't created before being used. Use tflog.NewSubsystem to create this logger before it is used." Accept="application/json, */*" Accept-Encoding=gzip tf_http_req_method=GET tf_http_req_uri=/api/v1/namespaces/monitoring tf_http_req_version=HTTP/1.1 Host=91.98.16.184:6443 User-Agent="HashiCorp/1.0 Terraform/1.9.8" tf_http_trans_id=360f866a-8f2b-2e44-155a-52b8c19d94ff @caller=github.com/hashicorp/terraform-plugin-sdk/v2@v2.37.0/helper/logging/logging_http_transport.go:160 @module=kubernetes.Kubernetes tf_http_op_type=request tf_http_req_body="" timestamp=2025-11-16T15:49:52.087Z
2025-11-16T15:49:52.188Z [DEBUG] provider.terraform-provider-kubernetes_v2.38.0_x5: Received HTTP Response: @caller=github.com/hashicorp/terraform-plugin-sdk/v2@v2.37.0/helper/logging/logging_http_transport.go:160 X-Kubernetes-Pf-Flowschema-Uid=24ef9050-0ff9-4e4e-b810-9e682b32e548 tf_http_res_status_reason="200 OK" tf_http_res_version=HTTP/2.0 Content-Length=703 tf_http_res_status_code=200 tf_http_trans_id=360f866a-8f2b-2e44-155a-52b8c19d94ff
  tf_http_res_body=
  | {"kind":"Namespace","apiVersion":"v1","metadata":{"name":"monitoring","uid":"1fce642b-ebce-427a-ae8e-07b0b653b297","resourceVersion":"2016275","creationTimestamp":"2025-11-16T10:59:25Z","labels":{"kubernetes.io/metadata.name":"monitoring","pod-security.kubernetes.io/audit":"restricted","pod-security.kubernetes.io/enforce":"baseline"},"managedFields":[{"manager":"HashiCorp","operation":"Update","apiVersion":"v1","time":"2025-11-16T10:59:25Z","fieldsType":"FieldsV1","fieldsV1":{"f:metadata":{"f:labels":{".":{},"f:kubernetes.io/metadata.name":{},"f:pod-security.kubernetes.io/audit":{},"f:pod-security.kubernetes.io/enforce":{}}}}}]},"spec":{"finalizers":["kubernetes"]},"status":{"phase":"Active"}}
   @module=kubernetes.Kubernetes Cache-Control="no-cache, private" Content-Type=application/json Date="Sun, 16 Nov 2025 15:49:52 GMT" tf_http_op_type=response Audit-Id=5fd8d501-51dc-44cb-be0c-7a04d735dd3f X-Kubernetes-Pf-Prioritylevel-Uid=debe343a-fda0-4702-9e46-7980016434a2 new_logger_warning="This log was generated by a subsystem logger that wasn't created before being used. Use tflog.NewSubsystem to create this logger before it is used." timestamp=2025-11-16T15:49:52.188Z
2025-11-16T15:49:52.188Z [DEBUG] provider.terraform-provider-kubernetes_v2.38.0_x5: 2025/11/16 15:49:52 [INFO] Namespace monitoring exists
2025-11-16T15:49:52.188Z [DEBUG] provider.terraform-provider-kubernetes_v2.38.0_x5: 2025/11/16 15:49:52 [INFO] Reading namespace monitoring
2025-11-16T15:49:52.189Z [DEBUG] provider.terraform-provider-kubernetes_v2.38.0_x5: Sending HTTP Request: new_logger_warning="This log was generated by a subsystem logger that wasn't created before being used. Use tflog.NewSubsystem to create this logger before it is used." tf_http_op_type=request @module=kubernetes.Kubernetes Accept-Encoding=gzip tf_http_req_uri=/api/v1/namespaces/monitoring tf_http_trans_id=cd0f597f-2070-096e-8a6a-307c0ee40586 @caller=github.com/hashicorp/terraform-plugin-sdk/v2@v2.37.0/helper/logging/logging_http_transport.go:160 tf_http_req_method=GET Accept="application/json, */*" User-Agent="HashiCorp/1.0 Terraform/1.9.8" tf_http_req_version=HTTP/1.1 Host=91.98.16.184:6443 tf_http_req_body="" timestamp=2025-11-16T15:49:52.189Z
2025-11-16T15:49:52.216Z [DEBUG] provider.terraform-provider-kubernetes_v2.38.0_x5: Received HTTP Response: @caller=github.com/hashicorp/terraform-plugin-sdk/v2@v2.37.0/helper/logging/logging_http_transport.go:160 Content-Length=703 Date="Sun, 16 Nov 2025 15:49:52 GMT"
  tf_http_res_body=
  | {"kind":"Namespace","apiVersion":"v1","metadata":{"name":"monitoring","uid":"1fce642b-ebce-427a-ae8e-07b0b653b297","resourceVersion":"2016275","creationTimestamp":"2025-11-16T10:59:25Z","labels":{"kubernetes.io/metadata.name":"monitoring","pod-security.kubernetes.io/audit":"restricted","pod-security.kubernetes.io/enforce":"baseline"},"managedFields":[{"manager":"HashiCorp","operation":"Update","apiVersion":"v1","time":"2025-11-16T10:59:25Z","fieldsType":"FieldsV1","fieldsV1":{"f:metadata":{"f:labels":{".":{},"f:kubernetes.io/metadata.name":{},"f:pod-security.kubernetes.io/audit":{},"f:pod-security.kubernetes.io/enforce":{}}}}}]},"spec":{"finalizers":["kubernetes"]},"status":{"phase":"Active"}}
   @module=kubernetes.Kubernetes Audit-Id=9808de21-08ba-41b3-9ffe-da5722f524cb Content-Type=application/json X-Kubernetes-Pf-Prioritylevel-Uid=debe343a-fda0-4702-9e46-7980016434a2 new_logger_warning="This log was generated by a subsystem logger that wasn't created before being used. Use tflog.NewSubsystem to create this logger before it is used." tf_http_trans_id=cd0f597f-2070-096e-8a6a-307c0ee40586 Cache-Control="no-cache, private" tf_http_op_type=response tf_http_res_status_code=200 X-Kubernetes-Pf-Flowschema-Uid=24ef9050-0ff9-4e4e-b810-9e682b32e548 tf_http_res_status_reason="200 OK" tf_http_res_version=HTTP/2.0 timestamp=2025-11-16T15:49:52.215Z
2025-11-16T15:49:52.216Z [DEBUG] provider.terraform-provider-kubernetes_v2.38.0_x5: 2025/11/16 15:49:52 [INFO] Received namespace: &v1.Namespace{TypeMeta:v1.TypeMeta{Kind:"", APIVersion:""}, ObjectMeta:v1.ObjectMeta{Name:"monitoring", GenerateName:"", Namespace:"", SelfLink:"", UID:"1fce642b-ebce-427a-ae8e-07b0b653b297", ResourceVersion:"2016275", Generation:0, CreationTimestamp:time.Date(2025, time.November, 16, 10, 59, 25, 0, time.Local), DeletionTimestamp:<nil>, DeletionGracePeriodSeconds:(*int64)(nil), Labels:map[string]string{"kubernetes.io/metadata.name":"monitoring", "pod-security.kubernetes.io/audit":"restricted", "pod-security.kubernetes.io/enforce":"baseline"}, Annotations:map[string]string(nil), OwnerReferences:[]v1.OwnerReference(nil), Finalizers:[]string(nil), ManagedFields:[]v1.ManagedFieldsEntry{v1.ManagedFieldsEntry{Manager:"HashiCorp", Operation:"Update", APIVersion:"v1", Time:time.Date(2025, time.November, 16, 10, 59, 25, 0, time.Local), FieldsType:"FieldsV1", FieldsV1:(*v1.FieldsV1)(0xc0012e8b88), Subresource:""}}}, Spec:v1.NamespaceSpec{Finalizers:[]v1.FinalizerName{"kubernetes"}}, Status:v1.NamespaceStatus{Phase:"Active", Conditions:[]v1.NamespaceCondition(nil)}}
2025-11-16T15:49:52.220Z [WARN]  Provider "registry.terraform.io/hashicorp/kubernetes" produced an invalid plan for kubernetes_namespace.monitoring, but we are tolerating it because it is using the legacy plugin SDK.
    The following problems may be the cause of any confusing errors from downstream operations:
      - .wait_for_default_service_account: planned value cty.False for a non-computed attribute
      - .metadata[0].annotations: planned value cty.MapValEmpty(cty.String) for a non-computed attribute
      - .metadata[0].generate_name: planned value cty.StringVal("") for a non-computed attribute
2025-11-16T15:49:52.220Z [DEBUG] Resource instance state not found for node "helm_release.kps", instance helm_release.kps
2025-11-16T15:49:52.221Z [DEBUG] ReferenceTransformer: "helm_release.kps" references: []
2025-11-16T15:49:52.221Z [DEBUG] refresh: helm_release.kps: no state, so not refreshing
2025-11-16T15:49:52.230Z [INFO]  provider.terraform-provider-helm_v2.17.0_x5: 2025/11/16 15:49:52 [DEBUG] [resourceDiff: kube-prometheus-stack] Start: timestamp=2025-11-16T15:49:52.230Z
2025-11-16T15:49:52.230Z [INFO]  provider.terraform-provider-helm_v2.17.0_x5: 2025/11/16 15:49:52 [DEBUG] [resourceDiff: kube-prometheus-stack] upgrade_install is enabled: false: timestamp=2025-11-16T15:49:52.230Z
2025-11-16T15:49:52.230Z [INFO]  provider.terraform-provider-helm_v2.17.0_x5: 2025/11/16 15:49:52 [DEBUG] [resourceDiff: kube-prometheus-stack] targetVersion for release kube-prometheus-stack: '60.3.0': timestamp=2025-11-16T15:49:52.230Z
2025-11-16T15:49:52.230Z [INFO]  provider.terraform-provider-helm_v2.17.0_x5: 2025/11/16 15:49:52 [DEBUG] [INFO] GetHelmConfiguration start: timestamp=2025-11-16T15:49:52.230Z
2025-11-16T15:49:52.230Z [INFO]  provider.terraform-provider-helm_v2.17.0_x5: 2025/11/16 15:49:52 [DEBUG] Using kubeconfig: /root/.kube/config: timestamp=2025-11-16T15:49:52.230Z
2025-11-16T15:49:52.231Z [INFO]  provider.terraform-provider-helm_v2.17.0_x5: 2025/11/16 15:49:52 [INFO] Successfully initialized kubernetes config: timestamp=2025-11-16T15:49:52.230Z
2025-11-16T15:49:52.231Z [INFO]  provider.terraform-provider-helm_v2.17.0_x5: 2025/11/16 15:49:52 [DEBUG] [INFO] GetHelmConfiguration success: timestamp=2025-11-16T15:49:52.231Z
2025-11-16T15:49:54.282Z [INFO]  provider.terraform-provider-helm_v2.17.0_x5: 2025/11/16 15:49:54 [DEBUG] [resourceDiff: kube-prometheus-stack] Got chart kube-prometheus-stack version 60.3.0: timestamp=2025-11-16T15:49:54.282Z
2025-11-16T15:49:54.282Z [INFO]  provider.terraform-provider-helm_v2.17.0_x5: 2025/11/16 15:49:54 [DEBUG] [resourceDiff: kube-prometheus-stack] Release validated: timestamp=2025-11-16T15:49:54.282Z
2025-11-16T15:49:54.282Z [INFO]  provider.terraform-provider-helm_v2.17.0_x5: 2025/11/16 15:49:54 [DEBUG] [resourceDiff: kube-prometheus-stack] setting version to 60.3.0: timestamp=2025-11-16T15:49:54.282Z
2025-11-16T15:49:54.282Z [INFO]  provider.terraform-provider-helm_v2.17.0_x5: 2025/11/16 15:49:54 [DEBUG] [resourceDiff: kube-prometheus-stack] Done: timestamp=2025-11-16T15:49:54.282Z
2025-11-16T15:49:54.284Z [WARN]  Provider "registry.terraform.io/hashicorp/helm" produced an invalid plan for helm_release.kps, but we are tolerating it because it is using the legacy plugin SDK.
    The following problems may be the cause of any confusing errors from downstream operations:
      - .lint: planned value cty.False for a non-computed attribute
      - .render_subchart_notes: planned value cty.True for a non-computed attribute
      - .force_update: planned value cty.False for a non-computed attribute
      - .wait_for_jobs: planned value cty.False for a non-computed attribute
      - .dependency_update: planned value cty.False for a non-computed attribute
      - .create_namespace: planned value cty.False for a non-computed attribute
      - .disable_crd_hooks: planned value cty.False for a non-computed attribute
      - .disable_webhooks: planned value cty.False for a non-computed attribute
      - .replace: planned value cty.False for a non-computed attribute
      - .reset_values: planned value cty.False for a non-computed attribute
      - .atomic: planned value cty.False for a non-computed attribute
      - .skip_crds: planned value cty.False for a non-computed attribute
      - .timeout: planned value cty.NumberIntVal(300) for a non-computed attribute
      - .recreate_pods: planned value cty.False for a non-computed attribute
      - .verify: planned value cty.False for a non-computed attribute
      - .disable_openapi_validation: planned value cty.False for a non-computed attribute
      - .reuse_values: planned value cty.False for a non-computed attribute
      - .wait: planned value cty.True for a non-computed attribute
      - .max_history: planned value cty.NumberIntVal(0) for a non-computed attribute
      - .pass_credentials: planned value cty.False for a non-computed attribute
2025-11-16T15:49:54.285Z [DEBUG] provider.stdio: received EOF, stopping recv loop: err="rpc error: code = Unavailable desc = error reading from server: EOF"
2025-11-16T15:49:54.290Z [DEBUG] provider.terraform-provider-kubernetes_v2.38.0_x5: 2025-11-16T15:49:54.290Z [DEBUG] [UpgradeResourceState]: morphed object="tftypes.Object[\"apiVersion\":tftypes.String, \"kind\":tftypes.String, \"metadata\":tftypes.Object[\"annotations\":tftypes.Map[tftypes.String], \"creationTimestamp\":tftypes.String, \"deletionGracePeriodSeconds\":tftypes.Number, \"deletionTimestamp\":tftypes.String, \"finalizers\":tftypes.List[tftypes.String], \"generateName\":tftypes.String, \"generation\":tftypes.Number, \"labels\":tftypes.Map[tftypes.String], \"managedFields\":tftypes.Tuple[tftypes.Object[\"apiVersion\":tftypes.String, \"fieldsType\":tftypes.String, \"fieldsV1\":tftypes.DynamicPseudoType, \"manager\":tftypes.String, \"operation\":tftypes.String, \"subresource\":tftypes.String, \"time\":tftypes.String]], \"name\":tftypes.String, \"namespace\":tftypes.String, \"ownerReferences\":tftypes.List[tftypes.Object[\"apiVersion\":tftypes.String, \"blockOwnerDeletion\":tftypes.Bool, \"controller\":tftypes.Bool, \"kind\":tftypes.String, \"name\":tftypes.String, \"uid\":tftypes.String]], \"resourceVersion\":tftypes.String, \"selfLink\":tftypes.String, \"uid\":tftypes.String], \"spec\":tftypes.Object[\"allocateLoadBalancerNodePorts\":tftypes.Bool, \"clusterIP\":tftypes.String, \"clusterIPs\":tftypes.List[tftypes.String], \"externalIPs\":tftypes.List[tftypes.String], \"externalName\":tftypes.String, \"externalTrafficPolicy\":tftypes.String, \"healthCheckNodePort\":tftypes.Number, \"internalTrafficPolicy\":tftypes.String, \"ipFamilies\":tftypes.List[tftypes.String], \"ipFamilyPolicy\":tftypes.String, \"loadBalancerClass\":tftypes.String, \"loadBalancerIP\":tftypes.String, \"loadBalancerSourceRanges\":tftypes.List[tftypes.String], \"ports\":tftypes.List[tftypes.Object[\"appProtocol\":tftypes.String, \"name\":tftypes.String, \"nodePort\":tftypes.Number, \"port\":tftypes.Number, \"protocol\":tftypes.String, \"targetPort\":tftypes.String]], \"publishNotReadyAddresses\":tftypes.Bool, \"selector\":tftypes.Map[tftypes.String], \"sessionAffinity\":tftypes.String, \"sessionAffinityConfig\":tftypes.Object[\"clientIP\":tftypes.Object[\"timeoutSeconds\":tftypes.Number]], \"trafficDistribution\":tftypes.String, \"type\":tftypes.String]]<\"apiVersion\":tftypes.String<\"v1\">, \"kind\":tftypes.String<\"Service\">, \"metadata\":tftypes.Object[\"annotations\":tftypes.Map[tftypes.String], \"creationTimestamp\":tftypes.String, \"deletionGracePeriodSeconds\":tftypes.Number, \"deletionTimestamp\":tftypes.String, \"finalizers\":tftypes.List[tftypes.String], \"generateName\":tftypes.String, \"generation\":tftypes.Number, \"labels\":tftypes.Map[tftypes.String], \"managedFields\":tftypes.Tuple[tftypes.Object[\"apiVersion\":tftypes.String, \"fieldsType\":tftypes.String, \"fieldsV1\":tftypes.DynamicPseudoType, \"manager\":tftypes.String, \"operation\":tftypes.String, \"subresource\":tftypes.String, \"time\":tftypes.String]], \"name\":tftypes.String, \"namespace\":tftypes.String, \"ownerReferences\":tftypes.List[tftypes.Object[\"apiVersion\":tftypes.String, \"blockOwnerDeletion\":tftypes.Bool, \"controller\":tftypes.Bool, \"kind\":tftypes.String, \"name\":tftypes.String, \"uid\":tftypes.String]], \"resourceVersion\":tftypes.String, \"selfLink\":tftypes.String, \"uid\":tftypes.String]<\"annotations\":tftypes.Map[tftypes.String]<null>, \"creationTimestamp\":tftypes.String<null>, \"deletionGracePeriodSeconds\":tftypes.Number<null>, \"deletionTimestamp\":tftypes.String<null>, \"finalizers\":tftypes.List[tftypes.String]<null>, \"generateName\":tftypes.String<null>, \"generation\":tftypes.Number<null>, \"labels\":tftypes.Map[tftypes.String]<null>, \"managedFields\":tftypes.Tuple[tftypes.Object[\"apiVersion\":tftypes.String, \"fieldsType\":tftypes.String, \"fieldsV1\":tftypes.DynamicPseudoType, \"manager\":tftypes.String, \"operation\":tftypes.String, \"subresource\":tftypes.String, \"time\":tftypes.String]]<null>, \"name\":tftypes.String<\"prometheus-server\">, \"namespace\":tftypes.String<\"monitoring\">, \"ownerReferences\":tftypes.List[tftypes.Object[\"apiVersion\":tftypes.String, \"blockOwnerDeletion\":tftypes.Bool, \"controller\":tftypes.Bool, \"kind\":tftypes.String, \"name\":tftypes.String, \"uid\":tftypes.String]]<null>, \"resourceVersion\":tftypes.String<null>, \"selfLink\":tftypes.String<null>, \"uid\":tftypes.String<null>>, \"spec\":tftypes.Object[\"allocateLoadBalancerNodePorts\":tftypes.Bool, \"clusterIP\":tftypes.String, \"clusterIPs\":tftypes.List[tftypes.String], \"externalIPs\":tftypes.List[tftypes.String], \"externalName\":tftypes.String, \"externalTrafficPolicy\":tftypes.String, \"healthCheckNodePort\":tftypes.Number, \"internalTrafficPolicy\":tftypes.String, \"ipFamilies\":tftypes.List[tftypes.String], \"ipFamilyPolicy\":tftypes.String, \"loadBalancerClass\":tftypes.String, \"loadBalancerIP\":tftypes.String, \"loadBalancerSourceRanges\":tftypes.List[tftypes.String], \"ports\":tftypes.List[tftypes.Object[\"appProtocol\":tftypes.String, \"name\":tftypes.String, \"nodePort\":tftypes.Number, \"port\":tftypes.Number, \"protocol\":tftypes.String, \"targetPort\":tftypes.String]], \"publishNotReadyAddresses\":tftypes.Bool, \"selector\":tftypes.Map[tftypes.String], \"sessionAffinity\":tftypes.String, \"sessionAffinityConfig\":tftypes.Object[\"clientIP\":tftypes.Object[\"timeoutSeconds\":tftypes.Number]], \"trafficDistribution\":tftypes.String, \"type\":tftypes.String]<\"allocateLoadBalancerNodePorts\":tftypes.Bool<\"true\">, \"clusterIP\":tftypes.String<\"10.109.87.174\">, \"clusterIPs\":tftypes.List[tftypes.String]<tftypes.String<\"10.109.87.174\">>, \"externalIPs\":tftypes.List[tftypes.String]<null>, \"externalName\":tftypes.String<null>, \"externalTrafficPolicy\":tftypes.String<\"Cluster\">, \"healthCheckNodePort\":tftypes.Number<null>, \"internalTrafficPolicy\":tftypes.String<\"Cluster\">, \"ipFamilies\":tftypes.List[tftypes.String]<tftypes.String<\"IPv4\">>, \"ipFamilyPolicy\":tftypes.String<\"SingleStack\">, \"loadBalancerClass\":tftypes.String<null>, \"loadBalancerIP\":tftypes.String<null>, \"loadBalancerSourceRanges\":tftypes.List[tftypes.String]<null>, \"ports\":tftypes.List[tftypes.Object[\"appProtocol\":tftypes.String, \"name\":tftypes.String, \"nodePort\":tftypes.Number, \"port\":tftypes.Number, \"protocol\":tftypes.String, \"targetPort\":tftypes.String]]<tftypes.Object[\"appProtocol\":tftypes.String, \"name\":tftypes.String, \"nodePort\":tftypes.Number, \"port\":tftypes.Number, \"protocol\":tftypes.String, \"targetPort\":tftypes.String]<\"appProtocol\":tftypes.String<null>, \"name\":tftypes.String<null>, \"nodePort\":tftypes.Number<\"32426\">, \"port\":tftypes.Number<\"9090\">, \"protocol\":tftypes.String<\"TCP\">, \"targetPort\":tftypes.String<\"9090\">>>, \"publishNotReadyAddresses\":tftypes.Bool<null>, \"selector\":tftypes.Map[tftypes.String]<\"app\":tftypes.String<\"prometheus\">>, \"sessionAffinity\":tftypes.String<\"None\">, \"sessionAffinityConfig\":tftypes.Object[\"clientIP\":tftypes.Object[\"timeoutSeconds\":tftypes.Number]]<\"clientIP\":tftypes.Object[\"timeoutSeconds\":tftypes.Number]<\"timeoutSeconds\":tftypes.Number<null>>>, \"trafficDistribution\":tftypes.String<null>, \"type\":tftypes.String<\"LoadBalancer\">>>"
2025-11-16T15:49:54.294Z [INFO]  provider: plugin process exited: plugin=.terraform/providers/registry.terraform.io/hashicorp/helm/2.17.0/linux_amd64/terraform-provider-helm_v2.17.0_x5 id=172386
2025-11-16T15:49:54.294Z [DEBUG] provider: plugin exited
2025-11-16T15:49:54.329Z [DEBUG] skipping FixUpBlockAttrs
2025-11-16T15:49:54.337Z [DEBUG] provider.terraform-provider-kubernetes_v2.38.0_x5: 2025-11-16T15:49:54.337Z [DEBUG] [PlanUpdateResource]: OAPI type="tftypes.Object[\"apiVersion\":tftypes.String, \"kind\":tftypes.String, \"metadata\":tftypes.Object[\"annotations\":tftypes.Map[tftypes.String], \"creationTimestamp\":tftypes.String, \"deletionGracePeriodSeconds\":tftypes.Number, \"deletionTimestamp\":tftypes.String, \"finalizers\":tftypes.List[tftypes.String], \"generateName\":tftypes.String, \"generation\":tftypes.Number, \"labels\":tftypes.Map[tftypes.String], \"managedFields\":tftypes.Tuple[tftypes.Object[\"apiVersion\":tftypes.String, \"fieldsType\":tftypes.String, \"fieldsV1\":tftypes.DynamicPseudoType, \"manager\":tftypes.String, \"operation\":tftypes.String, \"subresource\":tftypes.String, \"time\":tftypes.String]], \"name\":tftypes.String, \"namespace\":tftypes.String, \"ownerReferences\":tftypes.List[tftypes.Object[\"apiVersion\":tftypes.String, \"blockOwnerDeletion\":tftypes.Bool, \"controller\":tftypes.Bool, \"kind\":tftypes.String, \"name\":tftypes.String, \"uid\":tftypes.String]], \"resourceVersion\":tftypes.String, \"selfLink\":tftypes.String, \"uid\":tftypes.String], \"spec\":tftypes.Object[\"allocateLoadBalancerNodePorts\":tftypes.Bool, \"clusterIP\":tftypes.String, \"clusterIPs\":tftypes.List[tftypes.String], \"externalIPs\":tftypes.List[tftypes.String], \"externalName\":tftypes.String, \"externalTrafficPolicy\":tftypes.String, \"healthCheckNodePort\":tftypes.Number, \"internalTrafficPolicy\":tftypes.String, \"ipFamilies\":tftypes.List[tftypes.String], \"ipFamilyPolicy\":tftypes.String, \"loadBalancerClass\":tftypes.String, \"loadBalancerIP\":tftypes.String, \"loadBalancerSourceRanges\":tftypes.List[tftypes.String], \"ports\":tftypes.List[tftypes.Object[\"appProtocol\":tftypes.String, \"name\":tftypes.String, \"nodePort\":tftypes.Number, \"port\":tftypes.Number, \"protocol\":tftypes.String, \"targetPort\":tftypes.String]], \"publishNotReadyAddresses\":tftypes.Bool, \"selector\":tftypes.Map[tftypes.String], \"sessionAffinity\":tftypes.String, \"sessionAffinityConfig\":tftypes.Object[\"clientIP\":tftypes.Object[\"timeoutSeconds\":tftypes.Number]], \"trafficDistribution\":tftypes.String, \"type\":tftypes.String]]"
2025-11-16T15:49:54.337Z [DEBUG] provider.terraform-provider-kubernetes_v2.38.0_x5: 2025-11-16T15:49:54.337Z [DEBUG] [PlanResourceChange]: morphed manifest="tftypes.Object[\"apiVersion\":tftypes.String, \"kind\":tftypes.String, \"metadata\":tftypes.Object[\"annotations\":tftypes.Map[tftypes.String], \"creationTimestamp\":tftypes.String, \"deletionGracePeriodSeconds\":tftypes.Number, \"deletionTimestamp\":tftypes.String, \"finalizers\":tftypes.List[tftypes.String], \"generateName\":tftypes.String, \"generation\":tftypes.Number, \"labels\":tftypes.Map[tftypes.String], \"managedFields\":tftypes.Tuple[tftypes.Object[\"apiVersion\":tftypes.String, \"fieldsType\":tftypes.String, \"fieldsV1\":tftypes.DynamicPseudoType, \"manager\":tftypes.String, \"operation\":tftypes.String, \"subresource\":tftypes.String, \"time\":tftypes.String]], \"name\":tftypes.String, \"namespace\":tftypes.String, \"ownerReferences\":tftypes.List[tftypes.Object[\"apiVersion\":tftypes.String, \"blockOwnerDeletion\":tftypes.Bool, \"controller\":tftypes.Bool, \"kind\":tftypes.String, \"name\":tftypes.String, \"uid\":tftypes.String]], \"resourceVersion\":tftypes.String, \"selfLink\":tftypes.String, \"uid\":tftypes.String], \"spec\":tftypes.Object[\"allocateLoadBalancerNodePorts\":tftypes.Bool, \"clusterIP\":tftypes.String, \"clusterIPs\":tftypes.List[tftypes.String], \"externalIPs\":tftypes.List[tftypes.String], \"externalName\":tftypes.String, \"externalTrafficPolicy\":tftypes.String, \"healthCheckNodePort\":tftypes.Number, \"internalTrafficPolicy\":tftypes.String, \"ipFamilies\":tftypes.List[tftypes.String], \"ipFamilyPolicy\":tftypes.String, \"loadBalancerClass\":tftypes.String, \"loadBalancerIP\":tftypes.String, \"loadBalancerSourceRanges\":tftypes.List[tftypes.String], \"ports\":tftypes.List[tftypes.Object[\"appProtocol\":tftypes.String, \"name\":tftypes.String, \"nodePort\":tftypes.Number, \"port\":tftypes.Number, \"protocol\":tftypes.String, \"targetPort\":tftypes.String]], \"publishNotReadyAddresses\":tftypes.Bool, \"selector\":tftypes.Map[tftypes.String], \"sessionAffinity\":tftypes.String, \"sessionAffinityConfig\":tftypes.Object[\"clientIP\":tftypes.Object[\"timeoutSeconds\":tftypes.Number]], \"trafficDistribution\":tftypes.String, \"type\":tftypes.String]]<\"apiVersion\":tftypes.String<\"v1\">, \"kind\":tftypes.String<\"Service\">, \"metadata\":tftypes.Object[\"annotations\":tftypes.Map[tftypes.String], \"creationTimestamp\":tftypes.String, \"deletionGracePeriodSeconds\":tftypes.Number, \"deletionTimestamp\":tftypes.String, \"finalizers\":tftypes.List[tftypes.String], \"generateName\":tftypes.String, \"generation\":tftypes.Number, \"labels\":tftypes.Map[tftypes.String], \"managedFields\":tftypes.Tuple[tftypes.Object[\"apiVersion\":tftypes.String, \"fieldsType\":tftypes.String, \"fieldsV1\":tftypes.DynamicPseudoType, \"manager\":tftypes.String, \"operation\":tftypes.String, \"subresource\":tftypes.String, \"time\":tftypes.String]], \"name\":tftypes.String, \"namespace\":tftypes.String, \"ownerReferences\":tftypes.List[tftypes.Object[\"apiVersion\":tftypes.String, \"blockOwnerDeletion\":tftypes.Bool, \"controller\":tftypes.Bool, \"kind\":tftypes.String, \"name\":tftypes.String, \"uid\":tftypes.String]], \"resourceVersion\":tftypes.String, \"selfLink\":tftypes.String, \"uid\":tftypes.String]<\"annotations\":tftypes.Map[tftypes.String]<null>, \"creationTimestamp\":tftypes.String<null>, \"deletionGracePeriodSeconds\":tftypes.Number<null>, \"deletionTimestamp\":tftypes.String<null>, \"finalizers\":tftypes.List[tftypes.String]<null>, \"generateName\":tftypes.String<null>, \"generation\":tftypes.Number<null>, \"labels\":tftypes.Map[tftypes.String]<null>, \"managedFields\":tftypes.Tuple[tftypes.Object[\"apiVersion\":tftypes.String, \"fieldsType\":tftypes.String, \"fieldsV1\":tftypes.DynamicPseudoType, \"manager\":tftypes.String, \"operation\":tftypes.String, \"subresource\":tftypes.String, \"time\":tftypes.String]]<null>, \"name\":tftypes.String<\"prometheus-server\">, \"namespace\":tftypes.String<\"monitoring\">, \"ownerReferences\":tftypes.List[tftypes.Object[\"apiVersion\":tftypes.String, \"blockOwnerDeletion\":tftypes.Bool, \"controller\":tftypes.Bool, \"kind\":tftypes.String, \"name\":tftypes.String, \"uid\":tftypes.String]]<null>, \"resourceVersion\":tftypes.String<null>, \"selfLink\":tftypes.String<null>, \"uid\":tftypes.String<null>>, \"spec\":tftypes.Object[\"allocateLoadBalancerNodePorts\":tftypes.Bool, \"clusterIP\":tftypes.String, \"clusterIPs\":tftypes.List[tftypes.String], \"externalIPs\":tftypes.List[tftypes.String], \"externalName\":tftypes.String, \"externalTrafficPolicy\":tftypes.String, \"healthCheckNodePort\":tftypes.Number, \"internalTrafficPolicy\":tftypes.String, \"ipFamilies\":tftypes.List[tftypes.String], \"ipFamilyPolicy\":tftypes.String, \"loadBalancerClass\":tftypes.String, \"loadBalancerIP\":tftypes.String, \"loadBalancerSourceRanges\":tftypes.List[tftypes.String], \"ports\":tftypes.List[tftypes.Object[\"appProtocol\":tftypes.String, \"name\":tftypes.String, \"nodePort\":tftypes.Number, \"port\":tftypes.Number, \"protocol\":tftypes.String, \"targetPort\":tftypes.String]], \"publishNotReadyAddresses\":tftypes.Bool, \"selector\":tftypes.Map[tftypes.String], \"sessionAffinity\":tftypes.String, \"sessionAffinityConfig\":tftypes.Object[\"clientIP\":tftypes.Object[\"timeoutSeconds\":tftypes.Number]], \"trafficDistribution\":tftypes.String, \"type\":tftypes.String]<\"allocateLoadBalancerNodePorts\":tftypes.Bool<null>, \"clusterIP\":tftypes.String<null>, \"clusterIPs\":tftypes.List[tftypes.String]<null>, \"externalIPs\":tftypes.List[tftypes.String]<null>, \"externalName\":tftypes.String<null>, \"externalTrafficPolicy\":tftypes.String<null>, \"healthCheckNodePort\":tftypes.Number<null>, \"internalTrafficPolicy\":tftypes.String<null>, \"ipFamilies\":tftypes.List[tftypes.String]<null>, \"ipFamilyPolicy\":tftypes.String<null>, \"loadBalancerClass\":tftypes.String<null>, \"loadBalancerIP\":tftypes.String<null>, \"loadBalancerSourceRanges\":tftypes.List[tftypes.String]<null>, \"ports\":tftypes.List[tftypes.Object[\"appProtocol\":tftypes.String, \"name\":tftypes.String, \"nodePort\":tftypes.Number, \"port\":tftypes.Number, \"protocol\":tftypes.String, \"targetPort\":tftypes.String]]<tftypes.Object[\"appProtocol\":tftypes.String, \"name\":tftypes.String, \"nodePort\":tftypes.Number, \"port\":tftypes.Number, \"protocol\":tftypes.String, \"targetPort\":tftypes.String]<\"appProtocol\":tftypes.String<null>, \"name\":tftypes.String<null>, \"nodePort\":tftypes.Number<null>, \"port\":tftypes.Number<\"9090\">, \"protocol\":tftypes.String<\"TCP\">, \"targetPort\":tftypes.String<\"9090\">>>, \"publishNotReadyAddresses\":tftypes.Bool<null>, \"selector\":tftypes.Map[tftypes.String]<\"app\":tftypes.String<\"prometheus\">>, \"sessionAffinity\":tftypes.String<null>, \"sessionAffinityConfig\":tftypes.Object[\"clientIP\":tftypes.Object[\"timeoutSeconds\":tftypes.Number]]<null>, \"trafficDistribution\":tftypes.String<null>, \"type\":tftypes.String<\"LoadBalancer\">>>"
2025-11-16T15:49:54.337Z [DEBUG] provider.terraform-provider-kubernetes_v2.38.0_x5: 2025-11-16T15:49:54.337Z [DEBUG] [PlanResourceChange]: backfilled manifest="tftypes.Object[\"apiVersion\":tftypes.String, \"kind\":tftypes.String, \"metadata\":tftypes.Object[\"annotations\":tftypes.Map[tftypes.String], \"creationTimestamp\":tftypes.String, \"deletionGracePeriodSeconds\":tftypes.Number, \"deletionTimestamp\":tftypes.String, \"finalizers\":tftypes.List[tftypes.String], \"generateName\":tftypes.String, \"generation\":tftypes.Number, \"labels\":tftypes.Map[tftypes.String], \"managedFields\":tftypes.Tuple[tftypes.Object[\"apiVersion\":tftypes.String, \"fieldsType\":tftypes.String, \"fieldsV1\":tftypes.DynamicPseudoType, \"manager\":tftypes.String, \"operation\":tftypes.String, \"subresource\":tftypes.String, \"time\":tftypes.String]], \"name\":tftypes.String, \"namespace\":tftypes.String, \"ownerReferences\":tftypes.List[tftypes.Object[\"apiVersion\":tftypes.String, \"blockOwnerDeletion\":tftypes.Bool, \"controller\":tftypes.Bool, \"kind\":tftypes.String, \"name\":tftypes.String, \"uid\":tftypes.String]], \"resourceVersion\":tftypes.String, \"selfLink\":tftypes.String, \"uid\":tftypes.String], \"spec\":tftypes.Object[\"allocateLoadBalancerNodePorts\":tftypes.Bool, \"clusterIP\":tftypes.String, \"clusterIPs\":tftypes.List[tftypes.String], \"externalIPs\":tftypes.List[tftypes.String], \"externalName\":tftypes.String, \"externalTrafficPolicy\":tftypes.String, \"healthCheckNodePort\":tftypes.Number, \"internalTrafficPolicy\":tftypes.String, \"ipFamilies\":tftypes.List[tftypes.String], \"ipFamilyPolicy\":tftypes.String, \"loadBalancerClass\":tftypes.String, \"loadBalancerIP\":tftypes.String, \"loadBalancerSourceRanges\":tftypes.List[tftypes.String], \"ports\":tftypes.List[tftypes.Object[\"appProtocol\":tftypes.String, \"name\":tftypes.String, \"nodePort\":tftypes.Number, \"port\":tftypes.Number, \"protocol\":tftypes.String, \"targetPort\":tftypes.String]], \"publishNotReadyAddresses\":tftypes.Bool, \"selector\":tftypes.Map[tftypes.String], \"sessionAffinity\":tftypes.String, \"sessionAffinityConfig\":tftypes.Object[\"clientIP\":tftypes.Object[\"timeoutSeconds\":tftypes.Number]], \"trafficDistribution\":tftypes.String, \"type\":tftypes.String]]<\"apiVersion\":tftypes.String<\"v1\">, \"kind\":tftypes.String<\"Service\">, \"metadata\":tftypes.Object[\"annotations\":tftypes.Map[tftypes.String], \"creationTimestamp\":tftypes.String, \"deletionGracePeriodSeconds\":tftypes.Number, \"deletionTimestamp\":tftypes.String, \"finalizers\":tftypes.List[tftypes.String], \"generateName\":tftypes.String, \"generation\":tftypes.Number, \"labels\":tftypes.Map[tftypes.String], \"managedFields\":tftypes.Tuple[tftypes.Object[\"apiVersion\":tftypes.String, \"fieldsType\":tftypes.String, \"fieldsV1\":tftypes.DynamicPseudoType, \"manager\":tftypes.String, \"operation\":tftypes.String, \"subresource\":tftypes.String, \"time\":tftypes.String]], \"name\":tftypes.String, \"namespace\":tftypes.String, \"ownerReferences\":tftypes.List[tftypes.Object[\"apiVersion\":tftypes.String, \"blockOwnerDeletion\":tftypes.Bool, \"controller\":tftypes.Bool, \"kind\":tftypes.String, \"name\":tftypes.String, \"uid\":tftypes.String]], \"resourceVersion\":tftypes.String, \"selfLink\":tftypes.String, \"uid\":tftypes.String]<\"annotations\":tftypes.Map[tftypes.String]<unknown>, \"creationTimestamp\":tftypes.String<unknown>, \"deletionGracePeriodSeconds\":tftypes.Number<unknown>, \"deletionTimestamp\":tftypes.String<unknown>, \"finalizers\":tftypes.List[tftypes.String]<unknown>, \"generateName\":tftypes.String<unknown>, \"generation\":tftypes.Number<unknown>, \"labels\":tftypes.Map[tftypes.String]<unknown>, \"managedFields\":tftypes.Tuple[tftypes.Object[\"apiVersion\":tftypes.String, \"fieldsType\":tftypes.String, \"fieldsV1\":tftypes.DynamicPseudoType, \"manager\":tftypes.String, \"operation\":tftypes.String, \"subresource\":tftypes.String, \"time\":tftypes.String]]<unknown>, \"name\":tftypes.String<\"prometheus-server\">, \"namespace\":tftypes.String<\"monitoring\">, \"ownerReferences\":tftypes.List[tftypes.Object[\"apiVersion\":tftypes.String, \"blockOwnerDeletion\":tftypes.Bool, \"controller\":tftypes.Bool, \"kind\":tftypes.String, \"name\":tftypes.String, \"uid\":tftypes.String]]<unknown>, \"resourceVersion\":tftypes.String<unknown>, \"selfLink\":tftypes.String<unknown>, \"uid\":tftypes.String<unknown>>, \"spec\":tftypes.Object[\"allocateLoadBalancerNodePorts\":tftypes.Bool, \"clusterIP\":tftypes.String, \"clusterIPs\":tftypes.List[tftypes.String], \"externalIPs\":tftypes.List[tftypes.String], \"externalName\":tftypes.String, \"externalTrafficPolicy\":tftypes.String, \"healthCheckNodePort\":tftypes.Number, \"internalTrafficPolicy\":tftypes.String, \"ipFamilies\":tftypes.List[tftypes.String], \"ipFamilyPolicy\":tftypes.String, \"loadBalancerClass\":tftypes.String, \"loadBalancerIP\":tftypes.String, \"loadBalancerSourceRanges\":tftypes.List[tftypes.String], \"ports\":tftypes.List[tftypes.Object[\"appProtocol\":tftypes.String, \"name\":tftypes.String, \"nodePort\":tftypes.Number, \"port\":tftypes.Number, \"protocol\":tftypes.String, \"targetPort\":tftypes.String]], \"publishNotReadyAddresses\":tftypes.Bool, \"selector\":tftypes.Map[tftypes.String], \"sessionAffinity\":tftypes.String, \"sessionAffinityConfig\":tftypes.Object[\"clientIP\":tftypes.Object[\"timeoutSeconds\":tftypes.Number]], \"trafficDistribution\":tftypes.String, \"type\":tftypes.String]<\"allocateLoadBalancerNodePorts\":tftypes.Bool<unknown>, \"clusterIP\":tftypes.String<unknown>, \"clusterIPs\":tftypes.List[tftypes.String]<unknown>, \"externalIPs\":tftypes.List[tftypes.String]<unknown>, \"externalName\":tftypes.String<unknown>, \"externalTrafficPolicy\":tftypes.String<unknown>, \"healthCheckNodePort\":tftypes.Number<unknown>, \"internalTrafficPolicy\":tftypes.String<unknown>, \"ipFamilies\":tftypes.List[tftypes.String]<unknown>, \"ipFamilyPolicy\":tftypes.String<unknown>, \"loadBalancerClass\":tftypes.String<unknown>, \"loadBalancerIP\":tftypes.String<unknown>, \"loadBalancerSourceRanges\":tftypes.List[tftypes.String]<unknown>, \"ports\":tftypes.List[tftypes.Object[\"appProtocol\":tftypes.String, \"name\":tftypes.String, \"nodePort\":tftypes.Number, \"port\":tftypes.Number, \"protocol\":tftypes.String, \"targetPort\":tftypes.String]]<tftypes.Object[\"appProtocol\":tftypes.String, \"name\":tftypes.String, \"nodePort\":tftypes.Number, \"port\":tftypes.Number, \"protocol\":tftypes.String, \"targetPort\":tftypes.String]<\"appProtocol\":tftypes.String<unknown>, \"name\":tftypes.String<unknown>, \"nodePort\":tftypes.Number<unknown>, \"port\":tftypes.Number<\"9090\">, \"protocol\":tftypes.String<\"TCP\">, \"targetPort\":tftypes.String<\"9090\">>>, \"publishNotReadyAddresses\":tftypes.Bool<unknown>, \"selector\":tftypes.Map[tftypes.String]<\"app\":tftypes.String<\"prometheus\">>, \"sessionAffinity\":tftypes.String<unknown>, \"sessionAffinityConfig\":tftypes.Object[\"clientIP\":tftypes.Object[\"timeoutSeconds\":tftypes.Number]]<\"clientIP\":tftypes.Object[\"timeoutSeconds\":tftypes.Number]<\"timeoutSeconds\":tftypes.Number<unknown>>>, \"trafficDistribution\":tftypes.String<unknown>, \"type\":tftypes.String<\"LoadBalancer\">>>"
2025-11-16T15:49:54.344Z [DEBUG] provider.stdio: received EOF, stopping recv loop: err="rpc error: code = Unavailable desc = error reading from server: EOF"
2025-11-16T15:49:54.351Z [INFO]  provider: plugin process exited: plugin=.terraform/providers/registry.terraform.io/hashicorp/kubernetes/2.38.0/linux_amd64/terraform-provider-kubernetes_v2.38.0_x5 id=172395
2025-11-16T15:49:54.351Z [DEBUG] provider: plugin exited
2025-11-16T15:49:54.351Z [DEBUG] building apply graph to check for errors
2025-11-16T15:49:54.352Z [DEBUG] Resource state not found for node "kubernetes_ingress.monitoring_ingress", instance kubernetes_ingress.monitoring_ingress
2025-11-16T15:49:54.352Z [DEBUG] Resource state not found for node "helm_release.kps", instance helm_release.kps
2025-11-16T15:49:54.352Z [DEBUG] ProviderTransformer: "helm_release.kps (expand)" (*terraform.nodeExpandApplyableResource) needs provider["registry.terraform.io/hashicorp/helm"]
2025-11-16T15:49:54.352Z [DEBUG] ProviderTransformer: "kubernetes_manifest.prometheus_service (expand)" (*terraform.nodeExpandApplyableResource) needs provider["registry.terraform.io/hashicorp/kubernetes"]
2025-11-16T15:49:54.352Z [DEBUG] ProviderTransformer: "kubernetes_ingress.monitoring_ingress" (*terraform.NodeApplyableResourceInstance) needs provider["registry.terraform.io/hashicorp/kubernetes"]
2025-11-16T15:49:54.352Z [DEBUG] ProviderTransformer: "helm_release.kps" (*terraform.NodeApplyableResourceInstance) needs provider["registry.terraform.io/hashicorp/helm"]
2025-11-16T15:49:54.352Z [DEBUG] ProviderTransformer: "kubernetes_namespace.monitoring (expand)" (*terraform.nodeExpandApplyableResource) needs provider["registry.terraform.io/hashicorp/kubernetes"]
2025-11-16T15:49:54.352Z [DEBUG] ProviderTransformer: "kubernetes_ingress.monitoring_ingress (expand)" (*terraform.nodeExpandApplyableResource) needs provider["registry.terraform.io/hashicorp/kubernetes"]
2025-11-16T15:49:54.352Z [DEBUG] ReferenceTransformer: "kubernetes_manifest.prometheus_service (expand)" references: []
2025-11-16T15:49:54.352Z [DEBUG] ReferenceTransformer: "output.grafana_infos (expand)" references: []
2025-11-16T15:49:54.352Z [DEBUG] ReferenceTransformer: "kubernetes_ingress.monitoring_ingress" references: []
2025-11-16T15:49:54.352Z [DEBUG] ReferenceTransformer: "provider[\"registry.terraform.io/hashicorp/helm\"]" references: []
2025-11-16T15:49:54.352Z [DEBUG] ReferenceTransformer: "kubernetes_namespace.monitoring (expand)" references: []
2025-11-16T15:49:54.352Z [DEBUG] ReferenceTransformer: "kubernetes_ingress.monitoring_ingress (expand)" references: []
2025-11-16T15:49:54.352Z [DEBUG] ReferenceTransformer: "helm_release.kps (expand)" references: [kubernetes_namespace.monitoring (expand) kubernetes_namespace.monitoring (expand)]
2025-11-16T15:49:54.352Z [DEBUG] ReferenceTransformer: "output.prometheus_url (expand)" references: []
2025-11-16T15:49:54.353Z [DEBUG] ReferenceTransformer: "helm_release.kps" references: [kubernetes_namespace.monitoring (expand) kubernetes_namespace.monitoring (expand)]
2025-11-16T15:49:54.353Z [DEBUG] ReferenceTransformer: "provider[\"registry.terraform.io/hashicorp/kubernetes\"]" references: []
2025-11-16T15:49:54.353Z [DEBUG] pruneUnusedNodes: kubernetes_manifest.prometheus_service (expand) is no longer needed, removing
2025-11-16T15:49:54.363Z [INFO]  backend/local: apply calling Apply
2025-11-16T15:49:54.363Z [DEBUG] Building and walking apply graph for NormalMode plan
2025-11-16T15:49:54.363Z [DEBUG] Resource state not found for node "kubernetes_ingress.monitoring_ingress", instance kubernetes_ingress.monitoring_ingress
2025-11-16T15:49:54.363Z [DEBUG] Resource state not found for node "helm_release.kps", instance helm_release.kps
2025-11-16T15:49:54.363Z [DEBUG] ProviderTransformer: "helm_release.kps (expand)" (*terraform.nodeExpandApplyableResource) needs provider["registry.terraform.io/hashicorp/helm"]
2025-11-16T15:49:54.363Z [DEBUG] ProviderTransformer: "kubernetes_namespace.monitoring (expand)" (*terraform.nodeExpandApplyableResource) needs provider["registry.terraform.io/hashicorp/kubernetes"]
2025-11-16T15:49:54.363Z [DEBUG] ProviderTransformer: "kubernetes_manifest.prometheus_service (expand)" (*terraform.nodeExpandApplyableResource) needs provider["registry.terraform.io/hashicorp/kubernetes"]
2025-11-16T15:49:54.363Z [DEBUG] ProviderTransformer: "kubernetes_ingress.monitoring_ingress" (*terraform.NodeApplyableResourceInstance) needs provider["registry.terraform.io/hashicorp/kubernetes"]
2025-11-16T15:49:54.363Z [DEBUG] ProviderTransformer: "helm_release.kps" (*terraform.NodeApplyableResourceInstance) needs provider["registry.terraform.io/hashicorp/helm"]
2025-11-16T15:49:54.363Z [DEBUG] ProviderTransformer: "kubernetes_ingress.monitoring_ingress (expand)" (*terraform.nodeExpandApplyableResource) needs provider["registry.terraform.io/hashicorp/kubernetes"]
2025-11-16T15:49:54.363Z [DEBUG] ReferenceTransformer: "output.grafana_infos (expand)" references: []
2025-11-16T15:49:54.363Z [DEBUG] ReferenceTransformer: "output.prometheus_url (expand)" references: []
2025-11-16T15:49:54.364Z [DEBUG] ReferenceTransformer: "helm_release.kps" references: [kubernetes_namespace.monitoring (expand) kubernetes_namespace.monitoring (expand)]
2025-11-16T15:49:54.364Z [DEBUG] ReferenceTransformer: "provider[\"registry.terraform.io/hashicorp/helm\"]" references: []
2025-11-16T15:49:54.364Z [DEBUG] ReferenceTransformer: "kubernetes_ingress.monitoring_ingress (expand)" references: []
2025-11-16T15:49:54.364Z [DEBUG] ReferenceTransformer: "helm_release.kps (expand)" references: [kubernetes_namespace.monitoring (expand) kubernetes_namespace.monitoring (expand)]
2025-11-16T15:49:54.364Z [DEBUG] ReferenceTransformer: "kubernetes_namespace.monitoring (expand)" references: []
2025-11-16T15:49:54.364Z [DEBUG] ReferenceTransformer: "kubernetes_manifest.prometheus_service (expand)" references: []
2025-11-16T15:49:54.364Z [DEBUG] ReferenceTransformer: "kubernetes_ingress.monitoring_ingress" references: []
2025-11-16T15:49:54.364Z [DEBUG] ReferenceTransformer: "provider[\"registry.terraform.io/hashicorp/kubernetes\"]" references: []
2025-11-16T15:49:54.364Z [DEBUG] pruneUnusedNodes: kubernetes_manifest.prometheus_service (expand) is no longer needed, removing
2025-11-16T15:49:54.364Z [DEBUG] Starting graph walk: walkApply
2025-11-16T15:49:54.365Z [DEBUG] created provider logger: level=debug
2025-11-16T15:49:54.365Z [INFO]  provider: configuring client automatic mTLS
2025-11-16T15:49:54.372Z [DEBUG] provider: starting plugin: path=.terraform/providers/registry.terraform.io/hashicorp/kubernetes/2.38.0/linux_amd64/terraform-provider-kubernetes_v2.38.0_x5 args=[".terraform/providers/registry.terraform.io/hashicorp/kubernetes/2.38.0/linux_amd64/terraform-provider-kubernetes_v2.38.0_x5"]
2025-11-16T15:49:54.373Z [DEBUG] provider: plugin started: path=.terraform/providers/registry.terraform.io/hashicorp/kubernetes/2.38.0/linux_amd64/terraform-provider-kubernetes_v2.38.0_x5 pid=172405
2025-11-16T15:49:54.373Z [DEBUG] provider: waiting for RPC address: plugin=.terraform/providers/registry.terraform.io/hashicorp/kubernetes/2.38.0/linux_amd64/terraform-provider-kubernetes_v2.38.0_x5
2025-11-16T15:49:54.416Z [INFO]  provider.terraform-provider-kubernetes_v2.38.0_x5: configuring server automatic mTLS: timestamp=2025-11-16T15:49:54.416Z
2025-11-16T15:49:54.434Z [DEBUG] provider.terraform-provider-kubernetes_v2.38.0_x5: plugin address: address=/tmp/plugin2173784132 network=unix timestamp=2025-11-16T15:49:54.434Z
2025-11-16T15:49:54.434Z [DEBUG] provider: using plugin: version=5
2025-11-16T15:49:54.451Z [DEBUG] created provider logger: level=debug
2025-11-16T15:49:54.451Z [INFO]  provider: configuring client automatic mTLS
2025-11-16T15:49:54.458Z [DEBUG] provider: starting plugin: path=.terraform/providers/registry.terraform.io/hashicorp/helm/2.17.0/linux_amd64/terraform-provider-helm_v2.17.0_x5 args=[".terraform/providers/registry.terraform.io/hashicorp/helm/2.17.0/linux_amd64/terraform-provider-helm_v2.17.0_x5"]
2025-11-16T15:49:54.458Z [DEBUG] provider: plugin started: path=.terraform/providers/registry.terraform.io/hashicorp/helm/2.17.0/linux_amd64/terraform-provider-helm_v2.17.0_x5 pid=172413
2025-11-16T15:49:54.458Z [DEBUG] provider: waiting for RPC address: plugin=.terraform/providers/registry.terraform.io/hashicorp/helm/2.17.0/linux_amd64/terraform-provider-helm_v2.17.0_x5
2025-11-16T15:49:54.483Z [INFO]  provider.terraform-provider-helm_v2.17.0_x5: configuring server automatic mTLS: timestamp=2025-11-16T15:49:54.483Z
2025-11-16T15:49:54.509Z [DEBUG] provider: using plugin: version=5
2025-11-16T15:49:54.509Z [DEBUG] provider.terraform-provider-helm_v2.17.0_x5: plugin address: address=/tmp/plugin3790562711 network=unix timestamp=2025-11-16T15:49:54.509Z
2025-11-16T15:49:54.530Z [DEBUG] provider.terraform-provider-kubernetes_v2.38.0_x5: 2025/11/16 15:49:54 [DEBUG] Using kubeconfig: /root/.kube/config
2025-11-16T15:49:54.530Z [WARN]  ValidateProviderConfig from "provider[\"registry.terraform.io/hashicorp/helm\"]" changed the config value, but that value is unused
2025-11-16T15:49:54.532Z [INFO]  provider.terraform-provider-helm_v2.17.0_x5: 2025/11/16 15:49:54 [DEBUG] Experiments enabled: []: timestamp=2025-11-16T15:49:54.532Z
2025-11-16T15:49:54.532Z [DEBUG] provider.terraform-provider-kubernetes_v2.38.0_x5: 2025/11/16 15:49:54 [DEBUG] Enabling HTTP requests/responses tracing
2025-11-16T15:49:54.540Z [INFO]  Starting apply for kubernetes_ingress.monitoring_ingress
2025-11-16T15:49:54.542Z [DEBUG] kubernetes_ingress.monitoring_ingress: applying the planned Create change
2025-11-16T15:49:54.546Z [INFO]  provider.terraform-provider-helm_v2.17.0_x5: 2025/11/16 15:49:54 [DEBUG] [resourceDiff: kube-prometheus-stack] Start: timestamp=2025-11-16T15:49:54.546Z
2025-11-16T15:49:54.546Z [INFO]  provider.terraform-provider-helm_v2.17.0_x5: 2025/11/16 15:49:54 [DEBUG] [resourceDiff: kube-prometheus-stack] upgrade_install is enabled: false: timestamp=2025-11-16T15:49:54.546Z
2025-11-16T15:49:54.546Z [INFO]  provider.terraform-provider-helm_v2.17.0_x5: 2025/11/16 15:49:54 [DEBUG] [resourceDiff: kube-prometheus-stack] targetVersion for release kube-prometheus-stack: '60.3.0': timestamp=2025-11-16T15:49:54.546Z
2025-11-16T15:49:54.546Z [INFO]  provider.terraform-provider-helm_v2.17.0_x5: 2025/11/16 15:49:54 [DEBUG] [INFO] GetHelmConfiguration start: timestamp=2025-11-16T15:49:54.546Z
2025-11-16T15:49:54.546Z [INFO]  provider.terraform-provider-helm_v2.17.0_x5: 2025/11/16 15:49:54 [DEBUG] Using kubeconfig: /root/.kube/config: timestamp=2025-11-16T15:49:54.546Z
2025-11-16T15:49:54.546Z [INFO]  provider.terraform-provider-helm_v2.17.0_x5: 2025/11/16 15:49:54 [INFO] Successfully initialized kubernetes config: timestamp=2025-11-16T15:49:54.546Z
2025-11-16T15:49:54.546Z [INFO]  provider.terraform-provider-helm_v2.17.0_x5: 2025/11/16 15:49:54 [DEBUG] [INFO] GetHelmConfiguration success: timestamp=2025-11-16T15:49:54.546Z
2025-11-16T15:49:54.546Z [DEBUG] provider.terraform-provider-kubernetes_v2.38.0_x5: 2025/11/16 15:49:54 [DEBUG] setting computed for "status" from ComputedKeys
2025-11-16T15:49:54.546Z [DEBUG] provider.terraform-provider-kubernetes_v2.38.0_x5: 2025/11/16 15:49:54 [INFO] Creating new ingress: &v1beta1.Ingress{TypeMeta:v1.TypeMeta{Kind:"", APIVersion:""}, ObjectMeta:v1.ObjectMeta{Name:"monitoring-ingress", GenerateName:"", Namespace:"monitoring", SelfLink:"", UID:"", ResourceVersion:"", Generation:0, CreationTimestamp:time.Date(1, time.January, 1, 0, 0, 0, 0, time.UTC), DeletionTimestamp:<nil>, DeletionGracePeriodSeconds:(*int64)(nil), Labels:map[string]string(nil), Annotations:map[string]string(nil), OwnerReferences:[]v1.OwnerReference(nil), Finalizers:[]string(nil), ManagedFields:[]v1.ManagedFieldsEntry(nil)}, Spec:v1beta1.IngressSpec{IngressClassName:(*string)(nil), Backend:(*v1beta1.IngressBackend)(nil), TLS:[]v1beta1.IngressTLS{v1beta1.IngressTLS{Hosts:[]string{"prometheus.nudger.logo-solutions.fr", "grafana.nudger.logo-solutions.fr"}, SecretName:"monitoring-tls-secret"}}, Rules:[]v1beta1.IngressRule{v1beta1.IngressRule{Host:"prometheus.nudger.logo-solutions.fr", IngressRuleValue:v1beta1.IngressRuleValue{HTTP:(*v1beta1.HTTPIngressRuleValue)(0xc000c29830)}}, v1beta1.IngressRule{Host:"grafana.nudger.logo-solutions.fr", IngressRuleValue:v1beta1.IngressRuleValue{HTTP:(*v1beta1.HTTPIngressRuleValue)(0xc000c29848)}}}}, Status:v1beta1.IngressStatus{LoadBalancer:v1beta1.IngressLoadBalancerStatus{Ingress:[]v1beta1.IngressLoadBalancerIngress(nil)}}}
2025-11-16T15:49:54.547Z [DEBUG] provider.terraform-provider-kubernetes_v2.38.0_x5: Sending HTTP Request: User-Agent="HashiCorp/1.0 Terraform/1.9.8" tf_http_req_method=POST tf_http_req_version=HTTP/1.1 tf_http_trans_id=c8cb39a9-525a-d25c-8374-61d53301e42c @caller=github.com/hashicorp/terraform-plugin-sdk/v2@v2.37.0/helper/logging/logging_http_transport.go:160 Content-Type=application/json tf_http_req_body="{\"kind\":\"Ingress\",\"apiVersion\":\"extensions/v1beta1\",\"metadata\":{\"name\":\"monitoring-ingress\",\"namespace\":\"monitoring\",\"creationTimestamp\":null},\"spec\":{\"tls\":[{\"hosts\":[\"prometheus.nudger.logo-solutions.fr\",\"grafana.nudger.logo-solutions.fr\"],\"secretName\":\"monitoring-tls-secret\"}],\"rules\":[{\"host\":\"prometheus.nudger.logo-solutions.fr\",\"http\":{\"paths\":[{\"path\":\"/\",\"backend\":{\"serviceName\":\"kube-prometheus-stack-prometheus\",\"servicePort\":9090}}]}},{\"host\":\"grafana.nudger.logo-solutions.fr\",\"http\":{\"paths\":[{\"path\":\"/\",\"backend\":{\"serviceName\":\"kube-prometheus-stack-grafana\",\"servicePort\":80}}]}}]},\"status\":{\"loadBalancer\":{}}}" tf_http_req_uri=/apis/extensions/v1beta1/namespaces/monitoring/ingresses @module=kubernetes.Kubernetes Content-Length=632 Host=91.98.16.184:6443 tf_http_op_type=request Accept="application/json, */*" Accept-Encoding=gzip new_logger_warning="This log was generated by a subsystem logger that wasn't created before being used. Use tflog.NewSubsystem to create this logger before it is used." timestamp=2025-11-16T15:49:54.546Z
2025-11-16T15:49:54.626Z [DEBUG] provider.terraform-provider-kubernetes_v2.38.0_x5: Received HTTP Response: @caller=github.com/hashicorp/terraform-plugin-sdk/v2@v2.37.0/helper/logging/logging_http_transport.go:160 @module=kubernetes.Kubernetes X-Content-Type-Options=nosniff tf_http_op_type=response tf_http_res_status_reason="404 Not Found" tf_http_res_version=HTTP/2.0 Cache-Control="no-cache, private" Content-Length=19 tf_http_trans_id=c8cb39a9-525a-d25c-8374-61d53301e42c new_logger_warning="This log was generated by a subsystem logger that wasn't created before being used. Use tflog.NewSubsystem to create this logger before it is used."
  tf_http_res_body=
  | 404 page not found
   tf_http_res_status_code=404 Audit-Id=84767d34-29cb-49bf-bc6c-515acd324c6d Content-Type="text/plain; charset=utf-8" Date="Sun, 16 Nov 2025 15:49:54 GMT" X-Kubernetes-Pf-Flowschema-Uid=24ef9050-0ff9-4e4e-b810-9e682b32e548 X-Kubernetes-Pf-Prioritylevel-Uid=debe343a-fda0-4702-9e46-7980016434a2 timestamp=2025-11-16T15:49:54.626Z
2025-11-16T15:49:54.627Z [ERROR] provider.terraform-provider-kubernetes_v2.38.0_x5: Response contains error diagnostic: diagnostic_summary="Failed to create Ingress 'monitoring/monitoring-ingress' because: the server could not find the requested resource (post ingresses.extensions)" tf_proto_version=5.9 tf_provider_addr=registry.terraform.io/hashicorp/kubernetes tf_req_id=7799a473-2561-1a28-d39a-81a419179615 tf_rpc=ApplyResourceChange diagnostic_detail="" diagnostic_severity=ERROR tf_resource_type=kubernetes_ingress @caller=github.com/hashicorp/terraform-plugin-go@v0.27.0/tfprotov5/internal/diag/diagnostics.go:58 @module=sdk.proto timestamp=2025-11-16T15:49:54.627Z
2025-11-16T15:49:54.632Z [DEBUG] State storage *statemgr.Filesystem declined to persist a state snapshot
2025-11-16T15:49:54.632Z [ERROR] vertex "kubernetes_ingress.monitoring_ingress" error: Failed to create Ingress 'monitoring/monitoring-ingress' because: the server could not find the requested resource (post ingresses.extensions)
2025-11-16T15:49:56.529Z [INFO]  provider.terraform-provider-helm_v2.17.0_x5: 2025/11/16 15:49:56 [DEBUG] [resourceDiff: kube-prometheus-stack] Got chart kube-prometheus-stack version 60.3.0: timestamp=2025-11-16T15:49:56.529Z
2025-11-16T15:49:56.529Z [INFO]  provider.terraform-provider-helm_v2.17.0_x5: 2025/11/16 15:49:56 [DEBUG] [resourceDiff: kube-prometheus-stack] Release validated: timestamp=2025-11-16T15:49:56.529Z
2025-11-16T15:49:56.529Z [INFO]  provider.terraform-provider-helm_v2.17.0_x5: 2025/11/16 15:49:56 [DEBUG] [resourceDiff: kube-prometheus-stack] setting version to 60.3.0: timestamp=2025-11-16T15:49:56.529Z
2025-11-16T15:49:56.529Z [INFO]  provider.terraform-provider-helm_v2.17.0_x5: 2025/11/16 15:49:56 [DEBUG] [resourceDiff: kube-prometheus-stack] Done: timestamp=2025-11-16T15:49:56.529Z
2025-11-16T15:49:56.530Z [WARN]  Provider "registry.terraform.io/hashicorp/helm" produced an invalid plan for helm_release.kps, but we are tolerating it because it is using the legacy plugin SDK.
    The following problems may be the cause of any confusing errors from downstream operations:
      - .disable_crd_hooks: planned value cty.False for a non-computed attribute
      - .disable_webhooks: planned value cty.False for a non-computed attribute
      - .replace: planned value cty.False for a non-computed attribute
      - .reset_values: planned value cty.False for a non-computed attribute
      - .create_namespace: planned value cty.False for a non-computed attribute
      - .skip_crds: planned value cty.False for a non-computed attribute
      - .timeout: planned value cty.NumberIntVal(300) for a non-computed attribute
      - .atomic: planned value cty.False for a non-computed attribute
      - .verify: planned value cty.False for a non-computed attribute
      - .recreate_pods: planned value cty.False for a non-computed attribute
      - .reuse_values: planned value cty.False for a non-computed attribute
      - .wait: planned value cty.True for a non-computed attribute
      - .disable_openapi_validation: planned value cty.False for a non-computed attribute
      - .pass_credentials: planned value cty.False for a non-computed attribute
      - .max_history: planned value cty.NumberIntVal(0) for a non-computed attribute
      - .render_subchart_notes: planned value cty.True for a non-computed attribute
      - .lint: planned value cty.False for a non-computed attribute
      - .wait_for_jobs: planned value cty.False for a non-computed attribute
      - .force_update: planned value cty.False for a non-computed attribute
      - .dependency_update: planned value cty.False for a non-computed attribute
2025-11-16T15:49:56.530Z [INFO]  Starting apply for helm_release.kps
2025-11-16T15:49:56.531Z [DEBUG] helm_release.kps: applying the planned Create change
2025-11-16T15:49:56.532Z [INFO]  provider.terraform-provider-helm_v2.17.0_x5: 2025/11/16 15:49:56 [DEBUG] setting computed for "metadata" from ComputedKeys: timestamp=2025-11-16T15:49:56.532Z
2025-11-16T15:49:56.532Z [INFO]  provider.terraform-provider-helm_v2.17.0_x5: 2025/11/16 15:49:56 [DEBUG] [resourceReleaseCreate: kube-prometheus-stack] Started: timestamp=2025-11-16T15:49:56.532Z
2025-11-16T15:49:56.532Z [INFO]  provider.terraform-provider-helm_v2.17.0_x5: 2025/11/16 15:49:56 [DEBUG] [resourceReleaseCreate: kube-prometheus-stack] Getting helm configuration: timestamp=2025-11-16T15:49:56.532Z
2025-11-16T15:49:56.532Z [INFO]  provider.terraform-provider-helm_v2.17.0_x5: 2025/11/16 15:49:56 [DEBUG] [INFO] GetHelmConfiguration start: timestamp=2025-11-16T15:49:56.532Z
2025-11-16T15:49:56.532Z [INFO]  provider.terraform-provider-helm_v2.17.0_x5: 2025/11/16 15:49:56 [DEBUG] Using kubeconfig: /root/.kube/config: timestamp=2025-11-16T15:49:56.532Z
2025-11-16T15:49:56.533Z [INFO]  provider.terraform-provider-helm_v2.17.0_x5: 2025/11/16 15:49:56 [INFO] Successfully initialized kubernetes config: timestamp=2025-11-16T15:49:56.532Z
2025-11-16T15:49:56.533Z [INFO]  provider.terraform-provider-helm_v2.17.0_x5: 2025/11/16 15:49:56 [DEBUG] [INFO] GetHelmConfiguration success: timestamp=2025-11-16T15:49:56.533Z
2025-11-16T15:49:56.533Z [INFO]  provider.terraform-provider-helm_v2.17.0_x5: 2025/11/16 15:49:56 [DEBUG] [resourceReleaseCreate: kube-prometheus-stack] Getting chart: timestamp=2025-11-16T15:49:56.533Z
2025-11-16T15:49:58.492Z [INFO]  provider.terraform-provider-helm_v2.17.0_x5: 2025/11/16 15:49:58 [DEBUG] [resourceReleaseCreate: kube-prometheus-stack] Preparing for installation: timestamp=2025-11-16T15:49:58.492Z
2025-11-16T15:49:58.494Z [INFO]  provider.terraform-provider-helm_v2.17.0_x5: 2025/11/16 15:49:58 ---[ values.yaml ]-----------------------------------
adminPassword: admin
adminUser: admin
alertmanager:
  enabled: false
kubeStateMetrics:
  enabled: true
  resources:
    limits:
      cpu: 300m
      memory: 256Mi
    requests:
      cpu: 100m
      memory: 128Mi
  securityContext:
    allowPrivilegeEscalation: false
    capabilities:
      drop:
      - ALL
    readOnlyRootFilesystem: true
    runAsNonRoot: true
    runAsUser: 65534
nodeExporter:
  enabled: true
  hostIPC: false
  hostNetwork: false
  hostPID: false
  resources:
    limits:
      cpu: 200m
      memory: 256Mi
    requests:
      cpu: 50m
      memory: 64Mi
  securityContext:
    allowPrivilegeEscalation: false
    capabilities:
      drop:
      - ALL
    readOnlyRootFilesystem: true
    runAsNonRoot: true
    runAsUser: 65534
persistence:
  enabled: true
  size: 2Gi
prometheus:
  prometheusSpec:
    containers:
    - name: prometheus
      resources:
        limits:
          cpu: "1"
          memory: 1Gi
        requests:
          cpu: 200m
          memory: 512Mi
      securityContext:
        allowPrivilegeEscalation: false
        capabilities:
          drop:
          - ALL
        readOnlyRootFilesystem: true
        runAsNonRoot: true
        runAsUser: 65534
    podMonitorSelectorNilUsesHelmValues: false
    probeSelectorNilUsesHelmValues: false
    securityContext:
      fsGroup: 65534
      runAsGroup: 65534
      runAsNonRoot: true
      runAsUser: 65534
      seccompProfile:
        type: RuntimeDefault
    serviceMonitorSelectorNilUsesHelmValues: false
resources:
  limits:
    cpu: "1"
    memory: 512Mi
  requests:
    cpu: 200m
    memory: 256Mi
securityContext:
  allowPrivilegeEscalation: false
  capabilities:
    drop:
    - ALL
  readOnlyRootFilesystem: true
  runAsNonRoot: true
  runAsUser: 65534
service:
  nodePort: 30300
  type: NodePort
serviceAccount:
  automountServiceAccountToken: false
sidecar:
  dashboards:
    enabled: false
  datasources:
    enabled: false: timestamp=2025-11-16T15:49:58.494Z
2025-11-16T15:49:58.494Z [INFO]  provider.terraform-provider-helm_v2.17.0_x5: 2025/11/16 15:49:58 [DEBUG] [resourceReleaseCreate: kube-prometheus-stack] Installing chart: timestamp=2025-11-16T15:49:58.494Z
2025-11-16T15:49:58.750Z [ERROR] provider.terraform-provider-helm_v2.17.0_x5: Response contains error diagnostic: tf_provider_addr=provider tf_req_id=cafeac24-3186-bec0-99cc-a49a3c3be91b @caller=github.com/hashicorp/terraform-plugin-go@v0.23.0/tfprotov5/internal/diag/diagnostics.go:58 diagnostic_detail="" diagnostic_severity=ERROR diagnostic_summary="cannot re-use a name that is still in use" tf_proto_version=5.6 tf_resource_type=helm_release tf_rpc=ApplyResourceChange @module=sdk.proto timestamp=2025-11-16T15:49:58.750Z
2025-11-16T15:49:58.753Z [DEBUG] State storage *statemgr.Filesystem declined to persist a state snapshot
2025-11-16T15:49:58.753Z [ERROR] vertex "helm_release.kps" error: cannot re-use a name that is still in use
2025-11-16T15:49:58.758Z [DEBUG] provider.stdio: received EOF, stopping recv loop: err="rpc error: code = Unavailable desc = error reading from server: EOF"
2025-11-16T15:49:58.758Z [DEBUG] provider.stdio: received EOF, stopping recv loop: err="rpc error: code = Unavailable desc = error reading from server: EOF"
2025-11-16T15:49:58.762Z [INFO]  provider: plugin process exited: plugin=.terraform/providers/registry.terraform.io/hashicorp/kubernetes/2.38.0/linux_amd64/terraform-provider-kubernetes_v2.38.0_x5 id=172405
2025-11-16T15:49:58.762Z [DEBUG] provider: plugin exited
2025-11-16T15:49:58.767Z [INFO]  provider: plugin process exited: plugin=.terraform/providers/registry.terraform.io/hashicorp/helm/2.17.0/linux_amd64/terraform-provider-helm_v2.17.0_x5 id=172413
2025-11-16T15:49:58.767Z [DEBUG] provider: plugin exited
2025-11-16T15:50:53.842Z [INFO]  Terraform version: 1.9.8
2025-11-16T15:50:53.842Z [DEBUG] using github.com/hashicorp/go-tfe v1.58.0
2025-11-16T15:50:53.842Z [DEBUG] using github.com/hashicorp/hcl/v2 v2.20.0
2025-11-16T15:50:53.842Z [DEBUG] using github.com/hashicorp/terraform-svchost v0.1.1
2025-11-16T15:50:53.842Z [DEBUG] using github.com/zclconf/go-cty v1.14.4
2025-11-16T15:50:53.842Z [INFO]  Go runtime version: go1.22.7
2025-11-16T15:50:53.842Z [INFO]  CLI args: []string{"terraform", "apply", "-auto-approve"}
2025-11-16T15:50:53.842Z [DEBUG] Attempting to open CLI config file: /root/.terraformrc
2025-11-16T15:50:53.842Z [DEBUG] File doesn't exist, but doesn't need to. Ignoring.
2025-11-16T15:50:53.842Z [DEBUG] ignoring non-existing provider search directory terraform.d/plugins
2025-11-16T15:50:53.842Z [DEBUG] ignoring non-existing provider search directory /root/.terraform.d/plugins
2025-11-16T15:50:53.842Z [DEBUG] ignoring non-existing provider search directory /root/.local/share/terraform/plugins
2025-11-16T15:50:53.842Z [DEBUG] ignoring non-existing provider search directory /usr/local/share/terraform/plugins
2025-11-16T15:50:53.842Z [DEBUG] ignoring non-existing provider search directory /usr/share/terraform/plugins
2025-11-16T15:50:53.842Z [DEBUG] ignoring non-existing provider search directory /var/lib/snapd/desktop/terraform/plugins
2025-11-16T15:50:53.843Z [INFO]  CLI command args: []string{"apply", "-auto-approve"}
2025-11-16T15:50:53.937Z [DEBUG] checking for provisioner in "."
2025-11-16T15:50:53.937Z [DEBUG] checking for provisioner in "/usr/local/bin"
2025-11-16T15:50:53.938Z [INFO]  backend/local: starting Apply operation
2025-11-16T15:50:53.939Z [DEBUG] created provider logger: level=debug
2025-11-16T15:50:53.939Z [INFO]  provider: configuring client automatic mTLS
2025-11-16T15:50:53.960Z [DEBUG] provider: starting plugin: path=.terraform/providers/registry.terraform.io/hashicorp/helm/2.17.0/linux_amd64/terraform-provider-helm_v2.17.0_x5 args=[".terraform/providers/registry.terraform.io/hashicorp/helm/2.17.0/linux_amd64/terraform-provider-helm_v2.17.0_x5"]
2025-11-16T15:50:53.960Z [DEBUG] provider: plugin started: path=.terraform/providers/registry.terraform.io/hashicorp/helm/2.17.0/linux_amd64/terraform-provider-helm_v2.17.0_x5 pid=172459
2025-11-16T15:50:53.960Z [DEBUG] provider: waiting for RPC address: plugin=.terraform/providers/registry.terraform.io/hashicorp/helm/2.17.0/linux_amd64/terraform-provider-helm_v2.17.0_x5
2025-11-16T15:50:53.982Z [INFO]  provider.terraform-provider-helm_v2.17.0_x5: configuring server automatic mTLS: timestamp=2025-11-16T15:50:53.982Z
2025-11-16T15:50:54.009Z [DEBUG] provider: using plugin: version=5
2025-11-16T15:50:54.009Z [DEBUG] provider.terraform-provider-helm_v2.17.0_x5: plugin address: network=unix address=/tmp/plugin3353135978 timestamp=2025-11-16T15:50:54.009Z
2025-11-16T15:50:54.035Z [DEBUG] provider.stdio: received EOF, stopping recv loop: err="rpc error: code = Unavailable desc = error reading from server: EOF"
2025-11-16T15:50:54.038Z [INFO]  provider: plugin process exited: plugin=.terraform/providers/registry.terraform.io/hashicorp/helm/2.17.0/linux_amd64/terraform-provider-helm_v2.17.0_x5 id=172459
2025-11-16T15:50:54.038Z [DEBUG] provider: plugin exited
2025-11-16T15:50:54.038Z [DEBUG] created provider logger: level=debug
2025-11-16T15:50:54.038Z [INFO]  provider: configuring client automatic mTLS
2025-11-16T15:50:54.051Z [DEBUG] provider: starting plugin: path=.terraform/providers/registry.terraform.io/hashicorp/kubernetes/2.38.0/linux_amd64/terraform-provider-kubernetes_v2.38.0_x5 args=[".terraform/providers/registry.terraform.io/hashicorp/kubernetes/2.38.0/linux_amd64/terraform-provider-kubernetes_v2.38.0_x5"]
2025-11-16T15:50:54.051Z [DEBUG] provider: plugin started: path=.terraform/providers/registry.terraform.io/hashicorp/kubernetes/2.38.0/linux_amd64/terraform-provider-kubernetes_v2.38.0_x5 pid=172469
2025-11-16T15:50:54.051Z [DEBUG] provider: waiting for RPC address: plugin=.terraform/providers/registry.terraform.io/hashicorp/kubernetes/2.38.0/linux_amd64/terraform-provider-kubernetes_v2.38.0_x5
2025-11-16T15:50:54.104Z [INFO]  provider.terraform-provider-kubernetes_v2.38.0_x5: configuring server automatic mTLS: timestamp=2025-11-16T15:50:54.104Z
2025-11-16T15:50:54.135Z [DEBUG] provider.terraform-provider-kubernetes_v2.38.0_x5: plugin address: address=/tmp/plugin2823619546 network=unix timestamp=2025-11-16T15:50:54.134Z
2025-11-16T15:50:54.135Z [DEBUG] provider: using plugin: version=5
2025-11-16T15:50:54.297Z [DEBUG] provider.stdio: received EOF, stopping recv loop: err="rpc error: code = Unavailable desc = error reading from server: EOF"
2025-11-16T15:50:54.301Z [INFO]  provider: plugin process exited: plugin=.terraform/providers/registry.terraform.io/hashicorp/kubernetes/2.38.0/linux_amd64/terraform-provider-kubernetes_v2.38.0_x5 id=172469
2025-11-16T15:50:54.301Z [DEBUG] provider: plugin exited
2025-11-16T15:50:54.301Z [DEBUG] Building and walking validate graph
2025-11-16T15:50:54.301Z [DEBUG] ProviderTransformer: "kubernetes_ingress.monitoring_ingress" (*terraform.NodeValidatableResource) needs provider["registry.terraform.io/hashicorp/kubernetes"]
2025-11-16T15:50:54.301Z [DEBUG] ProviderTransformer: "kubernetes_namespace.monitoring" (*terraform.NodeValidatableResource) needs provider["registry.terraform.io/hashicorp/kubernetes"]
2025-11-16T15:50:54.301Z [DEBUG] ProviderTransformer: "kubernetes_manifest.prometheus_service" (*terraform.NodeValidatableResource) needs provider["registry.terraform.io/hashicorp/kubernetes"]
2025-11-16T15:50:54.301Z [DEBUG] pruning unused provider["registry.terraform.io/hashicorp/helm"]
2025-11-16T15:50:54.302Z [DEBUG] ReferenceTransformer: "provider[\"registry.terraform.io/hashicorp/kubernetes\"]" references: []
2025-11-16T15:50:54.302Z [DEBUG] ReferenceTransformer: "kubernetes_namespace.monitoring" references: []
2025-11-16T15:50:54.302Z [DEBUG] ReferenceTransformer: "kubernetes_manifest.prometheus_service" references: []
2025-11-16T15:50:54.302Z [DEBUG] ReferenceTransformer: "kubernetes_ingress.monitoring_ingress" references: []
2025-11-16T15:50:54.302Z [DEBUG] ReferenceTransformer: "output.grafana_infos (expand)" references: []
2025-11-16T15:50:54.302Z [DEBUG] ReferenceTransformer: "output.prometheus_url (expand)" references: []
2025-11-16T15:50:54.302Z [DEBUG] Starting graph walk: walkValidate
2025-11-16T15:50:54.303Z [DEBUG] created provider logger: level=debug
2025-11-16T15:50:54.303Z [INFO]  provider: configuring client automatic mTLS
2025-11-16T15:50:54.316Z [DEBUG] provider: starting plugin: path=.terraform/providers/registry.terraform.io/hashicorp/kubernetes/2.38.0/linux_amd64/terraform-provider-kubernetes_v2.38.0_x5 args=[".terraform/providers/registry.terraform.io/hashicorp/kubernetes/2.38.0/linux_amd64/terraform-provider-kubernetes_v2.38.0_x5"]
2025-11-16T15:50:54.316Z [DEBUG] provider: plugin started: path=.terraform/providers/registry.terraform.io/hashicorp/kubernetes/2.38.0/linux_amd64/terraform-provider-kubernetes_v2.38.0_x5 pid=172479
2025-11-16T15:50:54.316Z [DEBUG] provider: waiting for RPC address: plugin=.terraform/providers/registry.terraform.io/hashicorp/kubernetes/2.38.0/linux_amd64/terraform-provider-kubernetes_v2.38.0_x5
2025-11-16T15:50:54.368Z [INFO]  provider.terraform-provider-kubernetes_v2.38.0_x5: configuring server automatic mTLS: timestamp=2025-11-16T15:50:54.368Z
2025-11-16T15:50:54.397Z [DEBUG] provider.terraform-provider-kubernetes_v2.38.0_x5: plugin address: address=/tmp/plugin1925145609 network=unix timestamp=2025-11-16T15:50:54.397Z
2025-11-16T15:50:54.397Z [DEBUG] provider: using plugin: version=5
2025-11-16T15:50:54.435Z [DEBUG] skipping FixUpBlockAttrs
2025-11-16T15:50:54.436Z [ERROR] vertex "kubernetes_ingress.monitoring_ingress" error: Unsupported block type
2025-11-16T15:50:54.436Z [ERROR] vertex "kubernetes_ingress.monitoring_ingress" error: Unsupported block type
2025-11-16T15:50:54.441Z [DEBUG] provider.stdio: received EOF, stopping recv loop: err="rpc error: code = Unavailable desc = error reading from server: EOF"
2025-11-16T15:50:54.444Z [INFO]  provider: plugin process exited: plugin=.terraform/providers/registry.terraform.io/hashicorp/kubernetes/2.38.0/linux_amd64/terraform-provider-kubernetes_v2.38.0_x5 id=172479
2025-11-16T15:50:54.444Z [DEBUG] provider: plugin exited
2025-11-16T15:51:57.161Z [INFO]  Terraform version: 1.9.8
2025-11-16T15:51:57.161Z [DEBUG] using github.com/hashicorp/go-tfe v1.58.0
2025-11-16T15:51:57.161Z [DEBUG] using github.com/hashicorp/hcl/v2 v2.20.0
2025-11-16T15:51:57.161Z [DEBUG] using github.com/hashicorp/terraform-svchost v0.1.1
2025-11-16T15:51:57.161Z [DEBUG] using github.com/zclconf/go-cty v1.14.4
2025-11-16T15:51:57.161Z [INFO]  Go runtime version: go1.22.7
2025-11-16T15:51:57.161Z [INFO]  CLI args: []string{"terraform", "apply", "-auto-approve"}
2025-11-16T15:51:57.161Z [DEBUG] Attempting to open CLI config file: /root/.terraformrc
2025-11-16T15:51:57.161Z [DEBUG] File doesn't exist, but doesn't need to. Ignoring.
2025-11-16T15:51:57.161Z [DEBUG] ignoring non-existing provider search directory terraform.d/plugins
2025-11-16T15:51:57.161Z [DEBUG] ignoring non-existing provider search directory /root/.terraform.d/plugins
2025-11-16T15:51:57.161Z [DEBUG] ignoring non-existing provider search directory /root/.local/share/terraform/plugins
2025-11-16T15:51:57.161Z [DEBUG] ignoring non-existing provider search directory /usr/local/share/terraform/plugins
2025-11-16T15:51:57.161Z [DEBUG] ignoring non-existing provider search directory /usr/share/terraform/plugins
2025-11-16T15:51:57.161Z [DEBUG] ignoring non-existing provider search directory /var/lib/snapd/desktop/terraform/plugins
2025-11-16T15:51:57.161Z [INFO]  CLI command args: []string{"apply", "-auto-approve"}
2025-11-16T15:51:57.257Z [DEBUG] checking for provisioner in "."
2025-11-16T15:51:57.257Z [DEBUG] checking for provisioner in "/usr/local/bin"
2025-11-16T15:51:57.258Z [INFO]  backend/local: starting Apply operation
2025-11-16T15:51:57.259Z [DEBUG] created provider logger: level=debug
2025-11-16T15:51:57.259Z [INFO]  provider: configuring client automatic mTLS
2025-11-16T15:51:57.276Z [DEBUG] provider: starting plugin: path=.terraform/providers/registry.terraform.io/hashicorp/helm/2.17.0/linux_amd64/terraform-provider-helm_v2.17.0_x5 args=[".terraform/providers/registry.terraform.io/hashicorp/helm/2.17.0/linux_amd64/terraform-provider-helm_v2.17.0_x5"]
2025-11-16T15:51:57.276Z [DEBUG] provider: plugin started: path=.terraform/providers/registry.terraform.io/hashicorp/helm/2.17.0/linux_amd64/terraform-provider-helm_v2.17.0_x5 pid=172518
2025-11-16T15:51:57.276Z [DEBUG] provider: waiting for RPC address: plugin=.terraform/providers/registry.terraform.io/hashicorp/helm/2.17.0/linux_amd64/terraform-provider-helm_v2.17.0_x5
2025-11-16T15:51:57.298Z [INFO]  provider.terraform-provider-helm_v2.17.0_x5: configuring server automatic mTLS: timestamp=2025-11-16T15:51:57.298Z
2025-11-16T15:51:57.317Z [DEBUG] provider: using plugin: version=5
2025-11-16T15:51:57.317Z [DEBUG] provider.terraform-provider-helm_v2.17.0_x5: plugin address: address=/tmp/plugin1611312334 network=unix timestamp=2025-11-16T15:51:57.316Z
2025-11-16T15:51:57.333Z [DEBUG] provider.stdio: received EOF, stopping recv loop: err="rpc error: code = Unavailable desc = error reading from server: EOF"
2025-11-16T15:51:57.334Z [INFO]  provider: plugin process exited: plugin=.terraform/providers/registry.terraform.io/hashicorp/helm/2.17.0/linux_amd64/terraform-provider-helm_v2.17.0_x5 id=172518
2025-11-16T15:51:57.334Z [DEBUG] provider: plugin exited
2025-11-16T15:51:57.334Z [DEBUG] created provider logger: level=debug
2025-11-16T15:51:57.334Z [INFO]  provider: configuring client automatic mTLS
2025-11-16T15:51:57.342Z [DEBUG] provider: starting plugin: path=.terraform/providers/registry.terraform.io/hashicorp/kubernetes/2.38.0/linux_amd64/terraform-provider-kubernetes_v2.38.0_x5 args=[".terraform/providers/registry.terraform.io/hashicorp/kubernetes/2.38.0/linux_amd64/terraform-provider-kubernetes_v2.38.0_x5"]
2025-11-16T15:51:57.342Z [DEBUG] provider: plugin started: path=.terraform/providers/registry.terraform.io/hashicorp/kubernetes/2.38.0/linux_amd64/terraform-provider-kubernetes_v2.38.0_x5 pid=172527
2025-11-16T15:51:57.342Z [DEBUG] provider: waiting for RPC address: plugin=.terraform/providers/registry.terraform.io/hashicorp/kubernetes/2.38.0/linux_amd64/terraform-provider-kubernetes_v2.38.0_x5
2025-11-16T15:51:57.376Z [INFO]  provider.terraform-provider-kubernetes_v2.38.0_x5: configuring server automatic mTLS: timestamp=2025-11-16T15:51:57.375Z
2025-11-16T15:51:57.390Z [DEBUG] provider: using plugin: version=5
2025-11-16T15:51:57.390Z [DEBUG] provider.terraform-provider-kubernetes_v2.38.0_x5: plugin address: address=/tmp/plugin472380566 network=unix timestamp=2025-11-16T15:51:57.390Z
2025-11-16T15:51:57.500Z [DEBUG] provider.stdio: received EOF, stopping recv loop: err="rpc error: code = Unavailable desc = error reading from server: EOF"
2025-11-16T15:51:57.504Z [INFO]  provider: plugin process exited: plugin=.terraform/providers/registry.terraform.io/hashicorp/kubernetes/2.38.0/linux_amd64/terraform-provider-kubernetes_v2.38.0_x5 id=172527
2025-11-16T15:51:57.504Z [DEBUG] provider: plugin exited
2025-11-16T15:51:57.505Z [DEBUG] Building and walking validate graph
2025-11-16T15:51:57.505Z [DEBUG] ProviderTransformer: "kubernetes_namespace.monitoring" (*terraform.NodeValidatableResource) needs provider["registry.terraform.io/hashicorp/kubernetes"]
2025-11-16T15:51:57.505Z [DEBUG] ProviderTransformer: "kubernetes_manifest.prometheus_service" (*terraform.NodeValidatableResource) needs provider["registry.terraform.io/hashicorp/kubernetes"]
2025-11-16T15:51:57.505Z [DEBUG] ProviderTransformer: "kubernetes_ingress.monitoring_ingress" (*terraform.NodeValidatableResource) needs provider["registry.terraform.io/hashicorp/kubernetes"]
2025-11-16T15:51:57.505Z [DEBUG] pruning unused provider["registry.terraform.io/hashicorp/helm"]
2025-11-16T15:51:57.505Z [DEBUG] ReferenceTransformer: "provider[\"registry.terraform.io/hashicorp/kubernetes\"]" references: []
2025-11-16T15:51:57.505Z [DEBUG] ReferenceTransformer: "kubernetes_namespace.monitoring" references: []
2025-11-16T15:51:57.505Z [DEBUG] ReferenceTransformer: "kubernetes_manifest.prometheus_service" references: []
2025-11-16T15:51:57.505Z [DEBUG] ReferenceTransformer: "kubernetes_ingress.monitoring_ingress" references: []
2025-11-16T15:51:57.505Z [DEBUG] ReferenceTransformer: "output.grafana_infos (expand)" references: []
2025-11-16T15:51:57.505Z [DEBUG] ReferenceTransformer: "output.prometheus_url (expand)" references: []
2025-11-16T15:51:57.505Z [DEBUG] Starting graph walk: walkValidate
2025-11-16T15:51:57.506Z [DEBUG] created provider logger: level=debug
2025-11-16T15:51:57.506Z [INFO]  provider: configuring client automatic mTLS
2025-11-16T15:51:57.514Z [DEBUG] provider: starting plugin: path=.terraform/providers/registry.terraform.io/hashicorp/kubernetes/2.38.0/linux_amd64/terraform-provider-kubernetes_v2.38.0_x5 args=[".terraform/providers/registry.terraform.io/hashicorp/kubernetes/2.38.0/linux_amd64/terraform-provider-kubernetes_v2.38.0_x5"]
2025-11-16T15:51:57.514Z [DEBUG] provider: plugin started: path=.terraform/providers/registry.terraform.io/hashicorp/kubernetes/2.38.0/linux_amd64/terraform-provider-kubernetes_v2.38.0_x5 pid=172536
2025-11-16T15:51:57.514Z [DEBUG] provider: waiting for RPC address: plugin=.terraform/providers/registry.terraform.io/hashicorp/kubernetes/2.38.0/linux_amd64/terraform-provider-kubernetes_v2.38.0_x5
2025-11-16T15:51:57.555Z [INFO]  provider.terraform-provider-kubernetes_v2.38.0_x5: configuring server automatic mTLS: timestamp=2025-11-16T15:51:57.555Z
2025-11-16T15:51:57.583Z [DEBUG] provider: using plugin: version=5
2025-11-16T15:51:57.583Z [DEBUG] provider.terraform-provider-kubernetes_v2.38.0_x5: plugin address: address=/tmp/plugin639999190 network=unix timestamp=2025-11-16T15:51:57.583Z
2025-11-16T15:51:57.607Z [DEBUG] skipping FixUpBlockAttrs
2025-11-16T15:51:57.607Z [ERROR] vertex "kubernetes_ingress.monitoring_ingress" error: Unsupported argument
2025-11-16T15:51:57.607Z [ERROR] vertex "kubernetes_ingress.monitoring_ingress" error: Unsupported block type
2025-11-16T15:51:57.607Z [ERROR] vertex "kubernetes_ingress.monitoring_ingress" error: Unsupported argument
2025-11-16T15:51:57.607Z [ERROR] vertex "kubernetes_ingress.monitoring_ingress" error: Unsupported block type
2025-11-16T15:51:57.613Z [DEBUG] provider.stdio: received EOF, stopping recv loop: err="rpc error: code = Unavailable desc = error reading from server: EOF"
2025-11-16T15:51:57.616Z [INFO]  provider: plugin process exited: plugin=.terraform/providers/registry.terraform.io/hashicorp/kubernetes/2.38.0/linux_amd64/terraform-provider-kubernetes_v2.38.0_x5 id=172536
2025-11-16T15:51:57.616Z [DEBUG] provider: plugin exited
2025-11-16T15:55:18.288Z [INFO]  Terraform version: 1.9.8
2025-11-16T15:55:18.288Z [DEBUG] using github.com/hashicorp/go-tfe v1.58.0
2025-11-16T15:55:18.288Z [DEBUG] using github.com/hashicorp/hcl/v2 v2.20.0
2025-11-16T15:55:18.288Z [DEBUG] using github.com/hashicorp/terraform-svchost v0.1.1
2025-11-16T15:55:18.288Z [DEBUG] using github.com/zclconf/go-cty v1.14.4
2025-11-16T15:55:18.288Z [INFO]  Go runtime version: go1.22.7
2025-11-16T15:55:18.288Z [INFO]  CLI args: []string{"terraform", "init"}
2025-11-16T15:55:18.288Z [DEBUG] Attempting to open CLI config file: /root/.terraformrc
2025-11-16T15:55:18.288Z [DEBUG] File doesn't exist, but doesn't need to. Ignoring.
2025-11-16T15:55:18.288Z [DEBUG] ignoring non-existing provider search directory terraform.d/plugins
2025-11-16T15:55:18.288Z [DEBUG] ignoring non-existing provider search directory /root/.terraform.d/plugins
2025-11-16T15:55:18.288Z [DEBUG] ignoring non-existing provider search directory /root/.local/share/terraform/plugins
2025-11-16T15:55:18.288Z [DEBUG] ignoring non-existing provider search directory /usr/local/share/terraform/plugins
2025-11-16T15:55:18.288Z [DEBUG] ignoring non-existing provider search directory /usr/share/terraform/plugins
2025-11-16T15:55:18.288Z [DEBUG] ignoring non-existing provider search directory /var/lib/snapd/desktop/terraform/plugins
2025-11-16T15:55:18.289Z [INFO]  CLI command args: []string{"init"}
2025-11-16T15:55:18.408Z [DEBUG] checking for provisioner in "."
2025-11-16T15:55:18.408Z [DEBUG] checking for provisioner in "/usr/local/bin"
2025-11-16T15:55:18.409Z [DEBUG] Service discovery for registry.terraform.io at https://registry.terraform.io/.well-known/terraform.json
2025-11-16T15:55:18.750Z [DEBUG] GET https://registry.terraform.io/v1/providers/hashicorp/helm/versions
2025-11-16T15:55:18.761Z [DEBUG] GET https://registry.terraform.io/v1/providers/hashicorp/kubernetes/versions
2025-11-16T15:55:31.137Z [INFO]  Terraform version: 1.9.8
2025-11-16T15:55:31.137Z [DEBUG] using github.com/hashicorp/go-tfe v1.58.0
2025-11-16T15:55:31.137Z [DEBUG] using github.com/hashicorp/hcl/v2 v2.20.0
2025-11-16T15:55:31.138Z [DEBUG] using github.com/hashicorp/terraform-svchost v0.1.1
2025-11-16T15:55:31.138Z [DEBUG] using github.com/zclconf/go-cty v1.14.4
2025-11-16T15:55:31.138Z [INFO]  Go runtime version: go1.22.7
2025-11-16T15:55:31.138Z [INFO]  CLI args: []string{"terraform", "apply"}
2025-11-16T15:55:31.138Z [DEBUG] Attempting to open CLI config file: /root/.terraformrc
2025-11-16T15:55:31.138Z [DEBUG] File doesn't exist, but doesn't need to. Ignoring.
2025-11-16T15:55:31.138Z [DEBUG] ignoring non-existing provider search directory terraform.d/plugins
2025-11-16T15:55:31.138Z [DEBUG] ignoring non-existing provider search directory /root/.terraform.d/plugins
2025-11-16T15:55:31.138Z [DEBUG] ignoring non-existing provider search directory /root/.local/share/terraform/plugins
2025-11-16T15:55:31.138Z [DEBUG] ignoring non-existing provider search directory /usr/local/share/terraform/plugins
2025-11-16T15:55:31.138Z [DEBUG] ignoring non-existing provider search directory /usr/share/terraform/plugins
2025-11-16T15:55:31.138Z [DEBUG] ignoring non-existing provider search directory /var/lib/snapd/desktop/terraform/plugins
2025-11-16T15:55:31.138Z [INFO]  CLI command args: []string{"apply"}
2025-11-16T15:55:31.266Z [DEBUG] checking for provisioner in "."
2025-11-16T15:55:31.266Z [DEBUG] checking for provisioner in "/usr/local/bin"
2025-11-16T15:55:31.266Z [INFO]  backend/local: starting Apply operation
2025-11-16T15:55:31.268Z [DEBUG] created provider logger: level=debug
2025-11-16T15:55:31.268Z [INFO]  provider: configuring client automatic mTLS
2025-11-16T15:55:31.285Z [DEBUG] provider: starting plugin: path=.terraform/providers/registry.terraform.io/hashicorp/helm/2.17.0/linux_amd64/terraform-provider-helm_v2.17.0_x5 args=[".terraform/providers/registry.terraform.io/hashicorp/helm/2.17.0/linux_amd64/terraform-provider-helm_v2.17.0_x5"]
2025-11-16T15:55:31.285Z [DEBUG] provider: plugin started: path=.terraform/providers/registry.terraform.io/hashicorp/helm/2.17.0/linux_amd64/terraform-provider-helm_v2.17.0_x5 pid=172665
2025-11-16T15:55:31.285Z [DEBUG] provider: waiting for RPC address: plugin=.terraform/providers/registry.terraform.io/hashicorp/helm/2.17.0/linux_amd64/terraform-provider-helm_v2.17.0_x5
2025-11-16T15:55:31.318Z [INFO]  provider.terraform-provider-helm_v2.17.0_x5: configuring server automatic mTLS: timestamp=2025-11-16T15:55:31.318Z
2025-11-16T15:55:31.357Z [DEBUG] provider.terraform-provider-helm_v2.17.0_x5: plugin address: address=/tmp/plugin2912539632 network=unix timestamp=2025-11-16T15:55:31.356Z
2025-11-16T15:55:31.357Z [DEBUG] provider: using plugin: version=5
2025-11-16T15:55:31.388Z [DEBUG] provider.stdio: received EOF, stopping recv loop: err="rpc error: code = Unavailable desc = error reading from server: EOF"
2025-11-16T15:55:31.390Z [INFO]  provider: plugin process exited: plugin=.terraform/providers/registry.terraform.io/hashicorp/helm/2.17.0/linux_amd64/terraform-provider-helm_v2.17.0_x5 id=172665
2025-11-16T15:55:31.390Z [DEBUG] provider: plugin exited
2025-11-16T15:55:31.390Z [DEBUG] created provider logger: level=debug
2025-11-16T15:55:31.391Z [INFO]  provider: configuring client automatic mTLS
2025-11-16T15:55:31.404Z [DEBUG] provider: starting plugin: path=.terraform/providers/registry.terraform.io/hashicorp/kubernetes/2.38.0/linux_amd64/terraform-provider-kubernetes_v2.38.0_x5 args=[".terraform/providers/registry.terraform.io/hashicorp/kubernetes/2.38.0/linux_amd64/terraform-provider-kubernetes_v2.38.0_x5"]
2025-11-16T15:55:31.404Z [DEBUG] provider: plugin started: path=.terraform/providers/registry.terraform.io/hashicorp/kubernetes/2.38.0/linux_amd64/terraform-provider-kubernetes_v2.38.0_x5 pid=172675
2025-11-16T15:55:31.405Z [DEBUG] provider: waiting for RPC address: plugin=.terraform/providers/registry.terraform.io/hashicorp/kubernetes/2.38.0/linux_amd64/terraform-provider-kubernetes_v2.38.0_x5
2025-11-16T15:55:31.463Z [INFO]  provider.terraform-provider-kubernetes_v2.38.0_x5: configuring server automatic mTLS: timestamp=2025-11-16T15:55:31.462Z
2025-11-16T15:55:31.492Z [DEBUG] provider: using plugin: version=5
2025-11-16T15:55:31.492Z [DEBUG] provider.terraform-provider-kubernetes_v2.38.0_x5: plugin address: address=/tmp/plugin2354257176 network=unix timestamp=2025-11-16T15:55:31.492Z
2025-11-16T15:55:31.634Z [DEBUG] provider.stdio: received EOF, stopping recv loop: err="rpc error: code = Unavailable desc = error reading from server: EOF"
2025-11-16T15:55:31.638Z [INFO]  provider: plugin process exited: plugin=.terraform/providers/registry.terraform.io/hashicorp/kubernetes/2.38.0/linux_amd64/terraform-provider-kubernetes_v2.38.0_x5 id=172675
2025-11-16T15:55:31.638Z [DEBUG] provider: plugin exited
2025-11-16T15:55:31.638Z [DEBUG] Building and walking validate graph
2025-11-16T15:55:31.639Z [DEBUG] ProviderTransformer: "kubernetes_manifest.grafana_service" (*terraform.NodeValidatableResource) needs provider["registry.terraform.io/hashicorp/kubernetes"]
2025-11-16T15:55:31.639Z [DEBUG] ProviderTransformer: "helm_release.kps" (*terraform.NodeValidatableResource) needs provider["registry.terraform.io/hashicorp/helm"]
2025-11-16T15:55:31.639Z [DEBUG] ProviderTransformer: "kubernetes_namespace.monitoring" (*terraform.NodeValidatableResource) needs provider["registry.terraform.io/hashicorp/kubernetes"]
2025-11-16T15:55:31.639Z [DEBUG] ProviderTransformer: "kubernetes_ingress.monitoring_ingress" (*terraform.NodeValidatableResource) needs provider["registry.terraform.io/hashicorp/kubernetes"]
2025-11-16T15:55:31.639Z [DEBUG] ProviderTransformer: "kubernetes_manifest.prometheus_service" (*terraform.NodeValidatableResource) needs provider["registry.terraform.io/hashicorp/kubernetes"]
2025-11-16T15:55:31.639Z [DEBUG] ReferenceTransformer: "kubernetes_manifest.prometheus_service" references: []
2025-11-16T15:55:31.639Z [DEBUG] ReferenceTransformer: "output.grafana_infos (expand)" references: []
2025-11-16T15:55:31.639Z [DEBUG] ReferenceTransformer: "provider[\"registry.terraform.io/hashicorp/kubernetes\"]" references: []
2025-11-16T15:55:31.640Z [DEBUG] ReferenceTransformer: "helm_release.kps" references: [kubernetes_namespace.monitoring kubernetes_namespace.monitoring]
2025-11-16T15:55:31.640Z [DEBUG] ReferenceTransformer: "output.prometheus_url (expand)" references: []
2025-11-16T15:55:31.640Z [DEBUG] ReferenceTransformer: "provider[\"registry.terraform.io/hashicorp/helm\"]" references: []
2025-11-16T15:55:31.640Z [DEBUG] ReferenceTransformer: "kubernetes_namespace.monitoring" references: []
2025-11-16T15:55:31.640Z [DEBUG] ReferenceTransformer: "kubernetes_ingress.monitoring_ingress" references: []
2025-11-16T15:55:31.640Z [DEBUG] ReferenceTransformer: "kubernetes_manifest.grafana_service" references: []
2025-11-16T15:55:31.641Z [DEBUG] Starting graph walk: walkValidate
2025-11-16T15:55:31.641Z [DEBUG] created provider logger: level=debug
2025-11-16T15:55:31.641Z [INFO]  provider: configuring client automatic mTLS
2025-11-16T15:55:31.654Z [DEBUG] provider: starting plugin: path=.terraform/providers/registry.terraform.io/hashicorp/kubernetes/2.38.0/linux_amd64/terraform-provider-kubernetes_v2.38.0_x5 args=[".terraform/providers/registry.terraform.io/hashicorp/kubernetes/2.38.0/linux_amd64/terraform-provider-kubernetes_v2.38.0_x5"]
2025-11-16T15:55:31.654Z [DEBUG] provider: plugin started: path=.terraform/providers/registry.terraform.io/hashicorp/kubernetes/2.38.0/linux_amd64/terraform-provider-kubernetes_v2.38.0_x5 pid=172685
2025-11-16T15:55:31.654Z [DEBUG] provider: waiting for RPC address: plugin=.terraform/providers/registry.terraform.io/hashicorp/kubernetes/2.38.0/linux_amd64/terraform-provider-kubernetes_v2.38.0_x5
2025-11-16T15:55:31.711Z [INFO]  provider.terraform-provider-kubernetes_v2.38.0_x5: configuring server automatic mTLS: timestamp=2025-11-16T15:55:31.711Z
2025-11-16T15:55:31.738Z [DEBUG] provider.terraform-provider-kubernetes_v2.38.0_x5: plugin address: address=/tmp/plugin1940674524 network=unix timestamp=2025-11-16T15:55:31.738Z
2025-11-16T15:55:31.738Z [DEBUG] provider: using plugin: version=5
2025-11-16T15:55:31.761Z [DEBUG] created provider logger: level=debug
2025-11-16T15:55:31.761Z [INFO]  provider: configuring client automatic mTLS
2025-11-16T15:55:31.777Z [DEBUG] provider: starting plugin: path=.terraform/providers/registry.terraform.io/hashicorp/helm/2.17.0/linux_amd64/terraform-provider-helm_v2.17.0_x5 args=[".terraform/providers/registry.terraform.io/hashicorp/helm/2.17.0/linux_amd64/terraform-provider-helm_v2.17.0_x5"]
2025-11-16T15:55:31.778Z [DEBUG] provider: plugin started: path=.terraform/providers/registry.terraform.io/hashicorp/helm/2.17.0/linux_amd64/terraform-provider-helm_v2.17.0_x5 pid=172694
2025-11-16T15:55:31.778Z [DEBUG] provider: waiting for RPC address: plugin=.terraform/providers/registry.terraform.io/hashicorp/helm/2.17.0/linux_amd64/terraform-provider-helm_v2.17.0_x5
2025-11-16T15:55:31.811Z [INFO]  provider.terraform-provider-helm_v2.17.0_x5: configuring server automatic mTLS: timestamp=2025-11-16T15:55:31.810Z
2025-11-16T15:55:31.842Z [DEBUG] provider: using plugin: version=5
2025-11-16T15:55:31.842Z [DEBUG] provider.terraform-provider-helm_v2.17.0_x5: plugin address: address=/tmp/plugin1528095395 network=unix timestamp=2025-11-16T15:55:31.841Z
2025-11-16T15:55:31.863Z [DEBUG] skipping FixUpBlockAttrs
2025-11-16T15:55:31.863Z [DEBUG] skipping FixUpBlockAttrs
2025-11-16T15:55:31.868Z [DEBUG] provider.stdio: received EOF, stopping recv loop: err="rpc error: code = Unavailable desc = error reading from server: EOF"
2025-11-16T15:55:31.869Z [INFO]  provider: plugin process exited: plugin=.terraform/providers/registry.terraform.io/hashicorp/kubernetes/2.38.0/linux_amd64/terraform-provider-kubernetes_v2.38.0_x5 id=172685
2025-11-16T15:55:31.869Z [DEBUG] provider: plugin exited
2025-11-16T15:55:31.873Z [DEBUG] provider.stdio: received EOF, stopping recv loop: err="rpc error: code = Unavailable desc = error reading from server: EOF"
2025-11-16T15:55:31.875Z [INFO]  provider: plugin process exited: plugin=.terraform/providers/registry.terraform.io/hashicorp/helm/2.17.0/linux_amd64/terraform-provider-helm_v2.17.0_x5 id=172694
2025-11-16T15:55:31.875Z [DEBUG] provider: plugin exited
2025-11-16T15:55:31.875Z [INFO]  backend/local: apply calling Plan
2025-11-16T15:55:31.875Z [DEBUG] Building and walking plan graph for NormalMode
2025-11-16T15:55:31.876Z [DEBUG] ProviderTransformer: "helm_release.kps (expand)" (*terraform.nodeExpandPlannableResource) needs provider["registry.terraform.io/hashicorp/helm"]
2025-11-16T15:55:31.876Z [DEBUG] ProviderTransformer: "kubernetes_namespace.monitoring (expand)" (*terraform.nodeExpandPlannableResource) needs provider["registry.terraform.io/hashicorp/kubernetes"]
2025-11-16T15:55:31.876Z [DEBUG] ProviderTransformer: "kubernetes_ingress.monitoring_ingress (expand)" (*terraform.nodeExpandPlannableResource) needs provider["registry.terraform.io/hashicorp/kubernetes"]
2025-11-16T15:55:31.876Z [DEBUG] ProviderTransformer: "kubernetes_manifest.prometheus_service (expand)" (*terraform.nodeExpandPlannableResource) needs provider["registry.terraform.io/hashicorp/kubernetes"]
2025-11-16T15:55:31.876Z [DEBUG] ProviderTransformer: "kubernetes_manifest.grafana_service (expand)" (*terraform.nodeExpandPlannableResource) needs provider["registry.terraform.io/hashicorp/kubernetes"]
2025-11-16T15:55:31.876Z [DEBUG] ReferenceTransformer: "kubernetes_ingress.monitoring_ingress (expand)" references: []
2025-11-16T15:55:31.876Z [DEBUG] ReferenceTransformer: "output.grafana_infos (expand)" references: []
2025-11-16T15:55:31.876Z [DEBUG] ReferenceTransformer: "kubernetes_namespace.monitoring (expand)" references: []
2025-11-16T15:55:31.876Z [DEBUG] ReferenceTransformer: "kubernetes_manifest.grafana_service (expand)" references: []
2025-11-16T15:55:31.876Z [DEBUG] ReferenceTransformer: "helm_release.kps (expand)" references: [kubernetes_namespace.monitoring (expand) kubernetes_namespace.monitoring (expand)]
2025-11-16T15:55:31.876Z [DEBUG] ReferenceTransformer: "output.prometheus_url (expand)" references: []
2025-11-16T15:55:31.876Z [DEBUG] ReferenceTransformer: "provider[\"registry.terraform.io/hashicorp/kubernetes\"]" references: []
2025-11-16T15:55:31.877Z [DEBUG] ReferenceTransformer: "provider[\"registry.terraform.io/hashicorp/helm\"]" references: []
2025-11-16T15:55:31.877Z [DEBUG] ReferenceTransformer: "kubernetes_manifest.prometheus_service (expand)" references: []
2025-11-16T15:55:31.877Z [DEBUG] Starting graph walk: walkPlan
2025-11-16T15:55:31.877Z [DEBUG] created provider logger: level=debug
2025-11-16T15:55:31.878Z [INFO]  provider: configuring client automatic mTLS
2025-11-16T15:55:31.890Z [DEBUG] provider: starting plugin: path=.terraform/providers/registry.terraform.io/hashicorp/kubernetes/2.38.0/linux_amd64/terraform-provider-kubernetes_v2.38.0_x5 args=[".terraform/providers/registry.terraform.io/hashicorp/kubernetes/2.38.0/linux_amd64/terraform-provider-kubernetes_v2.38.0_x5"]
2025-11-16T15:55:31.891Z [DEBUG] provider: plugin started: path=.terraform/providers/registry.terraform.io/hashicorp/kubernetes/2.38.0/linux_amd64/terraform-provider-kubernetes_v2.38.0_x5 pid=172703
2025-11-16T15:55:31.891Z [DEBUG] provider: waiting for RPC address: plugin=.terraform/providers/registry.terraform.io/hashicorp/kubernetes/2.38.0/linux_amd64/terraform-provider-kubernetes_v2.38.0_x5
2025-11-16T15:55:31.949Z [INFO]  provider.terraform-provider-kubernetes_v2.38.0_x5: configuring server automatic mTLS: timestamp=2025-11-16T15:55:31.949Z
2025-11-16T15:55:31.979Z [DEBUG] provider: using plugin: version=5
2025-11-16T15:55:31.979Z [DEBUG] provider.terraform-provider-kubernetes_v2.38.0_x5: plugin address: address=/tmp/plugin760134544 network=unix timestamp=2025-11-16T15:55:31.978Z
2025-11-16T15:55:31.995Z [DEBUG] created provider logger: level=debug
2025-11-16T15:55:31.995Z [INFO]  provider: configuring client automatic mTLS
2025-11-16T15:55:32.008Z [DEBUG] provider: starting plugin: path=.terraform/providers/registry.terraform.io/hashicorp/helm/2.17.0/linux_amd64/terraform-provider-helm_v2.17.0_x5 args=[".terraform/providers/registry.terraform.io/hashicorp/helm/2.17.0/linux_amd64/terraform-provider-helm_v2.17.0_x5"]
2025-11-16T15:55:32.008Z [DEBUG] provider: plugin started: path=.terraform/providers/registry.terraform.io/hashicorp/helm/2.17.0/linux_amd64/terraform-provider-helm_v2.17.0_x5 pid=172711
2025-11-16T15:55:32.008Z [DEBUG] provider: waiting for RPC address: plugin=.terraform/providers/registry.terraform.io/hashicorp/helm/2.17.0/linux_amd64/terraform-provider-helm_v2.17.0_x5
2025-11-16T15:55:32.042Z [INFO]  provider.terraform-provider-helm_v2.17.0_x5: configuring server automatic mTLS: timestamp=2025-11-16T15:55:32.042Z
2025-11-16T15:55:32.073Z [DEBUG] provider: using plugin: version=5
2025-11-16T15:55:32.073Z [DEBUG] provider.terraform-provider-helm_v2.17.0_x5: plugin address: address=/tmp/plugin534660981 network=unix timestamp=2025-11-16T15:55:32.073Z
2025-11-16T15:55:32.095Z [DEBUG] provider.terraform-provider-kubernetes_v2.38.0_x5: 2025/11/16 15:55:32 [DEBUG] Using kubeconfig: /root/.kube/config
2025-11-16T15:55:32.097Z [DEBUG] provider.terraform-provider-kubernetes_v2.38.0_x5: 2025/11/16 15:55:32 [DEBUG] Enabling HTTP requests/responses tracing
2025-11-16T15:55:32.099Z [DEBUG] ReferenceTransformer: "kubernetes_manifest.prometheus_service" references: []
2025-11-16T15:55:32.099Z [WARN]  ValidateProviderConfig from "provider[\"registry.terraform.io/hashicorp/helm\"]" changed the config value, but that value is unused
2025-11-16T15:55:32.099Z [DEBUG] Resource instance state not found for node "kubernetes_manifest.grafana_service", instance kubernetes_manifest.grafana_service
2025-11-16T15:55:32.099Z [DEBUG] ReferenceTransformer: "kubernetes_manifest.grafana_service" references: []
2025-11-16T15:55:32.099Z [DEBUG] refresh: kubernetes_manifest.grafana_service: no state, so not refreshing
2025-11-16T15:55:32.099Z [DEBUG] UpgradeResourceState: ignoring dynamic block: map[string]interface {}{"type":[]interface {}{"object", map[string]interface {}{"apiVersion":"string", "kind":"string", "metadata":[]interface {}{"object", map[string]interface {}{"name":"string", "namespace":"string"}}, "spec":[]interface {}{"object", map[string]interface {}{"ports":[]interface {}{"tuple", []interface {}{[]interface {}{"object", map[string]interface {}{"port":"number", "protocol":"string", "targetPort":"number"}}}}, "selector":[]interface {}{"object", map[string]interface {}{"app":"string"}}, "type":"string"}}}}, "value":map[string]interface {}{"apiVersion":"v1", "kind":"Service", "metadata":map[string]interface {}{"name":"prometheus-server", "namespace":"monitoring"}, "spec":map[string]interface {}{"ports":[]interface {}{map[string]interface {}{"port":9090, "protocol":"TCP", "targetPort":9090}}, "selector":map[string]interface {}{"app":"prometheus"}, "type":"LoadBalancer"}}}
2025-11-16T15:55:32.099Z [DEBUG] skipping FixUpBlockAttrs
2025-11-16T15:55:32.099Z [DEBUG] UpgradeResourceState: ignoring dynamic block: map[string]interface {}{"type":[]interface {}{"object", map[string]interface {}{"apiVersion":"string", "kind":"string", "metadata":[]interface {}{"object", map[string]interface {}{"annotations":[]interface {}{"map", "string"}, "creationTimestamp":"string", "deletionGracePeriodSeconds":"number", "deletionTimestamp":"string", "finalizers":[]interface {}{"list", "string"}, "generateName":"string", "generation":"number", "labels":[]interface {}{"map", "string"}, "managedFields":[]interface {}{"tuple", []interface {}{[]interface {}{"object", map[string]interface {}{"apiVersion":"string", "fieldsType":"string", "fieldsV1":"dynamic", "manager":"string", "operation":"string", "subresource":"string", "time":"string"}}}}, "name":"string", "namespace":"string", "ownerReferences":[]interface {}{"list", []interface {}{"object", map[string]interface {}{"apiVersion":"string", "blockOwnerDeletion":"bool", "controller":"bool", "kind":"string", "name":"string", "uid":"string"}}}, "resourceVersion":"string", "selfLink":"string", "uid":"string"}}, "spec":[]interface {}{"object", map[string]interface {}{"allocateLoadBalancerNodePorts":"bool", "clusterIP":"string", "clusterIPs":[]interface {}{"list", "string"}, "externalIPs":[]interface {}{"list", "string"}, "externalName":"string", "externalTrafficPolicy":"string", "healthCheckNodePort":"number", "internalTrafficPolicy":"string", "ipFamilies":[]interface {}{"list", "string"}, "ipFamilyPolicy":"string", "loadBalancerClass":"string", "loadBalancerIP":"string", "loadBalancerSourceRanges":[]interface {}{"list", "string"}, "ports":[]interface {}{"list", []interface {}{"object", map[string]interface {}{"appProtocol":"string", "name":"string", "nodePort":"number", "port":"number", "protocol":"string", "targetPort":"string"}}}, "publishNotReadyAddresses":"bool", "selector":[]interface {}{"map", "string"}, "sessionAffinity":"string", "sessionAffinityConfig":[]interface {}{"object", map[string]interface {}{"clientIP":[]interface {}{"object", map[string]interface {}{"timeoutSeconds":"number"}}}}, "trafficDistribution":"string", "type":"string"}}}}, "value":map[string]interface {}{"apiVersion":"v1", "kind":"Service", "metadata":map[string]interface {}{"annotations":interface {}(nil), "creationTimestamp":interface {}(nil), "deletionGracePeriodSeconds":interface {}(nil), "deletionTimestamp":interface {}(nil), "finalizers":interface {}(nil), "generateName":interface {}(nil), "generation":interface {}(nil), "labels":interface {}(nil), "managedFields":interface {}(nil), "name":"prometheus-server", "namespace":"monitoring", "ownerReferences":interface {}(nil), "resourceVersion":interface {}(nil), "selfLink":interface {}(nil), "uid":interface {}(nil)}, "spec":map[string]interface {}{"allocateLoadBalancerNodePorts":true, "clusterIP":"10.109.87.174", "clusterIPs":[]interface {}{"10.109.87.174"}, "externalIPs":interface {}(nil), "externalName":interface {}(nil), "externalTrafficPolicy":"Cluster", "healthCheckNodePort":interface {}(nil), "internalTrafficPolicy":"Cluster", "ipFamilies":[]interface {}{"IPv4"}, "ipFamilyPolicy":"SingleStack", "loadBalancerClass":interface {}(nil), "loadBalancerIP":interface {}(nil), "loadBalancerSourceRanges":interface {}(nil), "ports":[]interface {}{map[string]interface {}{"appProtocol":interface {}(nil), "name":interface {}(nil), "nodePort":32426, "port":9090, "protocol":"TCP", "targetPort":"9090"}}, "publishNotReadyAddresses":interface {}(nil), "selector":map[string]interface {}{"app":"prometheus"}, "sessionAffinity":"None", "sessionAffinityConfig":map[string]interface {}{"clientIP":map[string]interface {}{"timeoutSeconds":interface {}(nil)}}, "trafficDistribution":interface {}(nil), "type":"LoadBalancer"}}}
2025-11-16T15:55:32.100Z [DEBUG] ReferenceTransformer: "kubernetes_namespace.monitoring" references: []
2025-11-16T15:55:32.100Z [DEBUG] Resource instance state not found for node "kubernetes_ingress.monitoring_ingress", instance kubernetes_ingress.monitoring_ingress
2025-11-16T15:55:32.100Z [DEBUG] ReferenceTransformer: "kubernetes_ingress.monitoring_ingress" references: []
2025-11-16T15:55:32.101Z [DEBUG] refresh: kubernetes_ingress.monitoring_ingress: no state, so not refreshing
2025-11-16T15:55:32.102Z [INFO]  provider.terraform-provider-helm_v2.17.0_x5: 2025/11/16 15:55:32 [DEBUG] Experiments enabled: []: timestamp=2025-11-16T15:55:32.100Z
2025-11-16T15:55:32.106Z [DEBUG] provider.terraform-provider-kubernetes_v2.38.0_x5: 2025/11/16 15:55:32 [INFO] Checking namespace monitoring
2025-11-16T15:55:32.107Z [DEBUG] provider.terraform-provider-kubernetes_v2.38.0_x5: Sending HTTP Request: new_logger_warning="This log was generated by a subsystem logger that wasn't created before being used. Use tflog.NewSubsystem to create this logger before it is used." tf_http_req_method=GET @module=kubernetes.Kubernetes Accept-Encoding=gzip Host=91.98.16.184:6443 User-Agent="HashiCorp/1.0 Terraform/1.9.8" tf_http_op_type=request tf_http_req_uri=/api/v1/namespaces/monitoring tf_http_trans_id=a4b11606-a1e9-d571-d3ca-ae3cf6a09253 @caller=github.com/hashicorp/terraform-plugin-sdk/v2@v2.37.0/helper/logging/logging_http_transport.go:160 Accept="application/json, */*" tf_http_req_body="" tf_http_req_version=HTTP/1.1 timestamp=2025-11-16T15:55:32.107Z
2025-11-16T15:55:32.208Z [DEBUG] provider.terraform-provider-kubernetes_v2.38.0_x5: Received HTTP Response: Content-Length=703 Date="Sun, 16 Nov 2025 15:55:32 GMT" new_logger_warning="This log was generated by a subsystem logger that wasn't created before being used. Use tflog.NewSubsystem to create this logger before it is used." tf_http_op_type=response
  tf_http_res_body=
  | {"kind":"Namespace","apiVersion":"v1","metadata":{"name":"monitoring","uid":"1fce642b-ebce-427a-ae8e-07b0b653b297","resourceVersion":"2016275","creationTimestamp":"2025-11-16T10:59:25Z","labels":{"kubernetes.io/metadata.name":"monitoring","pod-security.kubernetes.io/audit":"restricted","pod-security.kubernetes.io/enforce":"baseline"},"managedFields":[{"manager":"HashiCorp","operation":"Update","apiVersion":"v1","time":"2025-11-16T10:59:25Z","fieldsType":"FieldsV1","fieldsV1":{"f:metadata":{"f:labels":{".":{},"f:kubernetes.io/metadata.name":{},"f:pod-security.kubernetes.io/audit":{},"f:pod-security.kubernetes.io/enforce":{}}}}}]},"spec":{"finalizers":["kubernetes"]},"status":{"phase":"Active"}}
   tf_http_res_version=HTTP/2.0 Audit-Id=54dcad2e-ac12-4047-acb2-f6fe7ce0f4cf X-Kubernetes-Pf-Flowschema-Uid=24ef9050-0ff9-4e4e-b810-9e682b32e548 tf_http_res_status_code=200 @module=kubernetes.Kubernetes Cache-Control="no-cache, private" Content-Type=application/json @caller=github.com/hashicorp/terraform-plugin-sdk/v2@v2.37.0/helper/logging/logging_http_transport.go:160 X-Kubernetes-Pf-Prioritylevel-Uid=debe343a-fda0-4702-9e46-7980016434a2 tf_http_res_status_reason="200 OK" tf_http_trans_id=a4b11606-a1e9-d571-d3ca-ae3cf6a09253 timestamp=2025-11-16T15:55:32.207Z
2025-11-16T15:55:32.208Z [DEBUG] provider.terraform-provider-kubernetes_v2.38.0_x5: 2025/11/16 15:55:32 [INFO] Namespace monitoring exists
2025-11-16T15:55:32.208Z [DEBUG] provider.terraform-provider-kubernetes_v2.38.0_x5: 2025/11/16 15:55:32 [INFO] Reading namespace monitoring
2025-11-16T15:55:32.208Z [DEBUG] provider.terraform-provider-kubernetes_v2.38.0_x5: Sending HTTP Request: @caller=github.com/hashicorp/terraform-plugin-sdk/v2@v2.37.0/helper/logging/logging_http_transport.go:160 tf_http_op_type=request tf_http_req_method=GET tf_http_req_version=HTTP/1.1 @module=kubernetes.Kubernetes User-Agent="HashiCorp/1.0 Terraform/1.9.8" new_logger_warning="This log was generated by a subsystem logger that wasn't created before being used. Use tflog.NewSubsystem to create this logger before it is used." tf_http_req_uri=/api/v1/namespaces/monitoring Accept-Encoding=gzip Host=91.98.16.184:6443 tf_http_req_body="" tf_http_trans_id=8df1285f-499c-83b4-ee23-d6ab7c01a61f Accept="application/json, */*" timestamp=2025-11-16T15:55:32.208Z
2025-11-16T15:55:32.235Z [DEBUG] provider.terraform-provider-kubernetes_v2.38.0_x5: Received HTTP Response:
  tf_http_res_body=
  | {"kind":"Namespace","apiVersion":"v1","metadata":{"name":"monitoring","uid":"1fce642b-ebce-427a-ae8e-07b0b653b297","resourceVersion":"2016275","creationTimestamp":"2025-11-16T10:59:25Z","labels":{"kubernetes.io/metadata.name":"monitoring","pod-security.kubernetes.io/audit":"restricted","pod-security.kubernetes.io/enforce":"baseline"},"managedFields":[{"manager":"HashiCorp","operation":"Update","apiVersion":"v1","time":"2025-11-16T10:59:25Z","fieldsType":"FieldsV1","fieldsV1":{"f:metadata":{"f:labels":{".":{},"f:kubernetes.io/metadata.name":{},"f:pod-security.kubernetes.io/audit":{},"f:pod-security.kubernetes.io/enforce":{}}}}}]},"spec":{"finalizers":["kubernetes"]},"status":{"phase":"Active"}}
   tf_http_res_version=HTTP/2.0 Audit-Id=76ed81b0-9eda-4104-b361-d8ffbd4c66e5 Cache-Control="no-cache, private" Date="Sun, 16 Nov 2025 15:55:32 GMT" tf_http_res_status_reason="200 OK" @caller=github.com/hashicorp/terraform-plugin-sdk/v2@v2.37.0/helper/logging/logging_http_transport.go:160 Content-Length=703 X-Kubernetes-Pf-Flowschema-Uid=24ef9050-0ff9-4e4e-b810-9e682b32e548 X-Kubernetes-Pf-Prioritylevel-Uid=debe343a-fda0-4702-9e46-7980016434a2 new_logger_warning="This log was generated by a subsystem logger that wasn't created before being used. Use tflog.NewSubsystem to create this logger before it is used." tf_http_op_type=response tf_http_trans_id=8df1285f-499c-83b4-ee23-d6ab7c01a61f @module=kubernetes.Kubernetes Content-Type=application/json tf_http_res_status_code=200 timestamp=2025-11-16T15:55:32.235Z
2025-11-16T15:55:32.235Z [DEBUG] provider.terraform-provider-kubernetes_v2.38.0_x5: 2025/11/16 15:55:32 [INFO] Received namespace: &v1.Namespace{TypeMeta:v1.TypeMeta{Kind:"", APIVersion:""}, ObjectMeta:v1.ObjectMeta{Name:"monitoring", GenerateName:"", Namespace:"", SelfLink:"", UID:"1fce642b-ebce-427a-ae8e-07b0b653b297", ResourceVersion:"2016275", Generation:0, CreationTimestamp:time.Date(2025, time.November, 16, 10, 59, 25, 0, time.Local), DeletionTimestamp:<nil>, DeletionGracePeriodSeconds:(*int64)(nil), Labels:map[string]string{"kubernetes.io/metadata.name":"monitoring", "pod-security.kubernetes.io/audit":"restricted", "pod-security.kubernetes.io/enforce":"baseline"}, Annotations:map[string]string(nil), OwnerReferences:[]v1.OwnerReference(nil), Finalizers:[]string(nil), ManagedFields:[]v1.ManagedFieldsEntry{v1.ManagedFieldsEntry{Manager:"HashiCorp", Operation:"Update", APIVersion:"v1", Time:time.Date(2025, time.November, 16, 10, 59, 25, 0, time.Local), FieldsType:"FieldsV1", FieldsV1:(*v1.FieldsV1)(0xc001055248), Subresource:""}}}, Spec:v1.NamespaceSpec{Finalizers:[]v1.FinalizerName{"kubernetes"}}, Status:v1.NamespaceStatus{Phase:"Active", Conditions:[]v1.NamespaceCondition(nil)}}
2025-11-16T15:55:32.240Z [WARN]  Provider "registry.terraform.io/hashicorp/kubernetes" produced an invalid plan for kubernetes_namespace.monitoring, but we are tolerating it because it is using the legacy plugin SDK.
    The following problems may be the cause of any confusing errors from downstream operations:
      - .wait_for_default_service_account: planned value cty.False for a non-computed attribute
      - .metadata[0].annotations: planned value cty.MapValEmpty(cty.String) for a non-computed attribute
      - .metadata[0].generate_name: planned value cty.StringVal("") for a non-computed attribute
2025-11-16T15:55:32.241Z [DEBUG] Resource instance state not found for node "helm_release.kps", instance helm_release.kps
2025-11-16T15:55:32.241Z [DEBUG] ReferenceTransformer: "helm_release.kps" references: []
2025-11-16T15:55:32.241Z [DEBUG] refresh: helm_release.kps: no state, so not refreshing
2025-11-16T15:55:32.253Z [INFO]  provider.terraform-provider-helm_v2.17.0_x5: 2025/11/16 15:55:32 [DEBUG] [resourceDiff: kube-prometheus-stack] Start: timestamp=2025-11-16T15:55:32.253Z
2025-11-16T15:55:32.253Z [INFO]  provider.terraform-provider-helm_v2.17.0_x5: 2025/11/16 15:55:32 [DEBUG] [resourceDiff: kube-prometheus-stack] upgrade_install is enabled: false: timestamp=2025-11-16T15:55:32.253Z
2025-11-16T15:55:32.253Z [INFO]  provider.terraform-provider-helm_v2.17.0_x5: 2025/11/16 15:55:32 [DEBUG] [resourceDiff: kube-prometheus-stack] targetVersion for release kube-prometheus-stack: '60.3.0': timestamp=2025-11-16T15:55:32.253Z
2025-11-16T15:55:32.253Z [INFO]  provider.terraform-provider-helm_v2.17.0_x5: 2025/11/16 15:55:32 [DEBUG] [INFO] GetHelmConfiguration start: timestamp=2025-11-16T15:55:32.253Z
2025-11-16T15:55:32.253Z [INFO]  provider.terraform-provider-helm_v2.17.0_x5: 2025/11/16 15:55:32 [DEBUG] Using kubeconfig: /root/.kube/config: timestamp=2025-11-16T15:55:32.253Z
2025-11-16T15:55:32.253Z [INFO]  provider.terraform-provider-helm_v2.17.0_x5: 2025/11/16 15:55:32 [INFO] Successfully initialized kubernetes config: timestamp=2025-11-16T15:55:32.253Z
2025-11-16T15:55:32.253Z [INFO]  provider.terraform-provider-helm_v2.17.0_x5: 2025/11/16 15:55:32 [DEBUG] [INFO] GetHelmConfiguration success: timestamp=2025-11-16T15:55:32.253Z
2025-11-16T15:55:34.369Z [DEBUG] provider.terraform-provider-kubernetes_v2.38.0_x5: 2025-11-16T15:55:34.369Z [DEBUG] [UpgradeResourceState]: morphed object="tftypes.Object[\"apiVersion\":tftypes.String, \"kind\":tftypes.String, \"metadata\":tftypes.Object[\"annotations\":tftypes.Map[tftypes.String], \"creationTimestamp\":tftypes.String, \"deletionGracePeriodSeconds\":tftypes.Number, \"deletionTimestamp\":tftypes.String, \"finalizers\":tftypes.List[tftypes.String], \"generateName\":tftypes.String, \"generation\":tftypes.Number, \"labels\":tftypes.Map[tftypes.String], \"managedFields\":tftypes.Tuple[tftypes.Object[\"apiVersion\":tftypes.String, \"fieldsType\":tftypes.String, \"fieldsV1\":tftypes.DynamicPseudoType, \"manager\":tftypes.String, \"operation\":tftypes.String, \"subresource\":tftypes.String, \"time\":tftypes.String]], \"name\":tftypes.String, \"namespace\":tftypes.String, \"ownerReferences\":tftypes.List[tftypes.Object[\"apiVersion\":tftypes.String, \"blockOwnerDeletion\":tftypes.Bool, \"controller\":tftypes.Bool, \"kind\":tftypes.String, \"name\":tftypes.String, \"uid\":tftypes.String]], \"resourceVersion\":tftypes.String, \"selfLink\":tftypes.String, \"uid\":tftypes.String], \"spec\":tftypes.Object[\"allocateLoadBalancerNodePorts\":tftypes.Bool, \"clusterIP\":tftypes.String, \"clusterIPs\":tftypes.List[tftypes.String], \"externalIPs\":tftypes.List[tftypes.String], \"externalName\":tftypes.String, \"externalTrafficPolicy\":tftypes.String, \"healthCheckNodePort\":tftypes.Number, \"internalTrafficPolicy\":tftypes.String, \"ipFamilies\":tftypes.List[tftypes.String], \"ipFamilyPolicy\":tftypes.String, \"loadBalancerClass\":tftypes.String, \"loadBalancerIP\":tftypes.String, \"loadBalancerSourceRanges\":tftypes.List[tftypes.String], \"ports\":tftypes.List[tftypes.Object[\"appProtocol\":tftypes.String, \"name\":tftypes.String, \"nodePort\":tftypes.Number, \"port\":tftypes.Number, \"protocol\":tftypes.String, \"targetPort\":tftypes.String]], \"publishNotReadyAddresses\":tftypes.Bool, \"selector\":tftypes.Map[tftypes.String], \"sessionAffinity\":tftypes.String, \"sessionAffinityConfig\":tftypes.Object[\"clientIP\":tftypes.Object[\"timeoutSeconds\":tftypes.Number]], \"trafficDistribution\":tftypes.String, \"type\":tftypes.String]]<\"apiVersion\":tftypes.String<\"v1\">, \"kind\":tftypes.String<\"Service\">, \"metadata\":tftypes.Object[\"annotations\":tftypes.Map[tftypes.String], \"creationTimestamp\":tftypes.String, \"deletionGracePeriodSeconds\":tftypes.Number, \"deletionTimestamp\":tftypes.String, \"finalizers\":tftypes.List[tftypes.String], \"generateName\":tftypes.String, \"generation\":tftypes.Number, \"labels\":tftypes.Map[tftypes.String], \"managedFields\":tftypes.Tuple[tftypes.Object[\"apiVersion\":tftypes.String, \"fieldsType\":tftypes.String, \"fieldsV1\":tftypes.DynamicPseudoType, \"manager\":tftypes.String, \"operation\":tftypes.String, \"subresource\":tftypes.String, \"time\":tftypes.String]], \"name\":tftypes.String, \"namespace\":tftypes.String, \"ownerReferences\":tftypes.List[tftypes.Object[\"apiVersion\":tftypes.String, \"blockOwnerDeletion\":tftypes.Bool, \"controller\":tftypes.Bool, \"kind\":tftypes.String, \"name\":tftypes.String, \"uid\":tftypes.String]], \"resourceVersion\":tftypes.String, \"selfLink\":tftypes.String, \"uid\":tftypes.String]<\"annotations\":tftypes.Map[tftypes.String]<null>, \"creationTimestamp\":tftypes.String<null>, \"deletionGracePeriodSeconds\":tftypes.Number<null>, \"deletionTimestamp\":tftypes.String<null>, \"finalizers\":tftypes.List[tftypes.String]<null>, \"generateName\":tftypes.String<null>, \"generation\":tftypes.Number<null>, \"labels\":tftypes.Map[tftypes.String]<null>, \"managedFields\":tftypes.Tuple[tftypes.Object[\"apiVersion\":tftypes.String, \"fieldsType\":tftypes.String, \"fieldsV1\":tftypes.DynamicPseudoType, \"manager\":tftypes.String, \"operation\":tftypes.String, \"subresource\":tftypes.String, \"time\":tftypes.String]]<null>, \"name\":tftypes.String<\"prometheus-server\">, \"namespace\":tftypes.String<\"monitoring\">, \"ownerReferences\":tftypes.List[tftypes.Object[\"apiVersion\":tftypes.String, \"blockOwnerDeletion\":tftypes.Bool, \"controller\":tftypes.Bool, \"kind\":tftypes.String, \"name\":tftypes.String, \"uid\":tftypes.String]]<null>, \"resourceVersion\":tftypes.String<null>, \"selfLink\":tftypes.String<null>, \"uid\":tftypes.String<null>>, \"spec\":tftypes.Object[\"allocateLoadBalancerNodePorts\":tftypes.Bool, \"clusterIP\":tftypes.String, \"clusterIPs\":tftypes.List[tftypes.String], \"externalIPs\":tftypes.List[tftypes.String], \"externalName\":tftypes.String, \"externalTrafficPolicy\":tftypes.String, \"healthCheckNodePort\":tftypes.Number, \"internalTrafficPolicy\":tftypes.String, \"ipFamilies\":tftypes.List[tftypes.String], \"ipFamilyPolicy\":tftypes.String, \"loadBalancerClass\":tftypes.String, \"loadBalancerIP\":tftypes.String, \"loadBalancerSourceRanges\":tftypes.List[tftypes.String], \"ports\":tftypes.List[tftypes.Object[\"appProtocol\":tftypes.String, \"name\":tftypes.String, \"nodePort\":tftypes.Number, \"port\":tftypes.Number, \"protocol\":tftypes.String, \"targetPort\":tftypes.String]], \"publishNotReadyAddresses\":tftypes.Bool, \"selector\":tftypes.Map[tftypes.String], \"sessionAffinity\":tftypes.String, \"sessionAffinityConfig\":tftypes.Object[\"clientIP\":tftypes.Object[\"timeoutSeconds\":tftypes.Number]], \"trafficDistribution\":tftypes.String, \"type\":tftypes.String]<\"allocateLoadBalancerNodePorts\":tftypes.Bool<\"true\">, \"clusterIP\":tftypes.String<\"10.109.87.174\">, \"clusterIPs\":tftypes.List[tftypes.String]<tftypes.String<\"10.109.87.174\">>, \"externalIPs\":tftypes.List[tftypes.String]<null>, \"externalName\":tftypes.String<null>, \"externalTrafficPolicy\":tftypes.String<\"Cluster\">, \"healthCheckNodePort\":tftypes.Number<null>, \"internalTrafficPolicy\":tftypes.String<\"Cluster\">, \"ipFamilies\":tftypes.List[tftypes.String]<tftypes.String<\"IPv4\">>, \"ipFamilyPolicy\":tftypes.String<\"SingleStack\">, \"loadBalancerClass\":tftypes.String<null>, \"loadBalancerIP\":tftypes.String<null>, \"loadBalancerSourceRanges\":tftypes.List[tftypes.String]<null>, \"ports\":tftypes.List[tftypes.Object[\"appProtocol\":tftypes.String, \"name\":tftypes.String, \"nodePort\":tftypes.Number, \"port\":tftypes.Number, \"protocol\":tftypes.String, \"targetPort\":tftypes.String]]<tftypes.Object[\"appProtocol\":tftypes.String, \"name\":tftypes.String, \"nodePort\":tftypes.Number, \"port\":tftypes.Number, \"protocol\":tftypes.String, \"targetPort\":tftypes.String]<\"appProtocol\":tftypes.String<null>, \"name\":tftypes.String<null>, \"nodePort\":tftypes.Number<\"32426\">, \"port\":tftypes.Number<\"9090\">, \"protocol\":tftypes.String<\"TCP\">, \"targetPort\":tftypes.String<\"9090\">>>, \"publishNotReadyAddresses\":tftypes.Bool<null>, \"selector\":tftypes.Map[tftypes.String]<\"app\":tftypes.String<\"prometheus\">>, \"sessionAffinity\":tftypes.String<\"None\">, \"sessionAffinityConfig\":tftypes.Object[\"clientIP\":tftypes.Object[\"timeoutSeconds\":tftypes.Number]]<\"clientIP\":tftypes.Object[\"timeoutSeconds\":tftypes.Number]<\"timeoutSeconds\":tftypes.Number<null>>>, \"trafficDistribution\":tftypes.String<null>, \"type\":tftypes.String<\"LoadBalancer\">>>"
2025-11-16T15:55:34.374Z [DEBUG] provider.terraform-provider-kubernetes_v2.38.0_x5: 2025-11-16T15:55:34.374Z [DEBUG] [PlanUpdateResource]: OAPI type="tftypes.Object[\"apiVersion\":tftypes.String, \"kind\":tftypes.String, \"metadata\":tftypes.Object[\"annotations\":tftypes.Map[tftypes.String], \"creationTimestamp\":tftypes.String, \"deletionGracePeriodSeconds\":tftypes.Number, \"deletionTimestamp\":tftypes.String, \"finalizers\":tftypes.List[tftypes.String], \"generateName\":tftypes.String, \"generation\":tftypes.Number, \"labels\":tftypes.Map[tftypes.String], \"managedFields\":tftypes.Tuple[tftypes.Object[\"apiVersion\":tftypes.String, \"fieldsType\":tftypes.String, \"fieldsV1\":tftypes.DynamicPseudoType, \"manager\":tftypes.String, \"operation\":tftypes.String, \"subresource\":tftypes.String, \"time\":tftypes.String]], \"name\":tftypes.String, \"namespace\":tftypes.String, \"ownerReferences\":tftypes.List[tftypes.Object[\"apiVersion\":tftypes.String, \"blockOwnerDeletion\":tftypes.Bool, \"controller\":tftypes.Bool, \"kind\":tftypes.String, \"name\":tftypes.String, \"uid\":tftypes.String]], \"resourceVersion\":tftypes.String, \"selfLink\":tftypes.String, \"uid\":tftypes.String], \"spec\":tftypes.Object[\"allocateLoadBalancerNodePorts\":tftypes.Bool, \"clusterIP\":tftypes.String, \"clusterIPs\":tftypes.List[tftypes.String], \"externalIPs\":tftypes.List[tftypes.String], \"externalName\":tftypes.String, \"externalTrafficPolicy\":tftypes.String, \"healthCheckNodePort\":tftypes.Number, \"internalTrafficPolicy\":tftypes.String, \"ipFamilies\":tftypes.List[tftypes.String], \"ipFamilyPolicy\":tftypes.String, \"loadBalancerClass\":tftypes.String, \"loadBalancerIP\":tftypes.String, \"loadBalancerSourceRanges\":tftypes.List[tftypes.String], \"ports\":tftypes.List[tftypes.Object[\"appProtocol\":tftypes.String, \"name\":tftypes.String, \"nodePort\":tftypes.Number, \"port\":tftypes.Number, \"protocol\":tftypes.String, \"targetPort\":tftypes.String]], \"publishNotReadyAddresses\":tftypes.Bool, \"selector\":tftypes.Map[tftypes.String], \"sessionAffinity\":tftypes.String, \"sessionAffinityConfig\":tftypes.Object[\"clientIP\":tftypes.Object[\"timeoutSeconds\":tftypes.Number]], \"trafficDistribution\":tftypes.String, \"type\":tftypes.String]]"
2025-11-16T15:55:34.374Z [DEBUG] provider.terraform-provider-kubernetes_v2.38.0_x5: 2025-11-16T15:55:34.374Z [DEBUG] [PlanResourceChange]: morphed manifest="tftypes.Object[\"apiVersion\":tftypes.String, \"kind\":tftypes.String, \"metadata\":tftypes.Object[\"annotations\":tftypes.Map[tftypes.String], \"creationTimestamp\":tftypes.String, \"deletionGracePeriodSeconds\":tftypes.Number, \"deletionTimestamp\":tftypes.String, \"finalizers\":tftypes.List[tftypes.String], \"generateName\":tftypes.String, \"generation\":tftypes.Number, \"labels\":tftypes.Map[tftypes.String], \"managedFields\":tftypes.Tuple[tftypes.Object[\"apiVersion\":tftypes.String, \"fieldsType\":tftypes.String, \"fieldsV1\":tftypes.DynamicPseudoType, \"manager\":tftypes.String, \"operation\":tftypes.String, \"subresource\":tftypes.String, \"time\":tftypes.String]], \"name\":tftypes.String, \"namespace\":tftypes.String, \"ownerReferences\":tftypes.List[tftypes.Object[\"apiVersion\":tftypes.String, \"blockOwnerDeletion\":tftypes.Bool, \"controller\":tftypes.Bool, \"kind\":tftypes.String, \"name\":tftypes.String, \"uid\":tftypes.String]], \"resourceVersion\":tftypes.String, \"selfLink\":tftypes.String, \"uid\":tftypes.String], \"spec\":tftypes.Object[\"allocateLoadBalancerNodePorts\":tftypes.Bool, \"clusterIP\":tftypes.String, \"clusterIPs\":tftypes.List[tftypes.String], \"externalIPs\":tftypes.List[tftypes.String], \"externalName\":tftypes.String, \"externalTrafficPolicy\":tftypes.String, \"healthCheckNodePort\":tftypes.Number, \"internalTrafficPolicy\":tftypes.String, \"ipFamilies\":tftypes.List[tftypes.String], \"ipFamilyPolicy\":tftypes.String, \"loadBalancerClass\":tftypes.String, \"loadBalancerIP\":tftypes.String, \"loadBalancerSourceRanges\":tftypes.List[tftypes.String], \"ports\":tftypes.List[tftypes.Object[\"appProtocol\":tftypes.String, \"name\":tftypes.String, \"nodePort\":tftypes.Number, \"port\":tftypes.Number, \"protocol\":tftypes.String, \"targetPort\":tftypes.String]], \"publishNotReadyAddresses\":tftypes.Bool, \"selector\":tftypes.Map[tftypes.String], \"sessionAffinity\":tftypes.String, \"sessionAffinityConfig\":tftypes.Object[\"clientIP\":tftypes.Object[\"timeoutSeconds\":tftypes.Number]], \"trafficDistribution\":tftypes.String, \"type\":tftypes.String]]<\"apiVersion\":tftypes.String<\"v1\">, \"kind\":tftypes.String<\"Service\">, \"metadata\":tftypes.Object[\"annotations\":tftypes.Map[tftypes.String], \"creationTimestamp\":tftypes.String, \"deletionGracePeriodSeconds\":tftypes.Number, \"deletionTimestamp\":tftypes.String, \"finalizers\":tftypes.List[tftypes.String], \"generateName\":tftypes.String, \"generation\":tftypes.Number, \"labels\":tftypes.Map[tftypes.String], \"managedFields\":tftypes.Tuple[tftypes.Object[\"apiVersion\":tftypes.String, \"fieldsType\":tftypes.String, \"fieldsV1\":tftypes.DynamicPseudoType, \"manager\":tftypes.String, \"operation\":tftypes.String, \"subresource\":tftypes.String, \"time\":tftypes.String]], \"name\":tftypes.String, \"namespace\":tftypes.String, \"ownerReferences\":tftypes.List[tftypes.Object[\"apiVersion\":tftypes.String, \"blockOwnerDeletion\":tftypes.Bool, \"controller\":tftypes.Bool, \"kind\":tftypes.String, \"name\":tftypes.String, \"uid\":tftypes.String]], \"resourceVersion\":tftypes.String, \"selfLink\":tftypes.String, \"uid\":tftypes.String]<\"annotations\":tftypes.Map[tftypes.String]<null>, \"creationTimestamp\":tftypes.String<null>, \"deletionGracePeriodSeconds\":tftypes.Number<null>, \"deletionTimestamp\":tftypes.String<null>, \"finalizers\":tftypes.List[tftypes.String]<null>, \"generateName\":tftypes.String<null>, \"generation\":tftypes.Number<null>, \"labels\":tftypes.Map[tftypes.String]<null>, \"managedFields\":tftypes.Tuple[tftypes.Object[\"apiVersion\":tftypes.String, \"fieldsType\":tftypes.String, \"fieldsV1\":tftypes.DynamicPseudoType, \"manager\":tftypes.String, \"operation\":tftypes.String, \"subresource\":tftypes.String, \"time\":tftypes.String]]<null>, \"name\":tftypes.String<\"grafana\">, \"namespace\":tftypes.String<\"monitoring\">, \"ownerReferences\":tftypes.List[tftypes.Object[\"apiVersion\":tftypes.String, \"blockOwnerDeletion\":tftypes.Bool, \"controller\":tftypes.Bool, \"kind\":tftypes.String, \"name\":tftypes.String, \"uid\":tftypes.String]]<null>, \"resourceVersion\":tftypes.String<null>, \"selfLink\":tftypes.String<null>, \"uid\":tftypes.String<null>>, \"spec\":tftypes.Object[\"allocateLoadBalancerNodePorts\":tftypes.Bool, \"clusterIP\":tftypes.String, \"clusterIPs\":tftypes.List[tftypes.String], \"externalIPs\":tftypes.List[tftypes.String], \"externalName\":tftypes.String, \"externalTrafficPolicy\":tftypes.String, \"healthCheckNodePort\":tftypes.Number, \"internalTrafficPolicy\":tftypes.String, \"ipFamilies\":tftypes.List[tftypes.String], \"ipFamilyPolicy\":tftypes.String, \"loadBalancerClass\":tftypes.String, \"loadBalancerIP\":tftypes.String, \"loadBalancerSourceRanges\":tftypes.List[tftypes.String], \"ports\":tftypes.List[tftypes.Object[\"appProtocol\":tftypes.String, \"name\":tftypes.String, \"nodePort\":tftypes.Number, \"port\":tftypes.Number, \"protocol\":tftypes.String, \"targetPort\":tftypes.String]], \"publishNotReadyAddresses\":tftypes.Bool, \"selector\":tftypes.Map[tftypes.String], \"sessionAffinity\":tftypes.String, \"sessionAffinityConfig\":tftypes.Object[\"clientIP\":tftypes.Object[\"timeoutSeconds\":tftypes.Number]], \"trafficDistribution\":tftypes.String, \"type\":tftypes.String]<\"allocateLoadBalancerNodePorts\":tftypes.Bool<null>, \"clusterIP\":tftypes.String<null>, \"clusterIPs\":tftypes.List[tftypes.String]<null>, \"externalIPs\":tftypes.List[tftypes.String]<null>, \"externalName\":tftypes.String<null>, \"externalTrafficPolicy\":tftypes.String<null>, \"healthCheckNodePort\":tftypes.Number<null>, \"internalTrafficPolicy\":tftypes.String<null>, \"ipFamilies\":tftypes.List[tftypes.String]<null>, \"ipFamilyPolicy\":tftypes.String<null>, \"loadBalancerClass\":tftypes.String<null>, \"loadBalancerIP\":tftypes.String<null>, \"loadBalancerSourceRanges\":tftypes.List[tftypes.String]<null>, \"ports\":tftypes.List[tftypes.Object[\"appProtocol\":tftypes.String, \"name\":tftypes.String, \"nodePort\":tftypes.Number, \"port\":tftypes.Number, \"protocol\":tftypes.String, \"targetPort\":tftypes.String]]<tftypes.Object[\"appProtocol\":tftypes.String, \"name\":tftypes.String, \"nodePort\":tftypes.Number, \"port\":tftypes.Number, \"protocol\":tftypes.String, \"targetPort\":tftypes.String]<\"appProtocol\":tftypes.String<null>, \"name\":tftypes.String<null>, \"nodePort\":tftypes.Number<null>, \"port\":tftypes.Number<\"80\">, \"protocol\":tftypes.String<\"TCP\">, \"targetPort\":tftypes.String<\"80\">>>, \"publishNotReadyAddresses\":tftypes.Bool<null>, \"selector\":tftypes.Map[tftypes.String]<\"app\":tftypes.String<\"grafana\">>, \"sessionAffinity\":tftypes.String<null>, \"sessionAffinityConfig\":tftypes.Object[\"clientIP\":tftypes.Object[\"timeoutSeconds\":tftypes.Number]]<null>, \"trafficDistribution\":tftypes.String<null>, \"type\":tftypes.String<\"LoadBalancer\">>>"
2025-11-16T15:55:34.374Z [DEBUG] provider.terraform-provider-kubernetes_v2.38.0_x5: 2025-11-16T15:55:34.374Z [DEBUG] [PlanResourceChange]: backfilled manifest="tftypes.Object[\"apiVersion\":tftypes.String, \"kind\":tftypes.String, \"metadata\":tftypes.Object[\"annotations\":tftypes.Map[tftypes.String], \"creationTimestamp\":tftypes.String, \"deletionGracePeriodSeconds\":tftypes.Number, \"deletionTimestamp\":tftypes.String, \"finalizers\":tftypes.List[tftypes.String], \"generateName\":tftypes.String, \"generation\":tftypes.Number, \"labels\":tftypes.Map[tftypes.String], \"managedFields\":tftypes.Tuple[tftypes.Object[\"apiVersion\":tftypes.String, \"fieldsType\":tftypes.String, \"fieldsV1\":tftypes.DynamicPseudoType, \"manager\":tftypes.String, \"operation\":tftypes.String, \"subresource\":tftypes.String, \"time\":tftypes.String]], \"name\":tftypes.String, \"namespace\":tftypes.String, \"ownerReferences\":tftypes.List[tftypes.Object[\"apiVersion\":tftypes.String, \"blockOwnerDeletion\":tftypes.Bool, \"controller\":tftypes.Bool, \"kind\":tftypes.String, \"name\":tftypes.String, \"uid\":tftypes.String]], \"resourceVersion\":tftypes.String, \"selfLink\":tftypes.String, \"uid\":tftypes.String], \"spec\":tftypes.Object[\"allocateLoadBalancerNodePorts\":tftypes.Bool, \"clusterIP\":tftypes.String, \"clusterIPs\":tftypes.List[tftypes.String], \"externalIPs\":tftypes.List[tftypes.String], \"externalName\":tftypes.String, \"externalTrafficPolicy\":tftypes.String, \"healthCheckNodePort\":tftypes.Number, \"internalTrafficPolicy\":tftypes.String, \"ipFamilies\":tftypes.List[tftypes.String], \"ipFamilyPolicy\":tftypes.String, \"loadBalancerClass\":tftypes.String, \"loadBalancerIP\":tftypes.String, \"loadBalancerSourceRanges\":tftypes.List[tftypes.String], \"ports\":tftypes.List[tftypes.Object[\"appProtocol\":tftypes.String, \"name\":tftypes.String, \"nodePort\":tftypes.Number, \"port\":tftypes.Number, \"protocol\":tftypes.String, \"targetPort\":tftypes.String]], \"publishNotReadyAddresses\":tftypes.Bool, \"selector\":tftypes.Map[tftypes.String], \"sessionAffinity\":tftypes.String, \"sessionAffinityConfig\":tftypes.Object[\"clientIP\":tftypes.Object[\"timeoutSeconds\":tftypes.Number]], \"trafficDistribution\":tftypes.String, \"type\":tftypes.String]]<\"apiVersion\":tftypes.String<\"v1\">, \"kind\":tftypes.String<\"Service\">, \"metadata\":tftypes.Object[\"annotations\":tftypes.Map[tftypes.String], \"creationTimestamp\":tftypes.String, \"deletionGracePeriodSeconds\":tftypes.Number, \"deletionTimestamp\":tftypes.String, \"finalizers\":tftypes.List[tftypes.String], \"generateName\":tftypes.String, \"generation\":tftypes.Number, \"labels\":tftypes.Map[tftypes.String], \"managedFields\":tftypes.Tuple[tftypes.Object[\"apiVersion\":tftypes.String, \"fieldsType\":tftypes.String, \"fieldsV1\":tftypes.DynamicPseudoType, \"manager\":tftypes.String, \"operation\":tftypes.String, \"subresource\":tftypes.String, \"time\":tftypes.String]], \"name\":tftypes.String, \"namespace\":tftypes.String, \"ownerReferences\":tftypes.List[tftypes.Object[\"apiVersion\":tftypes.String, \"blockOwnerDeletion\":tftypes.Bool, \"controller\":tftypes.Bool, \"kind\":tftypes.String, \"name\":tftypes.String, \"uid\":tftypes.String]], \"resourceVersion\":tftypes.String, \"selfLink\":tftypes.String, \"uid\":tftypes.String]<\"annotations\":tftypes.Map[tftypes.String]<unknown>, \"creationTimestamp\":tftypes.String<unknown>, \"deletionGracePeriodSeconds\":tftypes.Number<unknown>, \"deletionTimestamp\":tftypes.String<unknown>, \"finalizers\":tftypes.List[tftypes.String]<unknown>, \"generateName\":tftypes.String<unknown>, \"generation\":tftypes.Number<unknown>, \"labels\":tftypes.Map[tftypes.String]<unknown>, \"managedFields\":tftypes.Tuple[tftypes.Object[\"apiVersion\":tftypes.String, \"fieldsType\":tftypes.String, \"fieldsV1\":tftypes.DynamicPseudoType, \"manager\":tftypes.String, \"operation\":tftypes.String, \"subresource\":tftypes.String, \"time\":tftypes.String]]<unknown>, \"name\":tftypes.String<\"grafana\">, \"namespace\":tftypes.String<\"monitoring\">, \"ownerReferences\":tftypes.List[tftypes.Object[\"apiVersion\":tftypes.String, \"blockOwnerDeletion\":tftypes.Bool, \"controller\":tftypes.Bool, \"kind\":tftypes.String, \"name\":tftypes.String, \"uid\":tftypes.String]]<unknown>, \"resourceVersion\":tftypes.String<unknown>, \"selfLink\":tftypes.String<unknown>, \"uid\":tftypes.String<unknown>>, \"spec\":tftypes.Object[\"allocateLoadBalancerNodePorts\":tftypes.Bool, \"clusterIP\":tftypes.String, \"clusterIPs\":tftypes.List[tftypes.String], \"externalIPs\":tftypes.List[tftypes.String], \"externalName\":tftypes.String, \"externalTrafficPolicy\":tftypes.String, \"healthCheckNodePort\":tftypes.Number, \"internalTrafficPolicy\":tftypes.String, \"ipFamilies\":tftypes.List[tftypes.String], \"ipFamilyPolicy\":tftypes.String, \"loadBalancerClass\":tftypes.String, \"loadBalancerIP\":tftypes.String, \"loadBalancerSourceRanges\":tftypes.List[tftypes.String], \"ports\":tftypes.List[tftypes.Object[\"appProtocol\":tftypes.String, \"name\":tftypes.String, \"nodePort\":tftypes.Number, \"port\":tftypes.Number, \"protocol\":tftypes.String, \"targetPort\":tftypes.String]], \"publishNotReadyAddresses\":tftypes.Bool, \"selector\":tftypes.Map[tftypes.String], \"sessionAffinity\":tftypes.String, \"sessionAffinityConfig\":tftypes.Object[\"clientIP\":tftypes.Object[\"timeoutSeconds\":tftypes.Number]], \"trafficDistribution\":tftypes.String, \"type\":tftypes.String]<\"allocateLoadBalancerNodePorts\":tftypes.Bool<unknown>, \"clusterIP\":tftypes.String<unknown>, \"clusterIPs\":tftypes.List[tftypes.String]<unknown>, \"externalIPs\":tftypes.List[tftypes.String]<unknown>, \"externalName\":tftypes.String<unknown>, \"externalTrafficPolicy\":tftypes.String<unknown>, \"healthCheckNodePort\":tftypes.Number<unknown>, \"internalTrafficPolicy\":tftypes.String<unknown>, \"ipFamilies\":tftypes.List[tftypes.String]<unknown>, \"ipFamilyPolicy\":tftypes.String<unknown>, \"loadBalancerClass\":tftypes.String<unknown>, \"loadBalancerIP\":tftypes.String<unknown>, \"loadBalancerSourceRanges\":tftypes.List[tftypes.String]<unknown>, \"ports\":tftypes.List[tftypes.Object[\"appProtocol\":tftypes.String, \"name\":tftypes.String, \"nodePort\":tftypes.Number, \"port\":tftypes.Number, \"protocol\":tftypes.String, \"targetPort\":tftypes.String]]<tftypes.Object[\"appProtocol\":tftypes.String, \"name\":tftypes.String, \"nodePort\":tftypes.Number, \"port\":tftypes.Number, \"protocol\":tftypes.String, \"targetPort\":tftypes.String]<\"appProtocol\":tftypes.String<unknown>, \"name\":tftypes.String<unknown>, \"nodePort\":tftypes.Number<unknown>, \"port\":tftypes.Number<\"80\">, \"protocol\":tftypes.String<\"TCP\">, \"targetPort\":tftypes.String<\"80\">>>, \"publishNotReadyAddresses\":tftypes.Bool<unknown>, \"selector\":tftypes.Map[tftypes.String]<\"app\":tftypes.String<\"grafana\">>, \"sessionAffinity\":tftypes.String<unknown>, \"sessionAffinityConfig\":tftypes.Object[\"clientIP\":tftypes.Object[\"timeoutSeconds\":tftypes.Number]]<\"clientIP\":tftypes.Object[\"timeoutSeconds\":tftypes.Number]<\"timeoutSeconds\":tftypes.Number<unknown>>>, \"trafficDistribution\":tftypes.String<unknown>, \"type\":tftypes.String<\"LoadBalancer\">>>"
2025-11-16T15:55:34.375Z [DEBUG] provider.terraform-provider-kubernetes_v2.38.0_x5: 2025-11-16T15:55:34.374Z [DEBUG] [PlanResourceChange]: creating object="tftypes.Object[\"apiVersion\":tftypes.String, \"kind\":tftypes.String, \"metadata\":tftypes.Object[\"annotations\":tftypes.Map[tftypes.String], \"creationTimestamp\":tftypes.String, \"deletionGracePeriodSeconds\":tftypes.Number, \"deletionTimestamp\":tftypes.String, \"finalizers\":tftypes.List[tftypes.String], \"generateName\":tftypes.String, \"generation\":tftypes.Number, \"labels\":tftypes.Map[tftypes.String], \"managedFields\":tftypes.Tuple[tftypes.Object[\"apiVersion\":tftypes.String, \"fieldsType\":tftypes.String, \"fieldsV1\":tftypes.DynamicPseudoType, \"manager\":tftypes.String, \"operation\":tftypes.String, \"subresource\":tftypes.String, \"time\":tftypes.String]], \"name\":tftypes.String, \"namespace\":tftypes.String, \"ownerReferences\":tftypes.List[tftypes.Object[\"apiVersion\":tftypes.String, \"blockOwnerDeletion\":tftypes.Bool, \"controller\":tftypes.Bool, \"kind\":tftypes.String, \"name\":tftypes.String, \"uid\":tftypes.String]], \"resourceVersion\":tftypes.String, \"selfLink\":tftypes.String, \"uid\":tftypes.String], \"spec\":tftypes.Object[\"allocateLoadBalancerNodePorts\":tftypes.Bool, \"clusterIP\":tftypes.String, \"clusterIPs\":tftypes.List[tftypes.String], \"externalIPs\":tftypes.List[tftypes.String], \"externalName\":tftypes.String, \"externalTrafficPolicy\":tftypes.String, \"healthCheckNodePort\":tftypes.Number, \"internalTrafficPolicy\":tftypes.String, \"ipFamilies\":tftypes.List[tftypes.String], \"ipFamilyPolicy\":tftypes.String, \"loadBalancerClass\":tftypes.String, \"loadBalancerIP\":tftypes.String, \"loadBalancerSourceRanges\":tftypes.List[tftypes.String], \"ports\":tftypes.List[tftypes.Object[\"appProtocol\":tftypes.String, \"name\":tftypes.String, \"nodePort\":tftypes.Number, \"port\":tftypes.Number, \"protocol\":tftypes.String, \"targetPort\":tftypes.String]], \"publishNotReadyAddresses\":tftypes.Bool, \"selector\":tftypes.Map[tftypes.String], \"sessionAffinity\":tftypes.String, \"sessionAffinityConfig\":tftypes.Object[\"clientIP\":tftypes.Object[\"timeoutSeconds\":tftypes.Number]], \"trafficDistribution\":tftypes.String, \"type\":tftypes.String]]<\"apiVersion\":tftypes.String<\"v1\">, \"kind\":tftypes.String<\"Service\">, \"metadata\":tftypes.Object[\"annotations\":tftypes.Map[tftypes.String], \"creationTimestamp\":tftypes.String, \"deletionGracePeriodSeconds\":tftypes.Number, \"deletionTimestamp\":tftypes.String, \"finalizers\":tftypes.List[tftypes.String], \"generateName\":tftypes.String, \"generation\":tftypes.Number, \"labels\":tftypes.Map[tftypes.String], \"managedFields\":tftypes.Tuple[tftypes.Object[\"apiVersion\":tftypes.String, \"fieldsType\":tftypes.String, \"fieldsV1\":tftypes.DynamicPseudoType, \"manager\":tftypes.String, \"operation\":tftypes.String, \"subresource\":tftypes.String, \"time\":tftypes.String]], \"name\":tftypes.String, \"namespace\":tftypes.String, \"ownerReferences\":tftypes.List[tftypes.Object[\"apiVersion\":tftypes.String, \"blockOwnerDeletion\":tftypes.Bool, \"controller\":tftypes.Bool, \"kind\":tftypes.String, \"name\":tftypes.String, \"uid\":tftypes.String]], \"resourceVersion\":tftypes.String, \"selfLink\":tftypes.String, \"uid\":tftypes.String]<\"annotations\":tftypes.Map[tftypes.String]<unknown>, \"creationTimestamp\":tftypes.String<unknown>, \"deletionGracePeriodSeconds\":tftypes.Number<unknown>, \"deletionTimestamp\":tftypes.String<unknown>, \"finalizers\":tftypes.List[tftypes.String]<unknown>, \"generateName\":tftypes.String<unknown>, \"generation\":tftypes.Number<unknown>, \"labels\":tftypes.Map[tftypes.String]<unknown>, \"managedFields\":tftypes.Tuple[tftypes.Object[\"apiVersion\":tftypes.String, \"fieldsType\":tftypes.String, \"fieldsV1\":tftypes.DynamicPseudoType, \"manager\":tftypes.String, \"operation\":tftypes.String, \"subresource\":tftypes.String, \"time\":tftypes.String]]<unknown>, \"name\":tftypes.String<\"grafana\">, \"namespace\":tftypes.String<\"monitoring\">, \"ownerReferences\":tftypes.List[tftypes.Object[\"apiVersion\":tftypes.String, \"blockOwnerDeletion\":tftypes.Bool, \"controller\":tftypes.Bool, \"kind\":tftypes.String, \"name\":tftypes.String, \"uid\":tftypes.String]]<unknown>, \"resourceVersion\":tftypes.String<unknown>, \"selfLink\":tftypes.String<unknown>, \"uid\":tftypes.String<unknown>>, \"spec\":tftypes.Object[\"allocateLoadBalancerNodePorts\":tftypes.Bool, \"clusterIP\":tftypes.String, \"clusterIPs\":tftypes.List[tftypes.String], \"externalIPs\":tftypes.List[tftypes.String], \"externalName\":tftypes.String, \"externalTrafficPolicy\":tftypes.String, \"healthCheckNodePort\":tftypes.Number, \"internalTrafficPolicy\":tftypes.String, \"ipFamilies\":tftypes.List[tftypes.String], \"ipFamilyPolicy\":tftypes.String, \"loadBalancerClass\":tftypes.String, \"loadBalancerIP\":tftypes.String, \"loadBalancerSourceRanges\":tftypes.List[tftypes.String], \"ports\":tftypes.List[tftypes.Object[\"appProtocol\":tftypes.String, \"name\":tftypes.String, \"nodePort\":tftypes.Number, \"port\":tftypes.Number, \"protocol\":tftypes.String, \"targetPort\":tftypes.String]], \"publishNotReadyAddresses\":tftypes.Bool, \"selector\":tftypes.Map[tftypes.String], \"sessionAffinity\":tftypes.String, \"sessionAffinityConfig\":tftypes.Object[\"clientIP\":tftypes.Object[\"timeoutSeconds\":tftypes.Number]], \"trafficDistribution\":tftypes.String, \"type\":tftypes.String]<\"allocateLoadBalancerNodePorts\":tftypes.Bool<unknown>, \"clusterIP\":tftypes.String<unknown>, \"clusterIPs\":tftypes.List[tftypes.String]<unknown>, \"externalIPs\":tftypes.List[tftypes.String]<unknown>, \"externalName\":tftypes.String<unknown>, \"externalTrafficPolicy\":tftypes.String<unknown>, \"healthCheckNodePort\":tftypes.Number<unknown>, \"internalTrafficPolicy\":tftypes.String<unknown>, \"ipFamilies\":tftypes.List[tftypes.String]<unknown>, \"ipFamilyPolicy\":tftypes.String<unknown>, \"loadBalancerClass\":tftypes.String<unknown>, \"loadBalancerIP\":tftypes.String<unknown>, \"loadBalancerSourceRanges\":tftypes.List[tftypes.String]<unknown>, \"ports\":tftypes.List[tftypes.Object[\"appProtocol\":tftypes.String, \"name\":tftypes.String, \"nodePort\":tftypes.Number, \"port\":tftypes.Number, \"protocol\":tftypes.String, \"targetPort\":tftypes.String]]<tftypes.Object[\"appProtocol\":tftypes.String, \"name\":tftypes.String, \"nodePort\":tftypes.Number, \"port\":tftypes.Number, \"protocol\":tftypes.String, \"targetPort\":tftypes.String]<\"appProtocol\":tftypes.String<unknown>, \"name\":tftypes.String<unknown>, \"nodePort\":tftypes.Number<unknown>, \"port\":tftypes.Number<\"80\">, \"protocol\":tftypes.String<\"TCP\">, \"targetPort\":tftypes.String<\"80\">>>, \"publishNotReadyAddresses\":tftypes.Bool<unknown>, \"selector\":tftypes.Map[tftypes.String]<\"app\":tftypes.String<\"grafana\">>, \"sessionAffinity\":tftypes.String<unknown>, \"sessionAffinityConfig\":tftypes.Object[\"clientIP\":tftypes.Object[\"timeoutSeconds\":tftypes.Number]]<\"clientIP\":tftypes.Object[\"timeoutSeconds\":tftypes.Number]<\"timeoutSeconds\":tftypes.Number<unknown>>>, \"trafficDistribution\":tftypes.String<unknown>, \"type\":tftypes.String<\"LoadBalancer\">>>"
2025-11-16T15:55:34.410Z [DEBUG] skipping FixUpBlockAttrs
2025-11-16T15:55:34.418Z [INFO]  provider.terraform-provider-helm_v2.17.0_x5: 2025/11/16 15:55:34 [DEBUG] [resourceDiff: kube-prometheus-stack] Got chart kube-prometheus-stack version 60.3.0: timestamp=2025-11-16T15:55:34.417Z
2025-11-16T15:55:34.418Z [INFO]  provider.terraform-provider-helm_v2.17.0_x5: 2025/11/16 15:55:34 [DEBUG] [resourceDiff: kube-prometheus-stack] Release validated: timestamp=2025-11-16T15:55:34.417Z
2025-11-16T15:55:34.418Z [INFO]  provider.terraform-provider-helm_v2.17.0_x5: 2025/11/16 15:55:34 [DEBUG] [resourceDiff: kube-prometheus-stack] setting version to 60.3.0: timestamp=2025-11-16T15:55:34.418Z
2025-11-16T15:55:34.418Z [INFO]  provider.terraform-provider-helm_v2.17.0_x5: 2025/11/16 15:55:34 [DEBUG] [resourceDiff: kube-prometheus-stack] Done: timestamp=2025-11-16T15:55:34.418Z
2025-11-16T15:55:34.419Z [WARN]  Provider "registry.terraform.io/hashicorp/helm" produced an invalid plan for helm_release.kps, but we are tolerating it because it is using the legacy plugin SDK.
    The following problems may be the cause of any confusing errors from downstream operations:
      - .pass_credentials: planned value cty.False for a non-computed attribute
      - .create_namespace: planned value cty.False for a non-computed attribute
      - .disable_crd_hooks: planned value cty.False for a non-computed attribute
      - .force_update: planned value cty.False for a non-computed attribute
      - .disable_webhooks: planned value cty.False for a non-computed attribute
      - .reset_values: planned value cty.False for a non-computed attribute
      - .skip_crds: planned value cty.False for a non-computed attribute
      - .timeout: planned value cty.NumberIntVal(300) for a non-computed attribute
      - .disable_openapi_validation: planned value cty.False for a non-computed attribute
      - .dependency_update: planned value cty.False for a non-computed attribute
      - .max_history: planned value cty.NumberIntVal(0) for a non-computed attribute
      - .replace: planned value cty.False for a non-computed attribute
      - .recreate_pods: planned value cty.False for a non-computed attribute
      - .reuse_values: planned value cty.False for a non-computed attribute
      - .verify: planned value cty.False for a non-computed attribute
      - .atomic: planned value cty.False for a non-computed attribute
      - .wait_for_jobs: planned value cty.False for a non-computed attribute
      - .wait: planned value cty.True for a non-computed attribute
      - .render_subchart_notes: planned value cty.True for a non-computed attribute
      - .lint: planned value cty.False for a non-computed attribute
2025-11-16T15:55:34.420Z [DEBUG] provider.stdio: received EOF, stopping recv loop: err="rpc error: code = Unavailable desc = error reading from server: EOF"
2025-11-16T15:55:34.423Z [DEBUG] provider.terraform-provider-kubernetes_v2.38.0_x5: 2025-11-16T15:55:34.423Z [DEBUG] [PlanUpdateResource]: OAPI type="tftypes.Object[\"apiVersion\":tftypes.String, \"kind\":tftypes.String, \"metadata\":tftypes.Object[\"annotations\":tftypes.Map[tftypes.String], \"creationTimestamp\":tftypes.String, \"deletionGracePeriodSeconds\":tftypes.Number, \"deletionTimestamp\":tftypes.String, \"finalizers\":tftypes.List[tftypes.String], \"generateName\":tftypes.String, \"generation\":tftypes.Number, \"labels\":tftypes.Map[tftypes.String], \"managedFields\":tftypes.Tuple[tftypes.Object[\"apiVersion\":tftypes.String, \"fieldsType\":tftypes.String, \"fieldsV1\":tftypes.DynamicPseudoType, \"manager\":tftypes.String, \"operation\":tftypes.String, \"subresource\":tftypes.String, \"time\":tftypes.String]], \"name\":tftypes.String, \"namespace\":tftypes.String, \"ownerReferences\":tftypes.List[tftypes.Object[\"apiVersion\":tftypes.String, \"blockOwnerDeletion\":tftypes.Bool, \"controller\":tftypes.Bool, \"kind\":tftypes.String, \"name\":tftypes.String, \"uid\":tftypes.String]], \"resourceVersion\":tftypes.String, \"selfLink\":tftypes.String, \"uid\":tftypes.String], \"spec\":tftypes.Object[\"allocateLoadBalancerNodePorts\":tftypes.Bool, \"clusterIP\":tftypes.String, \"clusterIPs\":tftypes.List[tftypes.String], \"externalIPs\":tftypes.List[tftypes.String], \"externalName\":tftypes.String, \"externalTrafficPolicy\":tftypes.String, \"healthCheckNodePort\":tftypes.Number, \"internalTrafficPolicy\":tftypes.String, \"ipFamilies\":tftypes.List[tftypes.String], \"ipFamilyPolicy\":tftypes.String, \"loadBalancerClass\":tftypes.String, \"loadBalancerIP\":tftypes.String, \"loadBalancerSourceRanges\":tftypes.List[tftypes.String], \"ports\":tftypes.List[tftypes.Object[\"appProtocol\":tftypes.String, \"name\":tftypes.String, \"nodePort\":tftypes.Number, \"port\":tftypes.Number, \"protocol\":tftypes.String, \"targetPort\":tftypes.String]], \"publishNotReadyAddresses\":tftypes.Bool, \"selector\":tftypes.Map[tftypes.String], \"sessionAffinity\":tftypes.String, \"sessionAffinityConfig\":tftypes.Object[\"clientIP\":tftypes.Object[\"timeoutSeconds\":tftypes.Number]], \"trafficDistribution\":tftypes.String, \"type\":tftypes.String]]"
2025-11-16T15:55:34.423Z [DEBUG] provider.terraform-provider-kubernetes_v2.38.0_x5: 2025-11-16T15:55:34.423Z [DEBUG] [PlanResourceChange]: morphed manifest="tftypes.Object[\"apiVersion\":tftypes.String, \"kind\":tftypes.String, \"metadata\":tftypes.Object[\"annotations\":tftypes.Map[tftypes.String], \"creationTimestamp\":tftypes.String, \"deletionGracePeriodSeconds\":tftypes.Number, \"deletionTimestamp\":tftypes.String, \"finalizers\":tftypes.List[tftypes.String], \"generateName\":tftypes.String, \"generation\":tftypes.Number, \"labels\":tftypes.Map[tftypes.String], \"managedFields\":tftypes.Tuple[tftypes.Object[\"apiVersion\":tftypes.String, \"fieldsType\":tftypes.String, \"fieldsV1\":tftypes.DynamicPseudoType, \"manager\":tftypes.String, \"operation\":tftypes.String, \"subresource\":tftypes.String, \"time\":tftypes.String]], \"name\":tftypes.String, \"namespace\":tftypes.String, \"ownerReferences\":tftypes.List[tftypes.Object[\"apiVersion\":tftypes.String, \"blockOwnerDeletion\":tftypes.Bool, \"controller\":tftypes.Bool, \"kind\":tftypes.String, \"name\":tftypes.String, \"uid\":tftypes.String]], \"resourceVersion\":tftypes.String, \"selfLink\":tftypes.String, \"uid\":tftypes.String], \"spec\":tftypes.Object[\"allocateLoadBalancerNodePorts\":tftypes.Bool, \"clusterIP\":tftypes.String, \"clusterIPs\":tftypes.List[tftypes.String], \"externalIPs\":tftypes.List[tftypes.String], \"externalName\":tftypes.String, \"externalTrafficPolicy\":tftypes.String, \"healthCheckNodePort\":tftypes.Number, \"internalTrafficPolicy\":tftypes.String, \"ipFamilies\":tftypes.List[tftypes.String], \"ipFamilyPolicy\":tftypes.String, \"loadBalancerClass\":tftypes.String, \"loadBalancerIP\":tftypes.String, \"loadBalancerSourceRanges\":tftypes.List[tftypes.String], \"ports\":tftypes.List[tftypes.Object[\"appProtocol\":tftypes.String, \"name\":tftypes.String, \"nodePort\":tftypes.Number, \"port\":tftypes.Number, \"protocol\":tftypes.String, \"targetPort\":tftypes.String]], \"publishNotReadyAddresses\":tftypes.Bool, \"selector\":tftypes.Map[tftypes.String], \"sessionAffinity\":tftypes.String, \"sessionAffinityConfig\":tftypes.Object[\"clientIP\":tftypes.Object[\"timeoutSeconds\":tftypes.Number]], \"trafficDistribution\":tftypes.String, \"type\":tftypes.String]]<\"apiVersion\":tftypes.String<\"v1\">, \"kind\":tftypes.String<\"Service\">, \"metadata\":tftypes.Object[\"annotations\":tftypes.Map[tftypes.String], \"creationTimestamp\":tftypes.String, \"deletionGracePeriodSeconds\":tftypes.Number, \"deletionTimestamp\":tftypes.String, \"finalizers\":tftypes.List[tftypes.String], \"generateName\":tftypes.String, \"generation\":tftypes.Number, \"labels\":tftypes.Map[tftypes.String], \"managedFields\":tftypes.Tuple[tftypes.Object[\"apiVersion\":tftypes.String, \"fieldsType\":tftypes.String, \"fieldsV1\":tftypes.DynamicPseudoType, \"manager\":tftypes.String, \"operation\":tftypes.String, \"subresource\":tftypes.String, \"time\":tftypes.String]], \"name\":tftypes.String, \"namespace\":tftypes.String, \"ownerReferences\":tftypes.List[tftypes.Object[\"apiVersion\":tftypes.String, \"blockOwnerDeletion\":tftypes.Bool, \"controller\":tftypes.Bool, \"kind\":tftypes.String, \"name\":tftypes.String, \"uid\":tftypes.String]], \"resourceVersion\":tftypes.String, \"selfLink\":tftypes.String, \"uid\":tftypes.String]<\"annotations\":tftypes.Map[tftypes.String]<null>, \"creationTimestamp\":tftypes.String<null>, \"deletionGracePeriodSeconds\":tftypes.Number<null>, \"deletionTimestamp\":tftypes.String<null>, \"finalizers\":tftypes.List[tftypes.String]<null>, \"generateName\":tftypes.String<null>, \"generation\":tftypes.Number<null>, \"labels\":tftypes.Map[tftypes.String]<null>, \"managedFields\":tftypes.Tuple[tftypes.Object[\"apiVersion\":tftypes.String, \"fieldsType\":tftypes.String, \"fieldsV1\":tftypes.DynamicPseudoType, \"manager\":tftypes.String, \"operation\":tftypes.String, \"subresource\":tftypes.String, \"time\":tftypes.String]]<null>, \"name\":tftypes.String<\"prometheus-server\">, \"namespace\":tftypes.String<\"monitoring\">, \"ownerReferences\":tftypes.List[tftypes.Object[\"apiVersion\":tftypes.String, \"blockOwnerDeletion\":tftypes.Bool, \"controller\":tftypes.Bool, \"kind\":tftypes.String, \"name\":tftypes.String, \"uid\":tftypes.String]]<null>, \"resourceVersion\":tftypes.String<null>, \"selfLink\":tftypes.String<null>, \"uid\":tftypes.String<null>>, \"spec\":tftypes.Object[\"allocateLoadBalancerNodePorts\":tftypes.Bool, \"clusterIP\":tftypes.String, \"clusterIPs\":tftypes.List[tftypes.String], \"externalIPs\":tftypes.List[tftypes.String], \"externalName\":tftypes.String, \"externalTrafficPolicy\":tftypes.String, \"healthCheckNodePort\":tftypes.Number, \"internalTrafficPolicy\":tftypes.String, \"ipFamilies\":tftypes.List[tftypes.String], \"ipFamilyPolicy\":tftypes.String, \"loadBalancerClass\":tftypes.String, \"loadBalancerIP\":tftypes.String, \"loadBalancerSourceRanges\":tftypes.List[tftypes.String], \"ports\":tftypes.List[tftypes.Object[\"appProtocol\":tftypes.String, \"name\":tftypes.String, \"nodePort\":tftypes.Number, \"port\":tftypes.Number, \"protocol\":tftypes.String, \"targetPort\":tftypes.String]], \"publishNotReadyAddresses\":tftypes.Bool, \"selector\":tftypes.Map[tftypes.String], \"sessionAffinity\":tftypes.String, \"sessionAffinityConfig\":tftypes.Object[\"clientIP\":tftypes.Object[\"timeoutSeconds\":tftypes.Number]], \"trafficDistribution\":tftypes.String, \"type\":tftypes.String]<\"allocateLoadBalancerNodePorts\":tftypes.Bool<null>, \"clusterIP\":tftypes.String<null>, \"clusterIPs\":tftypes.List[tftypes.String]<null>, \"externalIPs\":tftypes.List[tftypes.String]<null>, \"externalName\":tftypes.String<null>, \"externalTrafficPolicy\":tftypes.String<null>, \"healthCheckNodePort\":tftypes.Number<null>, \"internalTrafficPolicy\":tftypes.String<null>, \"ipFamilies\":tftypes.List[tftypes.String]<null>, \"ipFamilyPolicy\":tftypes.String<null>, \"loadBalancerClass\":tftypes.String<null>, \"loadBalancerIP\":tftypes.String<null>, \"loadBalancerSourceRanges\":tftypes.List[tftypes.String]<null>, \"ports\":tftypes.List[tftypes.Object[\"appProtocol\":tftypes.String, \"name\":tftypes.String, \"nodePort\":tftypes.Number, \"port\":tftypes.Number, \"protocol\":tftypes.String, \"targetPort\":tftypes.String]]<tftypes.Object[\"appProtocol\":tftypes.String, \"name\":tftypes.String, \"nodePort\":tftypes.Number, \"port\":tftypes.Number, \"protocol\":tftypes.String, \"targetPort\":tftypes.String]<\"appProtocol\":tftypes.String<null>, \"name\":tftypes.String<null>, \"nodePort\":tftypes.Number<null>, \"port\":tftypes.Number<\"9090\">, \"protocol\":tftypes.String<\"TCP\">, \"targetPort\":tftypes.String<\"9090\">>>, \"publishNotReadyAddresses\":tftypes.Bool<null>, \"selector\":tftypes.Map[tftypes.String]<\"app\":tftypes.String<\"prometheus\">>, \"sessionAffinity\":tftypes.String<null>, \"sessionAffinityConfig\":tftypes.Object[\"clientIP\":tftypes.Object[\"timeoutSeconds\":tftypes.Number]]<null>, \"trafficDistribution\":tftypes.String<null>, \"type\":tftypes.String<\"LoadBalancer\">>>"
2025-11-16T15:55:34.423Z [DEBUG] provider.terraform-provider-kubernetes_v2.38.0_x5: 2025-11-16T15:55:34.423Z [DEBUG] [PlanResourceChange]: backfilled manifest="tftypes.Object[\"apiVersion\":tftypes.String, \"kind\":tftypes.String, \"metadata\":tftypes.Object[\"annotations\":tftypes.Map[tftypes.String], \"creationTimestamp\":tftypes.String, \"deletionGracePeriodSeconds\":tftypes.Number, \"deletionTimestamp\":tftypes.String, \"finalizers\":tftypes.List[tftypes.String], \"generateName\":tftypes.String, \"generation\":tftypes.Number, \"labels\":tftypes.Map[tftypes.String], \"managedFields\":tftypes.Tuple[tftypes.Object[\"apiVersion\":tftypes.String, \"fieldsType\":tftypes.String, \"fieldsV1\":tftypes.DynamicPseudoType, \"manager\":tftypes.String, \"operation\":tftypes.String, \"subresource\":tftypes.String, \"time\":tftypes.String]], \"name\":tftypes.String, \"namespace\":tftypes.String, \"ownerReferences\":tftypes.List[tftypes.Object[\"apiVersion\":tftypes.String, \"blockOwnerDeletion\":tftypes.Bool, \"controller\":tftypes.Bool, \"kind\":tftypes.String, \"name\":tftypes.String, \"uid\":tftypes.String]], \"resourceVersion\":tftypes.String, \"selfLink\":tftypes.String, \"uid\":tftypes.String], \"spec\":tftypes.Object[\"allocateLoadBalancerNodePorts\":tftypes.Bool, \"clusterIP\":tftypes.String, \"clusterIPs\":tftypes.List[tftypes.String], \"externalIPs\":tftypes.List[tftypes.String], \"externalName\":tftypes.String, \"externalTrafficPolicy\":tftypes.String, \"healthCheckNodePort\":tftypes.Number, \"internalTrafficPolicy\":tftypes.String, \"ipFamilies\":tftypes.List[tftypes.String], \"ipFamilyPolicy\":tftypes.String, \"loadBalancerClass\":tftypes.String, \"loadBalancerIP\":tftypes.String, \"loadBalancerSourceRanges\":tftypes.List[tftypes.String], \"ports\":tftypes.List[tftypes.Object[\"appProtocol\":tftypes.String, \"name\":tftypes.String, \"nodePort\":tftypes.Number, \"port\":tftypes.Number, \"protocol\":tftypes.String, \"targetPort\":tftypes.String]], \"publishNotReadyAddresses\":tftypes.Bool, \"selector\":tftypes.Map[tftypes.String], \"sessionAffinity\":tftypes.String, \"sessionAffinityConfig\":tftypes.Object[\"clientIP\":tftypes.Object[\"timeoutSeconds\":tftypes.Number]], \"trafficDistribution\":tftypes.String, \"type\":tftypes.String]]<\"apiVersion\":tftypes.String<\"v1\">, \"kind\":tftypes.String<\"Service\">, \"metadata\":tftypes.Object[\"annotations\":tftypes.Map[tftypes.String], \"creationTimestamp\":tftypes.String, \"deletionGracePeriodSeconds\":tftypes.Number, \"deletionTimestamp\":tftypes.String, \"finalizers\":tftypes.List[tftypes.String], \"generateName\":tftypes.String, \"generation\":tftypes.Number, \"labels\":tftypes.Map[tftypes.String], \"managedFields\":tftypes.Tuple[tftypes.Object[\"apiVersion\":tftypes.String, \"fieldsType\":tftypes.String, \"fieldsV1\":tftypes.DynamicPseudoType, \"manager\":tftypes.String, \"operation\":tftypes.String, \"subresource\":tftypes.String, \"time\":tftypes.String]], \"name\":tftypes.String, \"namespace\":tftypes.String, \"ownerReferences\":tftypes.List[tftypes.Object[\"apiVersion\":tftypes.String, \"blockOwnerDeletion\":tftypes.Bool, \"controller\":tftypes.Bool, \"kind\":tftypes.String, \"name\":tftypes.String, \"uid\":tftypes.String]], \"resourceVersion\":tftypes.String, \"selfLink\":tftypes.String, \"uid\":tftypes.String]<\"annotations\":tftypes.Map[tftypes.String]<unknown>, \"creationTimestamp\":tftypes.String<unknown>, \"deletionGracePeriodSeconds\":tftypes.Number<unknown>, \"deletionTimestamp\":tftypes.String<unknown>, \"finalizers\":tftypes.List[tftypes.String]<unknown>, \"generateName\":tftypes.String<unknown>, \"generation\":tftypes.Number<unknown>, \"labels\":tftypes.Map[tftypes.String]<unknown>, \"managedFields\":tftypes.Tuple[tftypes.Object[\"apiVersion\":tftypes.String, \"fieldsType\":tftypes.String, \"fieldsV1\":tftypes.DynamicPseudoType, \"manager\":tftypes.String, \"operation\":tftypes.String, \"subresource\":tftypes.String, \"time\":tftypes.String]]<unknown>, \"name\":tftypes.String<\"prometheus-server\">, \"namespace\":tftypes.String<\"monitoring\">, \"ownerReferences\":tftypes.List[tftypes.Object[\"apiVersion\":tftypes.String, \"blockOwnerDeletion\":tftypes.Bool, \"controller\":tftypes.Bool, \"kind\":tftypes.String, \"name\":tftypes.String, \"uid\":tftypes.String]]<unknown>, \"resourceVersion\":tftypes.String<unknown>, \"selfLink\":tftypes.String<unknown>, \"uid\":tftypes.String<unknown>>, \"spec\":tftypes.Object[\"allocateLoadBalancerNodePorts\":tftypes.Bool, \"clusterIP\":tftypes.String, \"clusterIPs\":tftypes.List[tftypes.String], \"externalIPs\":tftypes.List[tftypes.String], \"externalName\":tftypes.String, \"externalTrafficPolicy\":tftypes.String, \"healthCheckNodePort\":tftypes.Number, \"internalTrafficPolicy\":tftypes.String, \"ipFamilies\":tftypes.List[tftypes.String], \"ipFamilyPolicy\":tftypes.String, \"loadBalancerClass\":tftypes.String, \"loadBalancerIP\":tftypes.String, \"loadBalancerSourceRanges\":tftypes.List[tftypes.String], \"ports\":tftypes.List[tftypes.Object[\"appProtocol\":tftypes.String, \"name\":tftypes.String, \"nodePort\":tftypes.Number, \"port\":tftypes.Number, \"protocol\":tftypes.String, \"targetPort\":tftypes.String]], \"publishNotReadyAddresses\":tftypes.Bool, \"selector\":tftypes.Map[tftypes.String], \"sessionAffinity\":tftypes.String, \"sessionAffinityConfig\":tftypes.Object[\"clientIP\":tftypes.Object[\"timeoutSeconds\":tftypes.Number]], \"trafficDistribution\":tftypes.String, \"type\":tftypes.String]<\"allocateLoadBalancerNodePorts\":tftypes.Bool<unknown>, \"clusterIP\":tftypes.String<unknown>, \"clusterIPs\":tftypes.List[tftypes.String]<unknown>, \"externalIPs\":tftypes.List[tftypes.String]<unknown>, \"externalName\":tftypes.String<unknown>, \"externalTrafficPolicy\":tftypes.String<unknown>, \"healthCheckNodePort\":tftypes.Number<unknown>, \"internalTrafficPolicy\":tftypes.String<unknown>, \"ipFamilies\":tftypes.List[tftypes.String]<unknown>, \"ipFamilyPolicy\":tftypes.String<unknown>, \"loadBalancerClass\":tftypes.String<unknown>, \"loadBalancerIP\":tftypes.String<unknown>, \"loadBalancerSourceRanges\":tftypes.List[tftypes.String]<unknown>, \"ports\":tftypes.List[tftypes.Object[\"appProtocol\":tftypes.String, \"name\":tftypes.String, \"nodePort\":tftypes.Number, \"port\":tftypes.Number, \"protocol\":tftypes.String, \"targetPort\":tftypes.String]]<tftypes.Object[\"appProtocol\":tftypes.String, \"name\":tftypes.String, \"nodePort\":tftypes.Number, \"port\":tftypes.Number, \"protocol\":tftypes.String, \"targetPort\":tftypes.String]<\"appProtocol\":tftypes.String<unknown>, \"name\":tftypes.String<unknown>, \"nodePort\":tftypes.Number<unknown>, \"port\":tftypes.Number<\"9090\">, \"protocol\":tftypes.String<\"TCP\">, \"targetPort\":tftypes.String<\"9090\">>>, \"publishNotReadyAddresses\":tftypes.Bool<unknown>, \"selector\":tftypes.Map[tftypes.String]<\"app\":tftypes.String<\"prometheus\">>, \"sessionAffinity\":tftypes.String<unknown>, \"sessionAffinityConfig\":tftypes.Object[\"clientIP\":tftypes.Object[\"timeoutSeconds\":tftypes.Number]]<\"clientIP\":tftypes.Object[\"timeoutSeconds\":tftypes.Number]<\"timeoutSeconds\":tftypes.Number<unknown>>>, \"trafficDistribution\":tftypes.String<unknown>, \"type\":tftypes.String<\"LoadBalancer\">>>"
2025-11-16T15:55:34.425Z [INFO]  provider: plugin process exited: plugin=.terraform/providers/registry.terraform.io/hashicorp/helm/2.17.0/linux_amd64/terraform-provider-helm_v2.17.0_x5 id=172711
2025-11-16T15:55:34.425Z [DEBUG] provider: plugin exited
2025-11-16T15:55:34.427Z [DEBUG] provider.stdio: received EOF, stopping recv loop: err="rpc error: code = Unavailable desc = error reading from server: EOF"
2025-11-16T15:55:34.435Z [INFO]  provider: plugin process exited: plugin=.terraform/providers/registry.terraform.io/hashicorp/kubernetes/2.38.0/linux_amd64/terraform-provider-kubernetes_v2.38.0_x5 id=172703
2025-11-16T15:55:34.435Z [DEBUG] provider: plugin exited
2025-11-16T15:55:34.436Z [DEBUG] building apply graph to check for errors
2025-11-16T15:55:34.436Z [DEBUG] Resource state not found for node "kubernetes_ingress.monitoring_ingress", instance kubernetes_ingress.monitoring_ingress
2025-11-16T15:55:34.436Z [DEBUG] Resource state not found for node "helm_release.kps", instance helm_release.kps
2025-11-16T15:55:34.436Z [DEBUG] Resource state not found for node "kubernetes_manifest.grafana_service", instance kubernetes_manifest.grafana_service
2025-11-16T15:55:34.437Z [DEBUG] ProviderTransformer: "kubernetes_namespace.monitoring (expand)" (*terraform.nodeExpandApplyableResource) needs provider["registry.terraform.io/hashicorp/kubernetes"]
2025-11-16T15:55:34.437Z [DEBUG] ProviderTransformer: "kubernetes_ingress.monitoring_ingress (expand)" (*terraform.nodeExpandApplyableResource) needs provider["registry.terraform.io/hashicorp/kubernetes"]
2025-11-16T15:55:34.437Z [DEBUG] ProviderTransformer: "kubernetes_ingress.monitoring_ingress" (*terraform.NodeApplyableResourceInstance) needs provider["registry.terraform.io/hashicorp/kubernetes"]
2025-11-16T15:55:34.437Z [DEBUG] ProviderTransformer: "helm_release.kps" (*terraform.NodeApplyableResourceInstance) needs provider["registry.terraform.io/hashicorp/helm"]
2025-11-16T15:55:34.437Z [DEBUG] ProviderTransformer: "kubernetes_manifest.prometheus_service (expand)" (*terraform.nodeExpandApplyableResource) needs provider["registry.terraform.io/hashicorp/kubernetes"]
2025-11-16T15:55:34.437Z [DEBUG] ProviderTransformer: "kubernetes_manifest.grafana_service (expand)" (*terraform.nodeExpandApplyableResource) needs provider["registry.terraform.io/hashicorp/kubernetes"]
2025-11-16T15:55:34.437Z [DEBUG] ProviderTransformer: "helm_release.kps (expand)" (*terraform.nodeExpandApplyableResource) needs provider["registry.terraform.io/hashicorp/helm"]
2025-11-16T15:55:34.437Z [DEBUG] ProviderTransformer: "kubernetes_manifest.grafana_service" (*terraform.NodeApplyableResourceInstance) needs provider["registry.terraform.io/hashicorp/kubernetes"]
2025-11-16T15:55:34.437Z [DEBUG] ReferenceTransformer: "kubernetes_namespace.monitoring (expand)" references: []
2025-11-16T15:55:34.437Z [DEBUG] ReferenceTransformer: "kubernetes_manifest.grafana_service (expand)" references: []
2025-11-16T15:55:34.437Z [DEBUG] ReferenceTransformer: "helm_release.kps (expand)" references: [kubernetes_namespace.monitoring (expand) kubernetes_namespace.monitoring (expand)]
2025-11-16T15:55:34.437Z [DEBUG] ReferenceTransformer: "output.prometheus_url (expand)" references: []
2025-11-16T15:55:34.438Z [DEBUG] ReferenceTransformer: "kubernetes_manifest.grafana_service" references: []
2025-11-16T15:55:34.438Z [DEBUG] ReferenceTransformer: "kubernetes_manifest.prometheus_service (expand)" references: []
2025-11-16T15:55:34.438Z [DEBUG] ReferenceTransformer: "kubernetes_ingress.monitoring_ingress (expand)" references: []
2025-11-16T15:55:34.438Z [DEBUG] ReferenceTransformer: "output.grafana_infos (expand)" references: []
2025-11-16T15:55:34.438Z [DEBUG] ReferenceTransformer: "kubernetes_ingress.monitoring_ingress" references: []
2025-11-16T15:55:34.438Z [DEBUG] ReferenceTransformer: "helm_release.kps" references: [kubernetes_namespace.monitoring (expand) kubernetes_namespace.monitoring (expand)]
2025-11-16T15:55:34.438Z [DEBUG] ReferenceTransformer: "provider[\"registry.terraform.io/hashicorp/kubernetes\"]" references: []
2025-11-16T15:55:34.438Z [DEBUG] ReferenceTransformer: "provider[\"registry.terraform.io/hashicorp/helm\"]" references: []
2025-11-16T15:55:34.438Z [DEBUG] pruneUnusedNodes: kubernetes_manifest.prometheus_service (expand) is no longer needed, removing
2025-11-16T15:55:34.457Z [DEBUG] command: asking for input: "\nDo you want to perform these actions?"
2025-11-16T15:55:35.556Z [INFO]  backend/local: apply calling Apply
2025-11-16T15:55:35.556Z [DEBUG] Building and walking apply graph for NormalMode plan
2025-11-16T15:55:35.556Z [DEBUG] Resource state not found for node "helm_release.kps", instance helm_release.kps
2025-11-16T15:55:35.556Z [DEBUG] Resource state not found for node "kubernetes_ingress.monitoring_ingress", instance kubernetes_ingress.monitoring_ingress
2025-11-16T15:55:35.556Z [DEBUG] Resource state not found for node "kubernetes_manifest.grafana_service", instance kubernetes_manifest.grafana_service
2025-11-16T15:55:35.557Z [DEBUG] ProviderTransformer: "kubernetes_ingress.monitoring_ingress (expand)" (*terraform.nodeExpandApplyableResource) needs provider["registry.terraform.io/hashicorp/kubernetes"]
2025-11-16T15:55:35.557Z [DEBUG] ProviderTransformer: "kubernetes_manifest.grafana_service (expand)" (*terraform.nodeExpandApplyableResource) needs provider["registry.terraform.io/hashicorp/kubernetes"]
2025-11-16T15:55:35.557Z [DEBUG] ProviderTransformer: "kubernetes_manifest.grafana_service" (*terraform.NodeApplyableResourceInstance) needs provider["registry.terraform.io/hashicorp/kubernetes"]
2025-11-16T15:55:35.557Z [DEBUG] ProviderTransformer: "helm_release.kps (expand)" (*terraform.nodeExpandApplyableResource) needs provider["registry.terraform.io/hashicorp/helm"]
2025-11-16T15:55:35.557Z [DEBUG] ProviderTransformer: "kubernetes_namespace.monitoring (expand)" (*terraform.nodeExpandApplyableResource) needs provider["registry.terraform.io/hashicorp/kubernetes"]
2025-11-16T15:55:35.557Z [DEBUG] ProviderTransformer: "kubernetes_ingress.monitoring_ingress" (*terraform.NodeApplyableResourceInstance) needs provider["registry.terraform.io/hashicorp/kubernetes"]
2025-11-16T15:55:35.557Z [DEBUG] ProviderTransformer: "helm_release.kps" (*terraform.NodeApplyableResourceInstance) needs provider["registry.terraform.io/hashicorp/helm"]
2025-11-16T15:55:35.557Z [DEBUG] ProviderTransformer: "kubernetes_manifest.prometheus_service (expand)" (*terraform.nodeExpandApplyableResource) needs provider["registry.terraform.io/hashicorp/kubernetes"]
2025-11-16T15:55:35.557Z [DEBUG] ReferenceTransformer: "helm_release.kps (expand)" references: [kubernetes_namespace.monitoring (expand) kubernetes_namespace.monitoring (expand)]
2025-11-16T15:55:35.558Z [DEBUG] ReferenceTransformer: "kubernetes_namespace.monitoring (expand)" references: []
2025-11-16T15:55:35.558Z [DEBUG] ReferenceTransformer: "kubernetes_manifest.grafana_service (expand)" references: []
2025-11-16T15:55:35.558Z [DEBUG] ReferenceTransformer: "output.grafana_infos (expand)" references: []
2025-11-16T15:55:35.558Z [DEBUG] ReferenceTransformer: "output.prometheus_url (expand)" references: []
2025-11-16T15:55:35.558Z [DEBUG] ReferenceTransformer: "kubernetes_manifest.grafana_service" references: []
2025-11-16T15:55:35.558Z [DEBUG] ReferenceTransformer: "provider[\"registry.terraform.io/hashicorp/helm\"]" references: []
2025-11-16T15:55:35.558Z [DEBUG] ReferenceTransformer: "kubernetes_manifest.prometheus_service (expand)" references: []
2025-11-16T15:55:35.558Z [DEBUG] ReferenceTransformer: "kubernetes_ingress.monitoring_ingress (expand)" references: []
2025-11-16T15:55:35.558Z [DEBUG] ReferenceTransformer: "kubernetes_ingress.monitoring_ingress" references: []
2025-11-16T15:55:35.558Z [DEBUG] ReferenceTransformer: "helm_release.kps" references: [kubernetes_namespace.monitoring (expand) kubernetes_namespace.monitoring (expand)]
2025-11-16T15:55:35.558Z [DEBUG] ReferenceTransformer: "provider[\"registry.terraform.io/hashicorp/kubernetes\"]" references: []
2025-11-16T15:55:35.558Z [DEBUG] pruneUnusedNodes: kubernetes_manifest.prometheus_service (expand) is no longer needed, removing
2025-11-16T15:55:35.559Z [DEBUG] Starting graph walk: walkApply
2025-11-16T15:55:35.559Z [DEBUG] created provider logger: level=debug
2025-11-16T15:55:35.559Z [INFO]  provider: configuring client automatic mTLS
2025-11-16T15:55:35.572Z [DEBUG] provider: starting plugin: path=.terraform/providers/registry.terraform.io/hashicorp/helm/2.17.0/linux_amd64/terraform-provider-helm_v2.17.0_x5 args=[".terraform/providers/registry.terraform.io/hashicorp/helm/2.17.0/linux_amd64/terraform-provider-helm_v2.17.0_x5"]
2025-11-16T15:55:35.573Z [DEBUG] provider: plugin started: path=.terraform/providers/registry.terraform.io/hashicorp/helm/2.17.0/linux_amd64/terraform-provider-helm_v2.17.0_x5 pid=172721
2025-11-16T15:55:35.573Z [DEBUG] provider: waiting for RPC address: plugin=.terraform/providers/registry.terraform.io/hashicorp/helm/2.17.0/linux_amd64/terraform-provider-helm_v2.17.0_x5
2025-11-16T15:55:35.605Z [INFO]  provider.terraform-provider-helm_v2.17.0_x5: configuring server automatic mTLS: timestamp=2025-11-16T15:55:35.605Z
2025-11-16T15:55:35.626Z [DEBUG] provider: using plugin: version=5
2025-11-16T15:55:35.626Z [DEBUG] provider.terraform-provider-helm_v2.17.0_x5: plugin address: address=/tmp/plugin1277063470 network=unix timestamp=2025-11-16T15:55:35.625Z
2025-11-16T15:55:35.645Z [DEBUG] created provider logger: level=debug
2025-11-16T15:55:35.645Z [INFO]  provider: configuring client automatic mTLS
2025-11-16T15:55:35.648Z [WARN]  ValidateProviderConfig from "provider[\"registry.terraform.io/hashicorp/helm\"]" changed the config value, but that value is unused
2025-11-16T15:55:35.658Z [DEBUG] provider: starting plugin: path=.terraform/providers/registry.terraform.io/hashicorp/kubernetes/2.38.0/linux_amd64/terraform-provider-kubernetes_v2.38.0_x5 args=[".terraform/providers/registry.terraform.io/hashicorp/kubernetes/2.38.0/linux_amd64/terraform-provider-kubernetes_v2.38.0_x5"]
2025-11-16T15:55:35.658Z [DEBUG] provider: plugin started: path=.terraform/providers/registry.terraform.io/hashicorp/kubernetes/2.38.0/linux_amd64/terraform-provider-kubernetes_v2.38.0_x5 pid=172729
2025-11-16T15:55:35.658Z [DEBUG] provider: waiting for RPC address: plugin=.terraform/providers/registry.terraform.io/hashicorp/kubernetes/2.38.0/linux_amd64/terraform-provider-kubernetes_v2.38.0_x5
2025-11-16T15:55:35.713Z [INFO]  provider.terraform-provider-kubernetes_v2.38.0_x5: configuring server automatic mTLS: timestamp=2025-11-16T15:55:35.713Z
2025-11-16T15:55:35.736Z [DEBUG] provider.terraform-provider-kubernetes_v2.38.0_x5: plugin address: address=/tmp/plugin3624374215 network=unix timestamp=2025-11-16T15:55:35.735Z
2025-11-16T15:55:35.736Z [DEBUG] provider: using plugin: version=5
2025-11-16T15:55:35.750Z [INFO]  provider.terraform-provider-helm_v2.17.0_x5: 2025/11/16 15:55:35 [DEBUG] Experiments enabled: []: timestamp=2025-11-16T15:55:35.750Z
2025-11-16T15:55:35.762Z [DEBUG] provider.terraform-provider-kubernetes_v2.38.0_x5: 2025/11/16 15:55:35 [DEBUG] Using kubeconfig: /root/.kube/config
2025-11-16T15:55:35.763Z [DEBUG] provider.terraform-provider-kubernetes_v2.38.0_x5: 2025/11/16 15:55:35 [DEBUG] Enabling HTTP requests/responses tracing
2025-11-16T15:55:35.765Z [DEBUG] skipping FixUpBlockAttrs
2025-11-16T15:55:35.773Z [INFO]  Starting apply for kubernetes_ingress.monitoring_ingress
2025-11-16T15:55:35.774Z [INFO]  provider.terraform-provider-helm_v2.17.0_x5: 2025/11/16 15:55:35 [DEBUG] [resourceDiff: kube-prometheus-stack] Start: timestamp=2025-11-16T15:55:35.774Z
2025-11-16T15:55:35.774Z [INFO]  provider.terraform-provider-helm_v2.17.0_x5: 2025/11/16 15:55:35 [DEBUG] [resourceDiff: kube-prometheus-stack] upgrade_install is enabled: false: timestamp=2025-11-16T15:55:35.774Z
2025-11-16T15:55:35.774Z [INFO]  provider.terraform-provider-helm_v2.17.0_x5: 2025/11/16 15:55:35 [DEBUG] [resourceDiff: kube-prometheus-stack] targetVersion for release kube-prometheus-stack: '60.3.0': timestamp=2025-11-16T15:55:35.774Z
2025-11-16T15:55:35.774Z [INFO]  provider.terraform-provider-helm_v2.17.0_x5: 2025/11/16 15:55:35 [DEBUG] [INFO] GetHelmConfiguration start: timestamp=2025-11-16T15:55:35.774Z
2025-11-16T15:55:35.774Z [INFO]  provider.terraform-provider-helm_v2.17.0_x5: 2025/11/16 15:55:35 [DEBUG] Using kubeconfig: /root/.kube/config: timestamp=2025-11-16T15:55:35.774Z
2025-11-16T15:55:35.774Z [DEBUG] kubernetes_ingress.monitoring_ingress: applying the planned Create change
2025-11-16T15:55:35.774Z [INFO]  provider.terraform-provider-helm_v2.17.0_x5: 2025/11/16 15:55:35 [INFO] Successfully initialized kubernetes config: timestamp=2025-11-16T15:55:35.774Z
2025-11-16T15:55:35.775Z [INFO]  provider.terraform-provider-helm_v2.17.0_x5: 2025/11/16 15:55:35 [DEBUG] [INFO] GetHelmConfiguration success: timestamp=2025-11-16T15:55:35.774Z
2025-11-16T15:55:35.777Z [DEBUG] provider.terraform-provider-kubernetes_v2.38.0_x5: 2025/11/16 15:55:35 [DEBUG] setting computed for "status" from ComputedKeys
2025-11-16T15:55:35.777Z [DEBUG] provider.terraform-provider-kubernetes_v2.38.0_x5: 2025/11/16 15:55:35 [INFO] Creating new ingress: &v1beta1.Ingress{TypeMeta:v1.TypeMeta{Kind:"", APIVersion:""}, ObjectMeta:v1.ObjectMeta{Name:"monitoring-ingress", GenerateName:"", Namespace:"monitoring", SelfLink:"", UID:"", ResourceVersion:"", Generation:0, CreationTimestamp:time.Date(1, time.January, 1, 0, 0, 0, 0, time.UTC), DeletionTimestamp:<nil>, DeletionGracePeriodSeconds:(*int64)(nil), Labels:map[string]string(nil), Annotations:map[string]string(nil), OwnerReferences:[]v1.OwnerReference(nil), Finalizers:[]string(nil), ManagedFields:[]v1.ManagedFieldsEntry(nil)}, Spec:v1beta1.IngressSpec{IngressClassName:(*string)(nil), Backend:(*v1beta1.IngressBackend)(nil), TLS:[]v1beta1.IngressTLS{v1beta1.IngressTLS{Hosts:[]string{"prometheus.nudger.logo-solutions.fr", "grafana.nudger.logo-solutions.fr"}, SecretName:"monitoring-tls-secret"}}, Rules:[]v1beta1.IngressRule{v1beta1.IngressRule{Host:"prometheus.nudger.logo-solutions.fr", IngressRuleValue:v1beta1.IngressRuleValue{HTTP:(*v1beta1.HTTPIngressRuleValue)(0xc001103d40)}}, v1beta1.IngressRule{Host:"grafana.nudger.logo-solutions.fr", IngressRuleValue:v1beta1.IngressRuleValue{HTTP:(*v1beta1.HTTPIngressRuleValue)(0xc001103d58)}}}}, Status:v1beta1.IngressStatus{LoadBalancer:v1beta1.IngressLoadBalancerStatus{Ingress:[]v1beta1.IngressLoadBalancerIngress(nil)}}}
2025-11-16T15:55:35.778Z [DEBUG] provider.terraform-provider-kubernetes_v2.38.0_x5: Sending HTTP Request: @module=kubernetes.Kubernetes Accept="application/json, */*" User-Agent="HashiCorp/1.0 Terraform/1.9.8" tf_http_req_version=HTTP/1.1 Accept-Encoding=gzip new_logger_warning="This log was generated by a subsystem logger that wasn't created before being used. Use tflog.NewSubsystem to create this logger before it is used." tf_http_req_uri=/apis/extensions/v1beta1/namespaces/monitoring/ingresses @caller=github.com/hashicorp/terraform-plugin-sdk/v2@v2.37.0/helper/logging/logging_http_transport.go:160 tf_http_op_type=request tf_http_trans_id=6e50c817-4b5a-c4d5-cd14-5f05c2dadce1 Content-Length=632 Content-Type=application/json Host=91.98.16.184:6443 tf_http_req_body="{\"kind\":\"Ingress\",\"apiVersion\":\"extensions/v1beta1\",\"metadata\":{\"name\":\"monitoring-ingress\",\"namespace\":\"monitoring\",\"creationTimestamp\":null},\"spec\":{\"tls\":[{\"hosts\":[\"prometheus.nudger.logo-solutions.fr\",\"grafana.nudger.logo-solutions.fr\"],\"secretName\":\"monitoring-tls-secret\"}],\"rules\":[{\"host\":\"prometheus.nudger.logo-solutions.fr\",\"http\":{\"paths\":[{\"path\":\"/\",\"backend\":{\"serviceName\":\"kube-prometheus-stack-prometheus\",\"servicePort\":9090}}]}},{\"host\":\"grafana.nudger.logo-solutions.fr\",\"http\":{\"paths\":[{\"path\":\"/\",\"backend\":{\"serviceName\":\"kube-prometheus-stack-grafana\",\"servicePort\":80}}]}}]},\"status\":{\"loadBalancer\":{}}}" tf_http_req_method=POST timestamp=2025-11-16T15:55:35.778Z
2025-11-16T15:55:35.846Z [DEBUG] provider.terraform-provider-kubernetes_v2.38.0_x5: Received HTTP Response:
  tf_http_res_body=
  | 404 page not found
   tf_http_res_status_reason="404 Not Found" Content-Type="text/plain; charset=utf-8" X-Kubernetes-Pf-Prioritylevel-Uid=debe343a-fda0-4702-9e46-7980016434a2 Date="Sun, 16 Nov 2025 15:55:35 GMT" X-Content-Type-Options=nosniff new_logger_warning="This log was generated by a subsystem logger that wasn't created before being used. Use tflog.NewSubsystem to create this logger before it is used." tf_http_op_type=response @module=kubernetes.Kubernetes Audit-Id=016d93ff-dc51-47cd-bbc6-c7b31b3ce5f0 Cache-Control="no-cache, private" tf_http_res_status_code=404 @caller=github.com/hashicorp/terraform-plugin-sdk/v2@v2.37.0/helper/logging/logging_http_transport.go:160 X-Kubernetes-Pf-Flowschema-Uid=24ef9050-0ff9-4e4e-b810-9e682b32e548 tf_http_trans_id=6e50c817-4b5a-c4d5-cd14-5f05c2dadce1 Content-Length=19 tf_http_res_version=HTTP/2.0 timestamp=2025-11-16T15:55:35.845Z
2025-11-16T15:55:35.846Z [ERROR] provider.terraform-provider-kubernetes_v2.38.0_x5: Response contains error diagnostic: diagnostic_summary="Failed to create Ingress 'monitoring/monitoring-ingress' because: the server could not find the requested resource (post ingresses.extensions)" tf_proto_version=5.9 tf_provider_addr=registry.terraform.io/hashicorp/kubernetes tf_resource_type=kubernetes_ingress tf_rpc=ApplyResourceChange @module=sdk.proto diagnostic_detail="" diagnostic_severity=ERROR tf_req_id=7254119c-f01f-c25e-4f71-e20bbce2ae2f @caller=github.com/hashicorp/terraform-plugin-go@v0.27.0/tfprotov5/internal/diag/diagnostics.go:58 timestamp=2025-11-16T15:55:35.846Z
2025-11-16T15:55:35.849Z [DEBUG] State storage *statemgr.Filesystem declined to persist a state snapshot
2025-11-16T15:55:35.849Z [ERROR] vertex "kubernetes_ingress.monitoring_ingress" error: Failed to create Ingress 'monitoring/monitoring-ingress' because: the server could not find the requested resource (post ingresses.extensions)
2025-11-16T15:55:37.913Z [INFO]  provider.terraform-provider-helm_v2.17.0_x5: 2025/11/16 15:55:37 [DEBUG] [resourceDiff: kube-prometheus-stack] Got chart kube-prometheus-stack version 60.3.0: timestamp=2025-11-16T15:55:37.913Z
2025-11-16T15:55:37.913Z [INFO]  provider.terraform-provider-helm_v2.17.0_x5: 2025/11/16 15:55:37 [DEBUG] [resourceDiff: kube-prometheus-stack] Release validated: timestamp=2025-11-16T15:55:37.913Z
2025-11-16T15:55:37.913Z [INFO]  provider.terraform-provider-helm_v2.17.0_x5: 2025/11/16 15:55:37 [DEBUG] [resourceDiff: kube-prometheus-stack] setting version to 60.3.0: timestamp=2025-11-16T15:55:37.913Z
2025-11-16T15:55:37.913Z [INFO]  provider.terraform-provider-helm_v2.17.0_x5: 2025/11/16 15:55:37 [DEBUG] [resourceDiff: kube-prometheus-stack] Done: timestamp=2025-11-16T15:55:37.913Z
2025-11-16T15:55:37.915Z [WARN]  Provider "registry.terraform.io/hashicorp/helm" produced an invalid plan for helm_release.kps, but we are tolerating it because it is using the legacy plugin SDK.
    The following problems may be the cause of any confusing errors from downstream operations:
      - .lint: planned value cty.False for a non-computed attribute
      - .render_subchart_notes: planned value cty.True for a non-computed attribute
      - .pass_credentials: planned value cty.False for a non-computed attribute
      - .create_namespace: planned value cty.False for a non-computed attribute
      - .disable_crd_hooks: planned value cty.False for a non-computed attribute
      - .force_update: planned value cty.False for a non-computed attribute
      - .disable_webhooks: planned value cty.False for a non-computed attribute
      - .reset_values: planned value cty.False for a non-computed attribute
      - .skip_crds: planned value cty.False for a non-computed attribute
      - .timeout: planned value cty.NumberIntVal(300) for a non-computed attribute
      - .dependency_update: planned value cty.False for a non-computed attribute
      - .disable_openapi_validation: planned value cty.False for a non-computed attribute
      - .max_history: planned value cty.NumberIntVal(0) for a non-computed attribute
      - .replace: planned value cty.False for a non-computed attribute
      - .verify: planned value cty.False for a non-computed attribute
      - .atomic: planned value cty.False for a non-computed attribute
      - .recreate_pods: planned value cty.False for a non-computed attribute
      - .reuse_values: planned value cty.False for a non-computed attribute
      - .wait_for_jobs: planned value cty.False for a non-computed attribute
      - .wait: planned value cty.True for a non-computed attribute
2025-11-16T15:55:37.915Z [INFO]  Starting apply for helm_release.kps
2025-11-16T15:55:37.916Z [DEBUG] helm_release.kps: applying the planned Create change
2025-11-16T15:55:37.919Z [INFO]  provider.terraform-provider-helm_v2.17.0_x5: 2025/11/16 15:55:37 [DEBUG] setting computed for "metadata" from ComputedKeys: timestamp=2025-11-16T15:55:37.918Z
2025-11-16T15:55:37.919Z [INFO]  provider.terraform-provider-helm_v2.17.0_x5: 2025/11/16 15:55:37 [DEBUG] [resourceReleaseCreate: kube-prometheus-stack] Started: timestamp=2025-11-16T15:55:37.919Z
2025-11-16T15:55:37.919Z [INFO]  provider.terraform-provider-helm_v2.17.0_x5: 2025/11/16 15:55:37 [DEBUG] [resourceReleaseCreate: kube-prometheus-stack] Getting helm configuration: timestamp=2025-11-16T15:55:37.919Z
2025-11-16T15:55:37.919Z [INFO]  provider.terraform-provider-helm_v2.17.0_x5: 2025/11/16 15:55:37 [DEBUG] [INFO] GetHelmConfiguration start: timestamp=2025-11-16T15:55:37.919Z
2025-11-16T15:55:37.919Z [INFO]  provider.terraform-provider-helm_v2.17.0_x5: 2025/11/16 15:55:37 [DEBUG] Using kubeconfig: /root/.kube/config: timestamp=2025-11-16T15:55:37.919Z
2025-11-16T15:55:37.919Z [INFO]  provider.terraform-provider-helm_v2.17.0_x5: 2025/11/16 15:55:37 [INFO] Successfully initialized kubernetes config: timestamp=2025-11-16T15:55:37.919Z
2025-11-16T15:55:37.919Z [INFO]  provider.terraform-provider-helm_v2.17.0_x5: 2025/11/16 15:55:37 [DEBUG] [INFO] GetHelmConfiguration success: timestamp=2025-11-16T15:55:37.919Z
2025-11-16T15:55:37.919Z [INFO]  provider.terraform-provider-helm_v2.17.0_x5: 2025/11/16 15:55:37 [DEBUG] [resourceReleaseCreate: kube-prometheus-stack] Getting chart: timestamp=2025-11-16T15:55:37.919Z
2025-11-16T15:55:37.963Z [DEBUG] provider.terraform-provider-kubernetes_v2.38.0_x5: 2025-11-16T15:55:37.963Z [DEBUG] [PlanUpdateResource]: OAPI type="tftypes.Object[\"apiVersion\":tftypes.String, \"kind\":tftypes.String, \"metadata\":tftypes.Object[\"annotations\":tftypes.Map[tftypes.String], \"creationTimestamp\":tftypes.String, \"deletionGracePeriodSeconds\":tftypes.Number, \"deletionTimestamp\":tftypes.String, \"finalizers\":tftypes.List[tftypes.String], \"generateName\":tftypes.String, \"generation\":tftypes.Number, \"labels\":tftypes.Map[tftypes.String], \"managedFields\":tftypes.Tuple[tftypes.Object[\"apiVersion\":tftypes.String, \"fieldsType\":tftypes.String, \"fieldsV1\":tftypes.DynamicPseudoType, \"manager\":tftypes.String, \"operation\":tftypes.String, \"subresource\":tftypes.String, \"time\":tftypes.String]], \"name\":tftypes.String, \"namespace\":tftypes.String, \"ownerReferences\":tftypes.List[tftypes.Object[\"apiVersion\":tftypes.String, \"blockOwnerDeletion\":tftypes.Bool, \"controller\":tftypes.Bool, \"kind\":tftypes.String, \"name\":tftypes.String, \"uid\":tftypes.String]], \"resourceVersion\":tftypes.String, \"selfLink\":tftypes.String, \"uid\":tftypes.String], \"spec\":tftypes.Object[\"allocateLoadBalancerNodePorts\":tftypes.Bool, \"clusterIP\":tftypes.String, \"clusterIPs\":tftypes.List[tftypes.String], \"externalIPs\":tftypes.List[tftypes.String], \"externalName\":tftypes.String, \"externalTrafficPolicy\":tftypes.String, \"healthCheckNodePort\":tftypes.Number, \"internalTrafficPolicy\":tftypes.String, \"ipFamilies\":tftypes.List[tftypes.String], \"ipFamilyPolicy\":tftypes.String, \"loadBalancerClass\":tftypes.String, \"loadBalancerIP\":tftypes.String, \"loadBalancerSourceRanges\":tftypes.List[tftypes.String], \"ports\":tftypes.List[tftypes.Object[\"appProtocol\":tftypes.String, \"name\":tftypes.String, \"nodePort\":tftypes.Number, \"port\":tftypes.Number, \"protocol\":tftypes.String, \"targetPort\":tftypes.String]], \"publishNotReadyAddresses\":tftypes.Bool, \"selector\":tftypes.Map[tftypes.String], \"sessionAffinity\":tftypes.String, \"sessionAffinityConfig\":tftypes.Object[\"clientIP\":tftypes.Object[\"timeoutSeconds\":tftypes.Number]], \"trafficDistribution\":tftypes.String, \"type\":tftypes.String]]"
2025-11-16T15:55:37.963Z [DEBUG] provider.terraform-provider-kubernetes_v2.38.0_x5: 2025-11-16T15:55:37.963Z [DEBUG] [PlanResourceChange]: morphed manifest="tftypes.Object[\"apiVersion\":tftypes.String, \"kind\":tftypes.String, \"metadata\":tftypes.Object[\"annotations\":tftypes.Map[tftypes.String], \"creationTimestamp\":tftypes.String, \"deletionGracePeriodSeconds\":tftypes.Number, \"deletionTimestamp\":tftypes.String, \"finalizers\":tftypes.List[tftypes.String], \"generateName\":tftypes.String, \"generation\":tftypes.Number, \"labels\":tftypes.Map[tftypes.String], \"managedFields\":tftypes.Tuple[tftypes.Object[\"apiVersion\":tftypes.String, \"fieldsType\":tftypes.String, \"fieldsV1\":tftypes.DynamicPseudoType, \"manager\":tftypes.String, \"operation\":tftypes.String, \"subresource\":tftypes.String, \"time\":tftypes.String]], \"name\":tftypes.String, \"namespace\":tftypes.String, \"ownerReferences\":tftypes.List[tftypes.Object[\"apiVersion\":tftypes.String, \"blockOwnerDeletion\":tftypes.Bool, \"controller\":tftypes.Bool, \"kind\":tftypes.String, \"name\":tftypes.String, \"uid\":tftypes.String]], \"resourceVersion\":tftypes.String, \"selfLink\":tftypes.String, \"uid\":tftypes.String], \"spec\":tftypes.Object[\"allocateLoadBalancerNodePorts\":tftypes.Bool, \"clusterIP\":tftypes.String, \"clusterIPs\":tftypes.List[tftypes.String], \"externalIPs\":tftypes.List[tftypes.String], \"externalName\":tftypes.String, \"externalTrafficPolicy\":tftypes.String, \"healthCheckNodePort\":tftypes.Number, \"internalTrafficPolicy\":tftypes.String, \"ipFamilies\":tftypes.List[tftypes.String], \"ipFamilyPolicy\":tftypes.String, \"loadBalancerClass\":tftypes.String, \"loadBalancerIP\":tftypes.String, \"loadBalancerSourceRanges\":tftypes.List[tftypes.String], \"ports\":tftypes.List[tftypes.Object[\"appProtocol\":tftypes.String, \"name\":tftypes.String, \"nodePort\":tftypes.Number, \"port\":tftypes.Number, \"protocol\":tftypes.String, \"targetPort\":tftypes.String]], \"publishNotReadyAddresses\":tftypes.Bool, \"selector\":tftypes.Map[tftypes.String], \"sessionAffinity\":tftypes.String, \"sessionAffinityConfig\":tftypes.Object[\"clientIP\":tftypes.Object[\"timeoutSeconds\":tftypes.Number]], \"trafficDistribution\":tftypes.String, \"type\":tftypes.String]]<\"apiVersion\":tftypes.String<\"v1\">, \"kind\":tftypes.String<\"Service\">, \"metadata\":tftypes.Object[\"annotations\":tftypes.Map[tftypes.String], \"creationTimestamp\":tftypes.String, \"deletionGracePeriodSeconds\":tftypes.Number, \"deletionTimestamp\":tftypes.String, \"finalizers\":tftypes.List[tftypes.String], \"generateName\":tftypes.String, \"generation\":tftypes.Number, \"labels\":tftypes.Map[tftypes.String], \"managedFields\":tftypes.Tuple[tftypes.Object[\"apiVersion\":tftypes.String, \"fieldsType\":tftypes.String, \"fieldsV1\":tftypes.DynamicPseudoType, \"manager\":tftypes.String, \"operation\":tftypes.String, \"subresource\":tftypes.String, \"time\":tftypes.String]], \"name\":tftypes.String, \"namespace\":tftypes.String, \"ownerReferences\":tftypes.List[tftypes.Object[\"apiVersion\":tftypes.String, \"blockOwnerDeletion\":tftypes.Bool, \"controller\":tftypes.Bool, \"kind\":tftypes.String, \"name\":tftypes.String, \"uid\":tftypes.String]], \"resourceVersion\":tftypes.String, \"selfLink\":tftypes.String, \"uid\":tftypes.String]<\"annotations\":tftypes.Map[tftypes.String]<null>, \"creationTimestamp\":tftypes.String<null>, \"deletionGracePeriodSeconds\":tftypes.Number<null>, \"deletionTimestamp\":tftypes.String<null>, \"finalizers\":tftypes.List[tftypes.String]<null>, \"generateName\":tftypes.String<null>, \"generation\":tftypes.Number<null>, \"labels\":tftypes.Map[tftypes.String]<null>, \"managedFields\":tftypes.Tuple[tftypes.Object[\"apiVersion\":tftypes.String, \"fieldsType\":tftypes.String, \"fieldsV1\":tftypes.DynamicPseudoType, \"manager\":tftypes.String, \"operation\":tftypes.String, \"subresource\":tftypes.String, \"time\":tftypes.String]]<null>, \"name\":tftypes.String<\"grafana\">, \"namespace\":tftypes.String<\"monitoring\">, \"ownerReferences\":tftypes.List[tftypes.Object[\"apiVersion\":tftypes.String, \"blockOwnerDeletion\":tftypes.Bool, \"controller\":tftypes.Bool, \"kind\":tftypes.String, \"name\":tftypes.String, \"uid\":tftypes.String]]<null>, \"resourceVersion\":tftypes.String<null>, \"selfLink\":tftypes.String<null>, \"uid\":tftypes.String<null>>, \"spec\":tftypes.Object[\"allocateLoadBalancerNodePorts\":tftypes.Bool, \"clusterIP\":tftypes.String, \"clusterIPs\":tftypes.List[tftypes.String], \"externalIPs\":tftypes.List[tftypes.String], \"externalName\":tftypes.String, \"externalTrafficPolicy\":tftypes.String, \"healthCheckNodePort\":tftypes.Number, \"internalTrafficPolicy\":tftypes.String, \"ipFamilies\":tftypes.List[tftypes.String], \"ipFamilyPolicy\":tftypes.String, \"loadBalancerClass\":tftypes.String, \"loadBalancerIP\":tftypes.String, \"loadBalancerSourceRanges\":tftypes.List[tftypes.String], \"ports\":tftypes.List[tftypes.Object[\"appProtocol\":tftypes.String, \"name\":tftypes.String, \"nodePort\":tftypes.Number, \"port\":tftypes.Number, \"protocol\":tftypes.String, \"targetPort\":tftypes.String]], \"publishNotReadyAddresses\":tftypes.Bool, \"selector\":tftypes.Map[tftypes.String], \"sessionAffinity\":tftypes.String, \"sessionAffinityConfig\":tftypes.Object[\"clientIP\":tftypes.Object[\"timeoutSeconds\":tftypes.Number]], \"trafficDistribution\":tftypes.String, \"type\":tftypes.String]<\"allocateLoadBalancerNodePorts\":tftypes.Bool<null>, \"clusterIP\":tftypes.String<null>, \"clusterIPs\":tftypes.List[tftypes.String]<null>, \"externalIPs\":tftypes.List[tftypes.String]<null>, \"externalName\":tftypes.String<null>, \"externalTrafficPolicy\":tftypes.String<null>, \"healthCheckNodePort\":tftypes.Number<null>, \"internalTrafficPolicy\":tftypes.String<null>, \"ipFamilies\":tftypes.List[tftypes.String]<null>, \"ipFamilyPolicy\":tftypes.String<null>, \"loadBalancerClass\":tftypes.String<null>, \"loadBalancerIP\":tftypes.String<null>, \"loadBalancerSourceRanges\":tftypes.List[tftypes.String]<null>, \"ports\":tftypes.List[tftypes.Object[\"appProtocol\":tftypes.String, \"name\":tftypes.String, \"nodePort\":tftypes.Number, \"port\":tftypes.Number, \"protocol\":tftypes.String, \"targetPort\":tftypes.String]]<tftypes.Object[\"appProtocol\":tftypes.String, \"name\":tftypes.String, \"nodePort\":tftypes.Number, \"port\":tftypes.Number, \"protocol\":tftypes.String, \"targetPort\":tftypes.String]<\"appProtocol\":tftypes.String<null>, \"name\":tftypes.String<null>, \"nodePort\":tftypes.Number<null>, \"port\":tftypes.Number<\"80\">, \"protocol\":tftypes.String<\"TCP\">, \"targetPort\":tftypes.String<\"80\">>>, \"publishNotReadyAddresses\":tftypes.Bool<null>, \"selector\":tftypes.Map[tftypes.String]<\"app\":tftypes.String<\"grafana\">>, \"sessionAffinity\":tftypes.String<null>, \"sessionAffinityConfig\":tftypes.Object[\"clientIP\":tftypes.Object[\"timeoutSeconds\":tftypes.Number]]<null>, \"trafficDistribution\":tftypes.String<null>, \"type\":tftypes.String<\"LoadBalancer\">>>"
2025-11-16T15:55:37.963Z [DEBUG] provider.terraform-provider-kubernetes_v2.38.0_x5: 2025-11-16T15:55:37.963Z [DEBUG] [PlanResourceChange]: backfilled manifest="tftypes.Object[\"apiVersion\":tftypes.String, \"kind\":tftypes.String, \"metadata\":tftypes.Object[\"annotations\":tftypes.Map[tftypes.String], \"creationTimestamp\":tftypes.String, \"deletionGracePeriodSeconds\":tftypes.Number, \"deletionTimestamp\":tftypes.String, \"finalizers\":tftypes.List[tftypes.String], \"generateName\":tftypes.String, \"generation\":tftypes.Number, \"labels\":tftypes.Map[tftypes.String], \"managedFields\":tftypes.Tuple[tftypes.Object[\"apiVersion\":tftypes.String, \"fieldsType\":tftypes.String, \"fieldsV1\":tftypes.DynamicPseudoType, \"manager\":tftypes.String, \"operation\":tftypes.String, \"subresource\":tftypes.String, \"time\":tftypes.String]], \"name\":tftypes.String, \"namespace\":tftypes.String, \"ownerReferences\":tftypes.List[tftypes.Object[\"apiVersion\":tftypes.String, \"blockOwnerDeletion\":tftypes.Bool, \"controller\":tftypes.Bool, \"kind\":tftypes.String, \"name\":tftypes.String, \"uid\":tftypes.String]], \"resourceVersion\":tftypes.String, \"selfLink\":tftypes.String, \"uid\":tftypes.String], \"spec\":tftypes.Object[\"allocateLoadBalancerNodePorts\":tftypes.Bool, \"clusterIP\":tftypes.String, \"clusterIPs\":tftypes.List[tftypes.String], \"externalIPs\":tftypes.List[tftypes.String], \"externalName\":tftypes.String, \"externalTrafficPolicy\":tftypes.String, \"healthCheckNodePort\":tftypes.Number, \"internalTrafficPolicy\":tftypes.String, \"ipFamilies\":tftypes.List[tftypes.String], \"ipFamilyPolicy\":tftypes.String, \"loadBalancerClass\":tftypes.String, \"loadBalancerIP\":tftypes.String, \"loadBalancerSourceRanges\":tftypes.List[tftypes.String], \"ports\":tftypes.List[tftypes.Object[\"appProtocol\":tftypes.String, \"name\":tftypes.String, \"nodePort\":tftypes.Number, \"port\":tftypes.Number, \"protocol\":tftypes.String, \"targetPort\":tftypes.String]], \"publishNotReadyAddresses\":tftypes.Bool, \"selector\":tftypes.Map[tftypes.String], \"sessionAffinity\":tftypes.String, \"sessionAffinityConfig\":tftypes.Object[\"clientIP\":tftypes.Object[\"timeoutSeconds\":tftypes.Number]], \"trafficDistribution\":tftypes.String, \"type\":tftypes.String]]<\"apiVersion\":tftypes.String<\"v1\">, \"kind\":tftypes.String<\"Service\">, \"metadata\":tftypes.Object[\"annotations\":tftypes.Map[tftypes.String], \"creationTimestamp\":tftypes.String, \"deletionGracePeriodSeconds\":tftypes.Number, \"deletionTimestamp\":tftypes.String, \"finalizers\":tftypes.List[tftypes.String], \"generateName\":tftypes.String, \"generation\":tftypes.Number, \"labels\":tftypes.Map[tftypes.String], \"managedFields\":tftypes.Tuple[tftypes.Object[\"apiVersion\":tftypes.String, \"fieldsType\":tftypes.String, \"fieldsV1\":tftypes.DynamicPseudoType, \"manager\":tftypes.String, \"operation\":tftypes.String, \"subresource\":tftypes.String, \"time\":tftypes.String]], \"name\":tftypes.String, \"namespace\":tftypes.String, \"ownerReferences\":tftypes.List[tftypes.Object[\"apiVersion\":tftypes.String, \"blockOwnerDeletion\":tftypes.Bool, \"controller\":tftypes.Bool, \"kind\":tftypes.String, \"name\":tftypes.String, \"uid\":tftypes.String]], \"resourceVersion\":tftypes.String, \"selfLink\":tftypes.String, \"uid\":tftypes.String]<\"annotations\":tftypes.Map[tftypes.String]<unknown>, \"creationTimestamp\":tftypes.String<unknown>, \"deletionGracePeriodSeconds\":tftypes.Number<unknown>, \"deletionTimestamp\":tftypes.String<unknown>, \"finalizers\":tftypes.List[tftypes.String]<unknown>, \"generateName\":tftypes.String<unknown>, \"generation\":tftypes.Number<unknown>, \"labels\":tftypes.Map[tftypes.String]<unknown>, \"managedFields\":tftypes.Tuple[tftypes.Object[\"apiVersion\":tftypes.String, \"fieldsType\":tftypes.String, \"fieldsV1\":tftypes.DynamicPseudoType, \"manager\":tftypes.String, \"operation\":tftypes.String, \"subresource\":tftypes.String, \"time\":tftypes.String]]<unknown>, \"name\":tftypes.String<\"grafana\">, \"namespace\":tftypes.String<\"monitoring\">, \"ownerReferences\":tftypes.List[tftypes.Object[\"apiVersion\":tftypes.String, \"blockOwnerDeletion\":tftypes.Bool, \"controller\":tftypes.Bool, \"kind\":tftypes.String, \"name\":tftypes.String, \"uid\":tftypes.String]]<unknown>, \"resourceVersion\":tftypes.String<unknown>, \"selfLink\":tftypes.String<unknown>, \"uid\":tftypes.String<unknown>>, \"spec\":tftypes.Object[\"allocateLoadBalancerNodePorts\":tftypes.Bool, \"clusterIP\":tftypes.String, \"clusterIPs\":tftypes.List[tftypes.String], \"externalIPs\":tftypes.List[tftypes.String], \"externalName\":tftypes.String, \"externalTrafficPolicy\":tftypes.String, \"healthCheckNodePort\":tftypes.Number, \"internalTrafficPolicy\":tftypes.String, \"ipFamilies\":tftypes.List[tftypes.String], \"ipFamilyPolicy\":tftypes.String, \"loadBalancerClass\":tftypes.String, \"loadBalancerIP\":tftypes.String, \"loadBalancerSourceRanges\":tftypes.List[tftypes.String], \"ports\":tftypes.List[tftypes.Object[\"appProtocol\":tftypes.String, \"name\":tftypes.String, \"nodePort\":tftypes.Number, \"port\":tftypes.Number, \"protocol\":tftypes.String, \"targetPort\":tftypes.String]], \"publishNotReadyAddresses\":tftypes.Bool, \"selector\":tftypes.Map[tftypes.String], \"sessionAffinity\":tftypes.String, \"sessionAffinityConfig\":tftypes.Object[\"clientIP\":tftypes.Object[\"timeoutSeconds\":tftypes.Number]], \"trafficDistribution\":tftypes.String, \"type\":tftypes.String]<\"allocateLoadBalancerNodePorts\":tftypes.Bool<unknown>, \"clusterIP\":tftypes.String<unknown>, \"clusterIPs\":tftypes.List[tftypes.String]<unknown>, \"externalIPs\":tftypes.List[tftypes.String]<unknown>, \"externalName\":tftypes.String<unknown>, \"externalTrafficPolicy\":tftypes.String<unknown>, \"healthCheckNodePort\":tftypes.Number<unknown>, \"internalTrafficPolicy\":tftypes.String<unknown>, \"ipFamilies\":tftypes.List[tftypes.String]<unknown>, \"ipFamilyPolicy\":tftypes.String<unknown>, \"loadBalancerClass\":tftypes.String<unknown>, \"loadBalancerIP\":tftypes.String<unknown>, \"loadBalancerSourceRanges\":tftypes.List[tftypes.String]<unknown>, \"ports\":tftypes.List[tftypes.Object[\"appProtocol\":tftypes.String, \"name\":tftypes.String, \"nodePort\":tftypes.Number, \"port\":tftypes.Number, \"protocol\":tftypes.String, \"targetPort\":tftypes.String]]<tftypes.Object[\"appProtocol\":tftypes.String, \"name\":tftypes.String, \"nodePort\":tftypes.Number, \"port\":tftypes.Number, \"protocol\":tftypes.String, \"targetPort\":tftypes.String]<\"appProtocol\":tftypes.String<unknown>, \"name\":tftypes.String<unknown>, \"nodePort\":tftypes.Number<unknown>, \"port\":tftypes.Number<\"80\">, \"protocol\":tftypes.String<\"TCP\">, \"targetPort\":tftypes.String<\"80\">>>, \"publishNotReadyAddresses\":tftypes.Bool<unknown>, \"selector\":tftypes.Map[tftypes.String]<\"app\":tftypes.String<\"grafana\">>, \"sessionAffinity\":tftypes.String<unknown>, \"sessionAffinityConfig\":tftypes.Object[\"clientIP\":tftypes.Object[\"timeoutSeconds\":tftypes.Number]]<\"clientIP\":tftypes.Object[\"timeoutSeconds\":tftypes.Number]<\"timeoutSeconds\":tftypes.Number<unknown>>>, \"trafficDistribution\":tftypes.String<unknown>, \"type\":tftypes.String<\"LoadBalancer\">>>"
2025-11-16T15:55:37.963Z [DEBUG] provider.terraform-provider-kubernetes_v2.38.0_x5: 2025-11-16T15:55:37.963Z [DEBUG] [PlanResourceChange]: creating object="tftypes.Object[\"apiVersion\":tftypes.String, \"kind\":tftypes.String, \"metadata\":tftypes.Object[\"annotations\":tftypes.Map[tftypes.String], \"creationTimestamp\":tftypes.String, \"deletionGracePeriodSeconds\":tftypes.Number, \"deletionTimestamp\":tftypes.String, \"finalizers\":tftypes.List[tftypes.String], \"generateName\":tftypes.String, \"generation\":tftypes.Number, \"labels\":tftypes.Map[tftypes.String], \"managedFields\":tftypes.Tuple[tftypes.Object[\"apiVersion\":tftypes.String, \"fieldsType\":tftypes.String, \"fieldsV1\":tftypes.DynamicPseudoType, \"manager\":tftypes.String, \"operation\":tftypes.String, \"subresource\":tftypes.String, \"time\":tftypes.String]], \"name\":tftypes.String, \"namespace\":tftypes.String, \"ownerReferences\":tftypes.List[tftypes.Object[\"apiVersion\":tftypes.String, \"blockOwnerDeletion\":tftypes.Bool, \"controller\":tftypes.Bool, \"kind\":tftypes.String, \"name\":tftypes.String, \"uid\":tftypes.String]], \"resourceVersion\":tftypes.String, \"selfLink\":tftypes.String, \"uid\":tftypes.String], \"spec\":tftypes.Object[\"allocateLoadBalancerNodePorts\":tftypes.Bool, \"clusterIP\":tftypes.String, \"clusterIPs\":tftypes.List[tftypes.String], \"externalIPs\":tftypes.List[tftypes.String], \"externalName\":tftypes.String, \"externalTrafficPolicy\":tftypes.String, \"healthCheckNodePort\":tftypes.Number, \"internalTrafficPolicy\":tftypes.String, \"ipFamilies\":tftypes.List[tftypes.String], \"ipFamilyPolicy\":tftypes.String, \"loadBalancerClass\":tftypes.String, \"loadBalancerIP\":tftypes.String, \"loadBalancerSourceRanges\":tftypes.List[tftypes.String], \"ports\":tftypes.List[tftypes.Object[\"appProtocol\":tftypes.String, \"name\":tftypes.String, \"nodePort\":tftypes.Number, \"port\":tftypes.Number, \"protocol\":tftypes.String, \"targetPort\":tftypes.String]], \"publishNotReadyAddresses\":tftypes.Bool, \"selector\":tftypes.Map[tftypes.String], \"sessionAffinity\":tftypes.String, \"sessionAffinityConfig\":tftypes.Object[\"clientIP\":tftypes.Object[\"timeoutSeconds\":tftypes.Number]], \"trafficDistribution\":tftypes.String, \"type\":tftypes.String]]<\"apiVersion\":tftypes.String<\"v1\">, \"kind\":tftypes.String<\"Service\">, \"metadata\":tftypes.Object[\"annotations\":tftypes.Map[tftypes.String], \"creationTimestamp\":tftypes.String, \"deletionGracePeriodSeconds\":tftypes.Number, \"deletionTimestamp\":tftypes.String, \"finalizers\":tftypes.List[tftypes.String], \"generateName\":tftypes.String, \"generation\":tftypes.Number, \"labels\":tftypes.Map[tftypes.String], \"managedFields\":tftypes.Tuple[tftypes.Object[\"apiVersion\":tftypes.String, \"fieldsType\":tftypes.String, \"fieldsV1\":tftypes.DynamicPseudoType, \"manager\":tftypes.String, \"operation\":tftypes.String, \"subresource\":tftypes.String, \"time\":tftypes.String]], \"name\":tftypes.String, \"namespace\":tftypes.String, \"ownerReferences\":tftypes.List[tftypes.Object[\"apiVersion\":tftypes.String, \"blockOwnerDeletion\":tftypes.Bool, \"controller\":tftypes.Bool, \"kind\":tftypes.String, \"name\":tftypes.String, \"uid\":tftypes.String]], \"resourceVersion\":tftypes.String, \"selfLink\":tftypes.String, \"uid\":tftypes.String]<\"annotations\":tftypes.Map[tftypes.String]<unknown>, \"creationTimestamp\":tftypes.String<unknown>, \"deletionGracePeriodSeconds\":tftypes.Number<unknown>, \"deletionTimestamp\":tftypes.String<unknown>, \"finalizers\":tftypes.List[tftypes.String]<unknown>, \"generateName\":tftypes.String<unknown>, \"generation\":tftypes.Number<unknown>, \"labels\":tftypes.Map[tftypes.String]<unknown>, \"managedFields\":tftypes.Tuple[tftypes.Object[\"apiVersion\":tftypes.String, \"fieldsType\":tftypes.String, \"fieldsV1\":tftypes.DynamicPseudoType, \"manager\":tftypes.String, \"operation\":tftypes.String, \"subresource\":tftypes.String, \"time\":tftypes.String]]<unknown>, \"name\":tftypes.String<\"grafana\">, \"namespace\":tftypes.String<\"monitoring\">, \"ownerReferences\":tftypes.List[tftypes.Object[\"apiVersion\":tftypes.String, \"blockOwnerDeletion\":tftypes.Bool, \"controller\":tftypes.Bool, \"kind\":tftypes.String, \"name\":tftypes.String, \"uid\":tftypes.String]]<unknown>, \"resourceVersion\":tftypes.String<unknown>, \"selfLink\":tftypes.String<unknown>, \"uid\":tftypes.String<unknown>>, \"spec\":tftypes.Object[\"allocateLoadBalancerNodePorts\":tftypes.Bool, \"clusterIP\":tftypes.String, \"clusterIPs\":tftypes.List[tftypes.String], \"externalIPs\":tftypes.List[tftypes.String], \"externalName\":tftypes.String, \"externalTrafficPolicy\":tftypes.String, \"healthCheckNodePort\":tftypes.Number, \"internalTrafficPolicy\":tftypes.String, \"ipFamilies\":tftypes.List[tftypes.String], \"ipFamilyPolicy\":tftypes.String, \"loadBalancerClass\":tftypes.String, \"loadBalancerIP\":tftypes.String, \"loadBalancerSourceRanges\":tftypes.List[tftypes.String], \"ports\":tftypes.List[tftypes.Object[\"appProtocol\":tftypes.String, \"name\":tftypes.String, \"nodePort\":tftypes.Number, \"port\":tftypes.Number, \"protocol\":tftypes.String, \"targetPort\":tftypes.String]], \"publishNotReadyAddresses\":tftypes.Bool, \"selector\":tftypes.Map[tftypes.String], \"sessionAffinity\":tftypes.String, \"sessionAffinityConfig\":tftypes.Object[\"clientIP\":tftypes.Object[\"timeoutSeconds\":tftypes.Number]], \"trafficDistribution\":tftypes.String, \"type\":tftypes.String]<\"allocateLoadBalancerNodePorts\":tftypes.Bool<unknown>, \"clusterIP\":tftypes.String<unknown>, \"clusterIPs\":tftypes.List[tftypes.String]<unknown>, \"externalIPs\":tftypes.List[tftypes.String]<unknown>, \"externalName\":tftypes.String<unknown>, \"externalTrafficPolicy\":tftypes.String<unknown>, \"healthCheckNodePort\":tftypes.Number<unknown>, \"internalTrafficPolicy\":tftypes.String<unknown>, \"ipFamilies\":tftypes.List[tftypes.String]<unknown>, \"ipFamilyPolicy\":tftypes.String<unknown>, \"loadBalancerClass\":tftypes.String<unknown>, \"loadBalancerIP\":tftypes.String<unknown>, \"loadBalancerSourceRanges\":tftypes.List[tftypes.String]<unknown>, \"ports\":tftypes.List[tftypes.Object[\"appProtocol\":tftypes.String, \"name\":tftypes.String, \"nodePort\":tftypes.Number, \"port\":tftypes.Number, \"protocol\":tftypes.String, \"targetPort\":tftypes.String]]<tftypes.Object[\"appProtocol\":tftypes.String, \"name\":tftypes.String, \"nodePort\":tftypes.Number, \"port\":tftypes.Number, \"protocol\":tftypes.String, \"targetPort\":tftypes.String]<\"appProtocol\":tftypes.String<unknown>, \"name\":tftypes.String<unknown>, \"nodePort\":tftypes.Number<unknown>, \"port\":tftypes.Number<\"80\">, \"protocol\":tftypes.String<\"TCP\">, \"targetPort\":tftypes.String<\"80\">>>, \"publishNotReadyAddresses\":tftypes.Bool<unknown>, \"selector\":tftypes.Map[tftypes.String]<\"app\":tftypes.String<\"grafana\">>, \"sessionAffinity\":tftypes.String<unknown>, \"sessionAffinityConfig\":tftypes.Object[\"clientIP\":tftypes.Object[\"timeoutSeconds\":tftypes.Number]]<\"clientIP\":tftypes.Object[\"timeoutSeconds\":tftypes.Number]<\"timeoutSeconds\":tftypes.Number<unknown>>>, \"trafficDistribution\":tftypes.String<unknown>, \"type\":tftypes.String<\"LoadBalancer\">>>"
2025-11-16T15:55:37.965Z [INFO]  Starting apply for kubernetes_manifest.grafana_service
2025-11-16T15:55:37.965Z [DEBUG] skipping FixUpBlockAttrs
2025-11-16T15:55:37.965Z [DEBUG] kubernetes_manifest.grafana_service: applying the planned Create change
2025-11-16T15:55:38.051Z [DEBUG] State storage *statemgr.Filesystem declined to persist a state snapshot
2025-11-16T15:55:39.927Z [INFO]  provider.terraform-provider-helm_v2.17.0_x5: 2025/11/16 15:55:39 [DEBUG] [resourceReleaseCreate: kube-prometheus-stack] Preparing for installation: timestamp=2025-11-16T15:55:39.927Z
2025-11-16T15:55:39.928Z [INFO]  provider.terraform-provider-helm_v2.17.0_x5: 2025/11/16 15:55:39 ---[ values.yaml ]-----------------------------------
adminPassword: admin
adminUser: admin
alertmanager:
  enabled: false
kubeStateMetrics:
  enabled: true
  resources:
    limits:
      cpu: 300m
      memory: 256Mi
    requests:
      cpu: 100m
      memory: 128Mi
  securityContext:
    allowPrivilegeEscalation: false
    capabilities:
      drop:
      - ALL
    readOnlyRootFilesystem: true
    runAsNonRoot: true
    runAsUser: 65534
nodeExporter:
  enabled: true
  hostIPC: false
  hostNetwork: false
  hostPID: false
  resources:
    limits:
      cpu: 200m
      memory: 256Mi
    requests:
      cpu: 50m
      memory: 64Mi
  securityContext:
    allowPrivilegeEscalation: false
    capabilities:
      drop:
      - ALL
    readOnlyRootFilesystem: true
    runAsNonRoot: true
    runAsUser: 65534
persistence:
  enabled: true
  size: 2Gi
prometheus:
  prometheusSpec:
    containers:
    - name: prometheus
      resources:
        limits:
          cpu: "1"
          memory: 1Gi
        requests:
          cpu: 200m
          memory: 512Mi
      securityContext:
        allowPrivilegeEscalation: false
        capabilities:
          drop:
          - ALL
        readOnlyRootFilesystem: true
        runAsNonRoot: true
        runAsUser: 65534
    podMonitorSelectorNilUsesHelmValues: false
    probeSelectorNilUsesHelmValues: false
    securityContext:
      fsGroup: 65534
      runAsGroup: 65534
      runAsNonRoot: true
      runAsUser: 65534
      seccompProfile:
        type: RuntimeDefault
    serviceMonitorSelectorNilUsesHelmValues: false
resources:
  limits:
    cpu: "1"
    memory: 512Mi
  requests:
    cpu: 200m
    memory: 256Mi
securityContext:
  allowPrivilegeEscalation: false
  capabilities:
    drop:
    - ALL
  readOnlyRootFilesystem: true
  runAsNonRoot: true
  runAsUser: 65534
service:
  nodePort: 30300
  type: NodePort
serviceAccount:
  automountServiceAccountToken: false
sidecar:
  dashboards:
    enabled: false
  datasources:
    enabled: false: timestamp=2025-11-16T15:55:39.928Z
2025-11-16T15:55:39.928Z [INFO]  provider.terraform-provider-helm_v2.17.0_x5: 2025/11/16 15:55:39 [DEBUG] [resourceReleaseCreate: kube-prometheus-stack] Installing chart: timestamp=2025-11-16T15:55:39.928Z
2025-11-16T15:55:40.194Z [ERROR] provider.terraform-provider-helm_v2.17.0_x5: Response contains error diagnostic: @caller=github.com/hashicorp/terraform-plugin-go@v0.23.0/tfprotov5/internal/diag/diagnostics.go:58 diagnostic_summary="cannot re-use a name that is still in use" tf_provider_addr=provider tf_req_id=42dd1144-b715-b687-b1eb-953b62452770 @module=sdk.proto diagnostic_detail="" diagnostic_severity=ERROR tf_proto_version=5.6 tf_resource_type=helm_release tf_rpc=ApplyResourceChange timestamp=2025-11-16T15:55:40.194Z
2025-11-16T15:55:40.196Z [DEBUG] State storage *statemgr.Filesystem declined to persist a state snapshot
2025-11-16T15:55:40.196Z [ERROR] vertex "helm_release.kps" error: cannot re-use a name that is still in use
2025-11-16T15:55:40.202Z [DEBUG] provider.stdio: received EOF, stopping recv loop: err="rpc error: code = Unavailable desc = error reading from server: EOF"
2025-11-16T15:55:40.202Z [DEBUG] provider.stdio: received EOF, stopping recv loop: err="rpc error: code = Unavailable desc = error reading from server: EOF"
2025-11-16T15:55:40.211Z [INFO]  provider: plugin process exited: plugin=.terraform/providers/registry.terraform.io/hashicorp/helm/2.17.0/linux_amd64/terraform-provider-helm_v2.17.0_x5 id=172721
2025-11-16T15:55:40.211Z [DEBUG] provider: plugin exited
2025-11-16T15:55:40.214Z [INFO]  provider: plugin process exited: plugin=.terraform/providers/registry.terraform.io/hashicorp/kubernetes/2.38.0/linux_amd64/terraform-provider-kubernetes_v2.38.0_x5 id=172729
2025-11-16T15:55:40.214Z [DEBUG] provider: plugin exited
2025-11-16T15:56:31.879Z [INFO]  Terraform version: 1.9.8
2025-11-16T15:56:31.879Z [DEBUG] using github.com/hashicorp/go-tfe v1.58.0
2025-11-16T15:56:31.879Z [DEBUG] using github.com/hashicorp/hcl/v2 v2.20.0
2025-11-16T15:56:31.879Z [DEBUG] using github.com/hashicorp/terraform-svchost v0.1.1
2025-11-16T15:56:31.879Z [DEBUG] using github.com/zclconf/go-cty v1.14.4
2025-11-16T15:56:31.879Z [INFO]  Go runtime version: go1.22.7
2025-11-16T15:56:31.879Z [INFO]  CLI args: []string{"terraform", "init"}
2025-11-16T15:56:31.879Z [DEBUG] Attempting to open CLI config file: /root/.terraformrc
2025-11-16T15:56:31.879Z [DEBUG] File doesn't exist, but doesn't need to. Ignoring.
2025-11-16T15:56:31.879Z [DEBUG] ignoring non-existing provider search directory terraform.d/plugins
2025-11-16T15:56:31.879Z [DEBUG] ignoring non-existing provider search directory /root/.terraform.d/plugins
2025-11-16T15:56:31.879Z [DEBUG] ignoring non-existing provider search directory /root/.local/share/terraform/plugins
2025-11-16T15:56:31.879Z [DEBUG] ignoring non-existing provider search directory /usr/local/share/terraform/plugins
2025-11-16T15:56:31.879Z [DEBUG] ignoring non-existing provider search directory /usr/share/terraform/plugins
2025-11-16T15:56:31.879Z [DEBUG] ignoring non-existing provider search directory /var/lib/snapd/desktop/terraform/plugins
2025-11-16T15:56:31.879Z [INFO]  CLI command args: []string{"init"}
2025-11-16T15:56:31.978Z [DEBUG] checking for provisioner in "."
2025-11-16T15:56:31.978Z [DEBUG] checking for provisioner in "/usr/local/bin"
2025-11-16T15:56:31.980Z [DEBUG] Service discovery for registry.terraform.io at https://registry.terraform.io/.well-known/terraform.json
2025-11-16T15:56:32.052Z [DEBUG] GET https://registry.terraform.io/v1/providers/hashicorp/helm/versions
2025-11-16T15:56:32.066Z [DEBUG] GET https://registry.terraform.io/v1/providers/hashicorp/kubernetes/versions
2025-11-16T15:56:38.741Z [INFO]  Terraform version: 1.9.8
2025-11-16T15:56:38.741Z [DEBUG] using github.com/hashicorp/go-tfe v1.58.0
2025-11-16T15:56:38.741Z [DEBUG] using github.com/hashicorp/hcl/v2 v2.20.0
2025-11-16T15:56:38.741Z [DEBUG] using github.com/hashicorp/terraform-svchost v0.1.1
2025-11-16T15:56:38.741Z [DEBUG] using github.com/zclconf/go-cty v1.14.4
2025-11-16T15:56:38.741Z [INFO]  Go runtime version: go1.22.7
2025-11-16T15:56:38.741Z [INFO]  CLI args: []string{"terraform", "apply", "--auto-approve"}
2025-11-16T15:56:38.741Z [DEBUG] Attempting to open CLI config file: /root/.terraformrc
2025-11-16T15:56:38.741Z [DEBUG] File doesn't exist, but doesn't need to. Ignoring.
2025-11-16T15:56:38.741Z [DEBUG] ignoring non-existing provider search directory terraform.d/plugins
2025-11-16T15:56:38.741Z [DEBUG] ignoring non-existing provider search directory /root/.terraform.d/plugins
2025-11-16T15:56:38.741Z [DEBUG] ignoring non-existing provider search directory /root/.local/share/terraform/plugins
2025-11-16T15:56:38.741Z [DEBUG] ignoring non-existing provider search directory /usr/local/share/terraform/plugins
2025-11-16T15:56:38.741Z [DEBUG] ignoring non-existing provider search directory /usr/share/terraform/plugins
2025-11-16T15:56:38.741Z [DEBUG] ignoring non-existing provider search directory /var/lib/snapd/desktop/terraform/plugins
2025-11-16T15:56:38.741Z [INFO]  CLI command args: []string{"apply", "--auto-approve"}
2025-11-16T15:56:38.836Z [DEBUG] checking for provisioner in "."
2025-11-16T15:56:38.837Z [DEBUG] checking for provisioner in "/usr/local/bin"
2025-11-16T15:56:38.837Z [INFO]  backend/local: starting Apply operation
2025-11-16T15:56:38.839Z [DEBUG] created provider logger: level=debug
2025-11-16T15:56:38.839Z [INFO]  provider: configuring client automatic mTLS
2025-11-16T15:56:38.855Z [DEBUG] provider: starting plugin: path=.terraform/providers/registry.terraform.io/hashicorp/helm/2.17.0/linux_amd64/terraform-provider-helm_v2.17.0_x5 args=[".terraform/providers/registry.terraform.io/hashicorp/helm/2.17.0/linux_amd64/terraform-provider-helm_v2.17.0_x5"]
2025-11-16T15:56:38.855Z [DEBUG] provider: plugin started: path=.terraform/providers/registry.terraform.io/hashicorp/helm/2.17.0/linux_amd64/terraform-provider-helm_v2.17.0_x5 pid=172782
2025-11-16T15:56:38.855Z [DEBUG] provider: waiting for RPC address: plugin=.terraform/providers/registry.terraform.io/hashicorp/helm/2.17.0/linux_amd64/terraform-provider-helm_v2.17.0_x5
2025-11-16T15:56:38.874Z [INFO]  provider.terraform-provider-helm_v2.17.0_x5: configuring server automatic mTLS: timestamp=2025-11-16T15:56:38.874Z
2025-11-16T15:56:38.898Z [DEBUG] provider: using plugin: version=5
2025-11-16T15:56:38.898Z [DEBUG] provider.terraform-provider-helm_v2.17.0_x5: plugin address: address=/tmp/plugin1021765799 network=unix timestamp=2025-11-16T15:56:38.897Z
2025-11-16T15:56:38.919Z [DEBUG] provider.stdio: received EOF, stopping recv loop: err="rpc error: code = Unavailable desc = error reading from server: EOF"
2025-11-16T15:56:38.920Z [INFO]  provider: plugin process exited: plugin=.terraform/providers/registry.terraform.io/hashicorp/helm/2.17.0/linux_amd64/terraform-provider-helm_v2.17.0_x5 id=172782
2025-11-16T15:56:38.920Z [DEBUG] provider: plugin exited
2025-11-16T15:56:38.920Z [DEBUG] created provider logger: level=debug
2025-11-16T15:56:38.920Z [INFO]  provider: configuring client automatic mTLS
2025-11-16T15:56:38.928Z [DEBUG] provider: starting plugin: path=.terraform/providers/registry.terraform.io/hashicorp/kubernetes/2.38.0/linux_amd64/terraform-provider-kubernetes_v2.38.0_x5 args=[".terraform/providers/registry.terraform.io/hashicorp/kubernetes/2.38.0/linux_amd64/terraform-provider-kubernetes_v2.38.0_x5"]
2025-11-16T15:56:38.928Z [DEBUG] provider: plugin started: path=.terraform/providers/registry.terraform.io/hashicorp/kubernetes/2.38.0/linux_amd64/terraform-provider-kubernetes_v2.38.0_x5 pid=172792
2025-11-16T15:56:38.928Z [DEBUG] provider: waiting for RPC address: plugin=.terraform/providers/registry.terraform.io/hashicorp/kubernetes/2.38.0/linux_amd64/terraform-provider-kubernetes_v2.38.0_x5
2025-11-16T15:56:38.960Z [INFO]  provider.terraform-provider-kubernetes_v2.38.0_x5: configuring server automatic mTLS: timestamp=2025-11-16T15:56:38.960Z
2025-11-16T15:56:38.983Z [DEBUG] provider: using plugin: version=5
2025-11-16T15:56:38.983Z [DEBUG] provider.terraform-provider-kubernetes_v2.38.0_x5: plugin address: address=/tmp/plugin4060693191 network=unix timestamp=2025-11-16T15:56:38.983Z
2025-11-16T15:56:39.118Z [DEBUG] provider.stdio: received EOF, stopping recv loop: err="rpc error: code = Unavailable desc = error reading from server: EOF"
2025-11-16T15:56:39.121Z [INFO]  provider: plugin process exited: plugin=.terraform/providers/registry.terraform.io/hashicorp/kubernetes/2.38.0/linux_amd64/terraform-provider-kubernetes_v2.38.0_x5 id=172792
2025-11-16T15:56:39.121Z [DEBUG] provider: plugin exited
2025-11-16T15:56:39.121Z [DEBUG] Building and walking validate graph
2025-11-16T15:56:39.121Z [DEBUG] ProviderTransformer: "kubernetes_ingress.monitoring_ingress" (*terraform.NodeValidatableResource) needs provider["registry.terraform.io/hashicorp/kubernetes"]
2025-11-16T15:56:39.121Z [DEBUG] ProviderTransformer: "helm_release.kps" (*terraform.NodeValidatableResource) needs provider["registry.terraform.io/hashicorp/helm"]
2025-11-16T15:56:39.121Z [DEBUG] ProviderTransformer: "kubernetes_namespace.monitoring" (*terraform.NodeValidatableResource) needs provider["registry.terraform.io/hashicorp/kubernetes"]
2025-11-16T15:56:39.121Z [DEBUG] ProviderTransformer: "kubernetes_manifest.prometheus_service" (*terraform.NodeValidatableResource) needs provider["registry.terraform.io/hashicorp/kubernetes"]
2025-11-16T15:56:39.121Z [DEBUG] ProviderTransformer: "kubernetes_manifest.grafana_service" (*terraform.NodeValidatableResource) needs provider["registry.terraform.io/hashicorp/kubernetes"]
2025-11-16T15:56:39.122Z [DEBUG] ReferenceTransformer: "kubernetes_ingress.monitoring_ingress" references: []
2025-11-16T15:56:39.122Z [DEBUG] ReferenceTransformer: "helm_release.kps" references: [kubernetes_namespace.monitoring kubernetes_namespace.monitoring]
2025-11-16T15:56:39.122Z [DEBUG] ReferenceTransformer: "provider[\"registry.terraform.io/hashicorp/helm\"]" references: []
2025-11-16T15:56:39.122Z [DEBUG] ReferenceTransformer: "kubernetes_namespace.monitoring" references: []
2025-11-16T15:56:39.122Z [DEBUG] ReferenceTransformer: "kubernetes_manifest.prometheus_service" references: []
2025-11-16T15:56:39.122Z [DEBUG] ReferenceTransformer: "kubernetes_manifest.grafana_service" references: []
2025-11-16T15:56:39.122Z [DEBUG] ReferenceTransformer: "output.grafana_infos (expand)" references: []
2025-11-16T15:56:39.122Z [DEBUG] ReferenceTransformer: "output.prometheus_url (expand)" references: []
2025-11-16T15:56:39.122Z [DEBUG] ReferenceTransformer: "provider[\"registry.terraform.io/hashicorp/kubernetes\"]" references: []
2025-11-16T15:56:39.123Z [DEBUG] Starting graph walk: walkValidate
2025-11-16T15:56:39.123Z [DEBUG] created provider logger: level=debug
2025-11-16T15:56:39.123Z [INFO]  provider: configuring client automatic mTLS
2025-11-16T15:56:39.132Z [DEBUG] provider: starting plugin: path=.terraform/providers/registry.terraform.io/hashicorp/kubernetes/2.38.0/linux_amd64/terraform-provider-kubernetes_v2.38.0_x5 args=[".terraform/providers/registry.terraform.io/hashicorp/kubernetes/2.38.0/linux_amd64/terraform-provider-kubernetes_v2.38.0_x5"]
2025-11-16T15:56:39.133Z [DEBUG] provider: plugin started: path=.terraform/providers/registry.terraform.io/hashicorp/kubernetes/2.38.0/linux_amd64/terraform-provider-kubernetes_v2.38.0_x5 pid=172802
2025-11-16T15:56:39.133Z [DEBUG] provider: waiting for RPC address: plugin=.terraform/providers/registry.terraform.io/hashicorp/kubernetes/2.38.0/linux_amd64/terraform-provider-kubernetes_v2.38.0_x5
2025-11-16T15:56:39.182Z [INFO]  provider.terraform-provider-kubernetes_v2.38.0_x5: configuring server automatic mTLS: timestamp=2025-11-16T15:56:39.182Z
2025-11-16T15:56:39.211Z [DEBUG] provider: using plugin: version=5
2025-11-16T15:56:39.211Z [DEBUG] provider.terraform-provider-kubernetes_v2.38.0_x5: plugin address: address=/tmp/plugin2850830311 network=unix timestamp=2025-11-16T15:56:39.211Z
2025-11-16T15:56:39.231Z [DEBUG] created provider logger: level=debug
2025-11-16T15:56:39.231Z [INFO]  provider: configuring client automatic mTLS
2025-11-16T15:56:39.244Z [DEBUG] provider: starting plugin: path=.terraform/providers/registry.terraform.io/hashicorp/helm/2.17.0/linux_amd64/terraform-provider-helm_v2.17.0_x5 args=[".terraform/providers/registry.terraform.io/hashicorp/helm/2.17.0/linux_amd64/terraform-provider-helm_v2.17.0_x5"]
2025-11-16T15:56:39.244Z [DEBUG] provider: plugin started: path=.terraform/providers/registry.terraform.io/hashicorp/helm/2.17.0/linux_amd64/terraform-provider-helm_v2.17.0_x5 pid=172811
2025-11-16T15:56:39.244Z [DEBUG] provider: waiting for RPC address: plugin=.terraform/providers/registry.terraform.io/hashicorp/helm/2.17.0/linux_amd64/terraform-provider-helm_v2.17.0_x5
2025-11-16T15:56:39.276Z [INFO]  provider.terraform-provider-helm_v2.17.0_x5: configuring server automatic mTLS: timestamp=2025-11-16T15:56:39.276Z
2025-11-16T15:56:39.306Z [DEBUG] provider: using plugin: version=5
2025-11-16T15:56:39.306Z [DEBUG] provider.terraform-provider-helm_v2.17.0_x5: plugin address: address=/tmp/plugin3031734061 network=unix timestamp=2025-11-16T15:56:39.305Z
2025-11-16T15:56:39.326Z [DEBUG] skipping FixUpBlockAttrs
2025-11-16T15:56:39.327Z [DEBUG] skipping FixUpBlockAttrs
2025-11-16T15:56:39.332Z [DEBUG] provider.stdio: received EOF, stopping recv loop: err="rpc error: code = Unavailable desc = error reading from server: EOF"
2025-11-16T15:56:39.335Z [INFO]  provider: plugin process exited: plugin=.terraform/providers/registry.terraform.io/hashicorp/kubernetes/2.38.0/linux_amd64/terraform-provider-kubernetes_v2.38.0_x5 id=172802
2025-11-16T15:56:39.335Z [DEBUG] provider: plugin exited
2025-11-16T15:56:39.337Z [DEBUG] provider.stdio: received EOF, stopping recv loop: err="rpc error: code = Unavailable desc = error reading from server: EOF"
2025-11-16T15:56:39.339Z [INFO]  provider: plugin process exited: plugin=.terraform/providers/registry.terraform.io/hashicorp/helm/2.17.0/linux_amd64/terraform-provider-helm_v2.17.0_x5 id=172811
2025-11-16T15:56:39.339Z [DEBUG] provider: plugin exited
2025-11-16T15:56:39.340Z [INFO]  backend/local: apply calling Plan
2025-11-16T15:56:39.340Z [DEBUG] Building and walking plan graph for NormalMode
2025-11-16T15:56:39.340Z [DEBUG] ProviderTransformer: "kubernetes_manifest.prometheus_service (expand)" (*terraform.nodeExpandPlannableResource) needs provider["registry.terraform.io/hashicorp/kubernetes"]
2025-11-16T15:56:39.340Z [DEBUG] ProviderTransformer: "kubernetes_ingress.monitoring_ingress (expand)" (*terraform.nodeExpandPlannableResource) needs provider["registry.terraform.io/hashicorp/kubernetes"]
2025-11-16T15:56:39.340Z [DEBUG] ProviderTransformer: "kubernetes_manifest.grafana_service (expand)" (*terraform.nodeExpandPlannableResource) needs provider["registry.terraform.io/hashicorp/kubernetes"]
2025-11-16T15:56:39.340Z [DEBUG] ProviderTransformer: "helm_release.kps (expand)" (*terraform.nodeExpandPlannableResource) needs provider["registry.terraform.io/hashicorp/helm"]
2025-11-16T15:56:39.340Z [DEBUG] ProviderTransformer: "kubernetes_namespace.monitoring (expand)" (*terraform.nodeExpandPlannableResource) needs provider["registry.terraform.io/hashicorp/kubernetes"]
2025-11-16T15:56:39.341Z [DEBUG] ReferenceTransformer: "helm_release.kps (expand)" references: [kubernetes_namespace.monitoring (expand) kubernetes_namespace.monitoring (expand)]
2025-11-16T15:56:39.341Z [DEBUG] ReferenceTransformer: "kubernetes_namespace.monitoring (expand)" references: []
2025-11-16T15:56:39.341Z [DEBUG] ReferenceTransformer: "kubernetes_manifest.prometheus_service (expand)" references: []
2025-11-16T15:56:39.341Z [DEBUG] ReferenceTransformer: "kubernetes_ingress.monitoring_ingress (expand)" references: []
2025-11-16T15:56:39.341Z [DEBUG] ReferenceTransformer: "output.grafana_infos (expand)" references: []
2025-11-16T15:56:39.341Z [DEBUG] ReferenceTransformer: "provider[\"registry.terraform.io/hashicorp/kubernetes\"]" references: []
2025-11-16T15:56:39.341Z [DEBUG] ReferenceTransformer: "kubernetes_manifest.grafana_service (expand)" references: []
2025-11-16T15:56:39.341Z [DEBUG] ReferenceTransformer: "provider[\"registry.terraform.io/hashicorp/helm\"]" references: []
2025-11-16T15:56:39.341Z [DEBUG] ReferenceTransformer: "output.prometheus_url (expand)" references: []
2025-11-16T15:56:39.342Z [DEBUG] Starting graph walk: walkPlan
2025-11-16T15:56:39.342Z [DEBUG] created provider logger: level=debug
2025-11-16T15:56:39.342Z [INFO]  provider: configuring client automatic mTLS
2025-11-16T15:56:39.355Z [DEBUG] provider: starting plugin: path=.terraform/providers/registry.terraform.io/hashicorp/helm/2.17.0/linux_amd64/terraform-provider-helm_v2.17.0_x5 args=[".terraform/providers/registry.terraform.io/hashicorp/helm/2.17.0/linux_amd64/terraform-provider-helm_v2.17.0_x5"]
2025-11-16T15:56:39.355Z [DEBUG] provider: plugin started: path=.terraform/providers/registry.terraform.io/hashicorp/helm/2.17.0/linux_amd64/terraform-provider-helm_v2.17.0_x5 pid=172820
2025-11-16T15:56:39.355Z [DEBUG] provider: waiting for RPC address: plugin=.terraform/providers/registry.terraform.io/hashicorp/helm/2.17.0/linux_amd64/terraform-provider-helm_v2.17.0_x5
2025-11-16T15:56:39.386Z [INFO]  provider.terraform-provider-helm_v2.17.0_x5: configuring server automatic mTLS: timestamp=2025-11-16T15:56:39.386Z
2025-11-16T15:56:39.416Z [DEBUG] provider: using plugin: version=5
2025-11-16T15:56:39.416Z [DEBUG] provider.terraform-provider-helm_v2.17.0_x5: plugin address: address=/tmp/plugin1450030454 network=unix timestamp=2025-11-16T15:56:39.416Z
2025-11-16T15:56:39.436Z [DEBUG] created provider logger: level=debug
2025-11-16T15:56:39.436Z [INFO]  provider: configuring client automatic mTLS
2025-11-16T15:56:39.440Z [WARN]  ValidateProviderConfig from "provider[\"registry.terraform.io/hashicorp/helm\"]" changed the config value, but that value is unused
2025-11-16T15:56:39.448Z [DEBUG] provider: starting plugin: path=.terraform/providers/registry.terraform.io/hashicorp/kubernetes/2.38.0/linux_amd64/terraform-provider-kubernetes_v2.38.0_x5 args=[".terraform/providers/registry.terraform.io/hashicorp/kubernetes/2.38.0/linux_amd64/terraform-provider-kubernetes_v2.38.0_x5"]
2025-11-16T15:56:39.449Z [DEBUG] provider: plugin started: path=.terraform/providers/registry.terraform.io/hashicorp/kubernetes/2.38.0/linux_amd64/terraform-provider-kubernetes_v2.38.0_x5 pid=172829
2025-11-16T15:56:39.449Z [DEBUG] provider: waiting for RPC address: plugin=.terraform/providers/registry.terraform.io/hashicorp/kubernetes/2.38.0/linux_amd64/terraform-provider-kubernetes_v2.38.0_x5
2025-11-16T15:56:39.500Z [INFO]  provider.terraform-provider-kubernetes_v2.38.0_x5: configuring server automatic mTLS: timestamp=2025-11-16T15:56:39.500Z
2025-11-16T15:56:39.530Z [DEBUG] provider: using plugin: version=5
2025-11-16T15:56:39.530Z [DEBUG] provider.terraform-provider-kubernetes_v2.38.0_x5: plugin address: address=/tmp/plugin804776969 network=unix timestamp=2025-11-16T15:56:39.530Z
2025-11-16T15:56:39.551Z [INFO]  provider.terraform-provider-helm_v2.17.0_x5: 2025/11/16 15:56:39 [DEBUG] Experiments enabled: []: timestamp=2025-11-16T15:56:39.551Z
2025-11-16T15:56:39.566Z [DEBUG] provider.terraform-provider-kubernetes_v2.38.0_x5: 2025/11/16 15:56:39 [DEBUG] Using kubeconfig: /root/.kube/config
2025-11-16T15:56:39.567Z [DEBUG] provider.terraform-provider-kubernetes_v2.38.0_x5: 2025/11/16 15:56:39 [DEBUG] Enabling HTTP requests/responses tracing
2025-11-16T15:56:39.569Z [DEBUG] ReferenceTransformer: "kubernetes_manifest.grafana_service" references: []
2025-11-16T15:56:39.569Z [DEBUG] ReferenceTransformer: "kubernetes_namespace.monitoring" references: []
2025-11-16T15:56:39.569Z [DEBUG] ReferenceTransformer: "kubernetes_manifest.prometheus_service" references: []
2025-11-16T15:56:39.570Z [DEBUG] UpgradeResourceState: ignoring dynamic block: map[string]interface {}{"type":[]interface {}{"object", map[string]interface {}{"apiVersion":"string", "kind":"string", "metadata":[]interface {}{"object", map[string]interface {}{"name":"string", "namespace":"string"}}, "spec":[]interface {}{"object", map[string]interface {}{"ports":[]interface {}{"tuple", []interface {}{[]interface {}{"object", map[string]interface {}{"port":"number", "protocol":"string", "targetPort":"number"}}}}, "selector":[]interface {}{"object", map[string]interface {}{"app":"string"}}, "type":"string"}}}}, "value":map[string]interface {}{"apiVersion":"v1", "kind":"Service", "metadata":map[string]interface {}{"name":"grafana", "namespace":"monitoring"}, "spec":map[string]interface {}{"ports":[]interface {}{map[string]interface {}{"port":80, "protocol":"TCP", "targetPort":80}}, "selector":map[string]interface {}{"app":"grafana"}, "type":"LoadBalancer"}}}
2025-11-16T15:56:39.570Z [DEBUG] Resource instance state not found for node "kubernetes_ingress.monitoring_ingress", instance kubernetes_ingress.monitoring_ingress
2025-11-16T15:56:39.570Z [DEBUG] UpgradeResourceState: ignoring dynamic block: map[string]interface {}{"type":[]interface {}{"object", map[string]interface {}{"apiVersion":"string", "kind":"string", "metadata":[]interface {}{"object", map[string]interface {}{"annotations":[]interface {}{"map", "string"}, "creationTimestamp":"string", "deletionGracePeriodSeconds":"number", "deletionTimestamp":"string", "finalizers":[]interface {}{"list", "string"}, "generateName":"string", "generation":"number", "labels":[]interface {}{"map", "string"}, "managedFields":[]interface {}{"tuple", []interface {}{[]interface {}{"object", map[string]interface {}{"apiVersion":"string", "fieldsType":"string", "fieldsV1":"dynamic", "manager":"string", "operation":"string", "subresource":"string", "time":"string"}}}}, "name":"string", "namespace":"string", "ownerReferences":[]interface {}{"list", []interface {}{"object", map[string]interface {}{"apiVersion":"string", "blockOwnerDeletion":"bool", "controller":"bool", "kind":"string", "name":"string", "uid":"string"}}}, "resourceVersion":"string", "selfLink":"string", "uid":"string"}}, "spec":[]interface {}{"object", map[string]interface {}{"allocateLoadBalancerNodePorts":"bool", "clusterIP":"string", "clusterIPs":[]interface {}{"list", "string"}, "externalIPs":[]interface {}{"list", "string"}, "externalName":"string", "externalTrafficPolicy":"string", "healthCheckNodePort":"number", "internalTrafficPolicy":"string", "ipFamilies":[]interface {}{"list", "string"}, "ipFamilyPolicy":"string", "loadBalancerClass":"string", "loadBalancerIP":"string", "loadBalancerSourceRanges":[]interface {}{"list", "string"}, "ports":[]interface {}{"list", []interface {}{"object", map[string]interface {}{"appProtocol":"string", "name":"string", "nodePort":"number", "port":"number", "protocol":"string", "targetPort":"string"}}}, "publishNotReadyAddresses":"bool", "selector":[]interface {}{"map", "string"}, "sessionAffinity":"string", "sessionAffinityConfig":[]interface {}{"object", map[string]interface {}{"clientIP":[]interface {}{"object", map[string]interface {}{"timeoutSeconds":"number"}}}}, "trafficDistribution":"string", "type":"string"}}}}, "value":map[string]interface {}{"apiVersion":"v1", "kind":"Service", "metadata":map[string]interface {}{"annotations":interface {}(nil), "creationTimestamp":interface {}(nil), "deletionGracePeriodSeconds":interface {}(nil), "deletionTimestamp":interface {}(nil), "finalizers":interface {}(nil), "generateName":interface {}(nil), "generation":interface {}(nil), "labels":interface {}(nil), "managedFields":interface {}(nil), "name":"grafana", "namespace":"monitoring", "ownerReferences":interface {}(nil), "resourceVersion":interface {}(nil), "selfLink":interface {}(nil), "uid":interface {}(nil)}, "spec":map[string]interface {}{"allocateLoadBalancerNodePorts":true, "clusterIP":"10.111.54.2", "clusterIPs":[]interface {}{"10.111.54.2"}, "externalIPs":interface {}(nil), "externalName":interface {}(nil), "externalTrafficPolicy":"Cluster", "healthCheckNodePort":interface {}(nil), "internalTrafficPolicy":"Cluster", "ipFamilies":[]interface {}{"IPv4"}, "ipFamilyPolicy":"SingleStack", "loadBalancerClass":interface {}(nil), "loadBalancerIP":interface {}(nil), "loadBalancerSourceRanges":interface {}(nil), "ports":[]interface {}{map[string]interface {}{"appProtocol":interface {}(nil), "name":interface {}(nil), "nodePort":30407, "port":80, "protocol":"TCP", "targetPort":"80"}}, "publishNotReadyAddresses":interface {}(nil), "selector":map[string]interface {}{"app":"grafana"}, "sessionAffinity":"None", "sessionAffinityConfig":map[string]interface {}{"clientIP":map[string]interface {}{"timeoutSeconds":interface {}(nil)}}, "trafficDistribution":interface {}(nil), "type":"LoadBalancer"}}}
2025-11-16T15:56:39.570Z [DEBUG] UpgradeResourceState: ignoring dynamic block: map[string]interface {}{"type":[]interface {}{"object", map[string]interface {}{"apiVersion":"string", "kind":"string", "metadata":[]interface {}{"object", map[string]interface {}{"name":"string", "namespace":"string"}}, "spec":[]interface {}{"object", map[string]interface {}{"ports":[]interface {}{"tuple", []interface {}{[]interface {}{"object", map[string]interface {}{"port":"number", "protocol":"string", "targetPort":"number"}}}}, "selector":[]interface {}{"object", map[string]interface {}{"app":"string"}}, "type":"string"}}}}, "value":map[string]interface {}{"apiVersion":"v1", "kind":"Service", "metadata":map[string]interface {}{"name":"prometheus-server", "namespace":"monitoring"}, "spec":map[string]interface {}{"ports":[]interface {}{map[string]interface {}{"port":9090, "protocol":"TCP", "targetPort":9090}}, "selector":map[string]interface {}{"app":"prometheus"}, "type":"LoadBalancer"}}}
2025-11-16T15:56:39.570Z [DEBUG] ReferenceTransformer: "kubernetes_ingress.monitoring_ingress" references: []
2025-11-16T15:56:39.570Z [DEBUG] UpgradeResourceState: ignoring dynamic block: map[string]interface {}{"type":[]interface {}{"object", map[string]interface {}{"apiVersion":"string", "kind":"string", "metadata":[]interface {}{"object", map[string]interface {}{"annotations":[]interface {}{"map", "string"}, "creationTimestamp":"string", "deletionGracePeriodSeconds":"number", "deletionTimestamp":"string", "finalizers":[]interface {}{"list", "string"}, "generateName":"string", "generation":"number", "labels":[]interface {}{"map", "string"}, "managedFields":[]interface {}{"tuple", []interface {}{[]interface {}{"object", map[string]interface {}{"apiVersion":"string", "fieldsType":"string", "fieldsV1":"dynamic", "manager":"string", "operation":"string", "subresource":"string", "time":"string"}}}}, "name":"string", "namespace":"string", "ownerReferences":[]interface {}{"list", []interface {}{"object", map[string]interface {}{"apiVersion":"string", "blockOwnerDeletion":"bool", "controller":"bool", "kind":"string", "name":"string", "uid":"string"}}}, "resourceVersion":"string", "selfLink":"string", "uid":"string"}}, "spec":[]interface {}{"object", map[string]interface {}{"allocateLoadBalancerNodePorts":"bool", "clusterIP":"string", "clusterIPs":[]interface {}{"list", "string"}, "externalIPs":[]interface {}{"list", "string"}, "externalName":"string", "externalTrafficPolicy":"string", "healthCheckNodePort":"number", "internalTrafficPolicy":"string", "ipFamilies":[]interface {}{"list", "string"}, "ipFamilyPolicy":"string", "loadBalancerClass":"string", "loadBalancerIP":"string", "loadBalancerSourceRanges":[]interface {}{"list", "string"}, "ports":[]interface {}{"list", []interface {}{"object", map[string]interface {}{"appProtocol":"string", "name":"string", "nodePort":"number", "port":"number", "protocol":"string", "targetPort":"string"}}}, "publishNotReadyAddresses":"bool", "selector":[]interface {}{"map", "string"}, "sessionAffinity":"string", "sessionAffinityConfig":[]interface {}{"object", map[string]interface {}{"clientIP":[]interface {}{"object", map[string]interface {}{"timeoutSeconds":"number"}}}}, "trafficDistribution":"string", "type":"string"}}}}, "value":map[string]interface {}{"apiVersion":"v1", "kind":"Service", "metadata":map[string]interface {}{"annotations":interface {}(nil), "creationTimestamp":interface {}(nil), "deletionGracePeriodSeconds":interface {}(nil), "deletionTimestamp":interface {}(nil), "finalizers":interface {}(nil), "generateName":interface {}(nil), "generation":interface {}(nil), "labels":interface {}(nil), "managedFields":interface {}(nil), "name":"prometheus-server", "namespace":"monitoring", "ownerReferences":interface {}(nil), "resourceVersion":interface {}(nil), "selfLink":interface {}(nil), "uid":interface {}(nil)}, "spec":map[string]interface {}{"allocateLoadBalancerNodePorts":true, "clusterIP":"10.109.87.174", "clusterIPs":[]interface {}{"10.109.87.174"}, "externalIPs":interface {}(nil), "externalName":interface {}(nil), "externalTrafficPolicy":"Cluster", "healthCheckNodePort":interface {}(nil), "internalTrafficPolicy":"Cluster", "ipFamilies":[]interface {}{"IPv4"}, "ipFamilyPolicy":"SingleStack", "loadBalancerClass":interface {}(nil), "loadBalancerIP":interface {}(nil), "loadBalancerSourceRanges":interface {}(nil), "ports":[]interface {}{map[string]interface {}{"appProtocol":interface {}(nil), "name":interface {}(nil), "nodePort":32426, "port":9090, "protocol":"TCP", "targetPort":"9090"}}, "publishNotReadyAddresses":interface {}(nil), "selector":map[string]interface {}{"app":"prometheus"}, "sessionAffinity":"None", "sessionAffinityConfig":map[string]interface {}{"clientIP":map[string]interface {}{"timeoutSeconds":interface {}(nil)}}, "trafficDistribution":interface {}(nil), "type":"LoadBalancer"}}}
2025-11-16T15:56:39.570Z [DEBUG] refresh: kubernetes_ingress.monitoring_ingress: no state, so not refreshing
2025-11-16T15:56:39.579Z [DEBUG] provider.terraform-provider-kubernetes_v2.38.0_x5: 2025/11/16 15:56:39 [INFO] Checking namespace monitoring
2025-11-16T15:56:39.580Z [DEBUG] provider.terraform-provider-kubernetes_v2.38.0_x5: Sending HTTP Request: Host=91.98.16.184:6443 tf_http_op_type=request tf_http_req_body="" tf_http_req_method=GET @module=kubernetes.Kubernetes User-Agent="HashiCorp/1.0 Terraform/1.9.8" tf_http_req_version=HTTP/1.1 tf_http_trans_id=d8f9a727-2148-b682-0bd9-79095e2849b1 Accept="application/json, */*" Accept-Encoding=gzip tf_http_req_uri=/api/v1/namespaces/monitoring @caller=github.com/hashicorp/terraform-plugin-sdk/v2@v2.37.0/helper/logging/logging_http_transport.go:160 new_logger_warning="This log was generated by a subsystem logger that wasn't created before being used. Use tflog.NewSubsystem to create this logger before it is used." timestamp=2025-11-16T15:56:39.580Z
2025-11-16T15:56:39.680Z [DEBUG] provider.terraform-provider-kubernetes_v2.38.0_x5: Received HTTP Response: @caller=github.com/hashicorp/terraform-plugin-sdk/v2@v2.37.0/helper/logging/logging_http_transport.go:160 Cache-Control="no-cache, private" X-Kubernetes-Pf-Flowschema-Uid=24ef9050-0ff9-4e4e-b810-9e682b32e548 X-Kubernetes-Pf-Prioritylevel-Uid=debe343a-fda0-4702-9e46-7980016434a2 tf_http_res_status_code=200 @module=kubernetes.Kubernetes Content-Type=application/json tf_http_res_version=HTTP/2.0 tf_http_trans_id=d8f9a727-2148-b682-0bd9-79095e2849b1 Date="Sun, 16 Nov 2025 15:56:39 GMT" new_logger_warning="This log was generated by a subsystem logger that wasn't created before being used. Use tflog.NewSubsystem to create this logger before it is used." tf_http_op_type=response Audit-Id=96100d4a-f5f2-4bf9-9156-f1322b763e46 Content-Length=703
  tf_http_res_body=
  | {"kind":"Namespace","apiVersion":"v1","metadata":{"name":"monitoring","uid":"1fce642b-ebce-427a-ae8e-07b0b653b297","resourceVersion":"2016275","creationTimestamp":"2025-11-16T10:59:25Z","labels":{"kubernetes.io/metadata.name":"monitoring","pod-security.kubernetes.io/audit":"restricted","pod-security.kubernetes.io/enforce":"baseline"},"managedFields":[{"manager":"HashiCorp","operation":"Update","apiVersion":"v1","time":"2025-11-16T10:59:25Z","fieldsType":"FieldsV1","fieldsV1":{"f:metadata":{"f:labels":{".":{},"f:kubernetes.io/metadata.name":{},"f:pod-security.kubernetes.io/audit":{},"f:pod-security.kubernetes.io/enforce":{}}}}}]},"spec":{"finalizers":["kubernetes"]},"status":{"phase":"Active"}}
   tf_http_res_status_reason="200 OK" timestamp=2025-11-16T15:56:39.680Z
2025-11-16T15:56:39.680Z [DEBUG] provider.terraform-provider-kubernetes_v2.38.0_x5: 2025/11/16 15:56:39 [INFO] Namespace monitoring exists
2025-11-16T15:56:39.681Z [DEBUG] provider.terraform-provider-kubernetes_v2.38.0_x5: 2025/11/16 15:56:39 [INFO] Reading namespace monitoring
2025-11-16T15:56:39.681Z [DEBUG] provider.terraform-provider-kubernetes_v2.38.0_x5: Sending HTTP Request: Accept="application/json, */*" tf_http_req_uri=/api/v1/namespaces/monitoring tf_http_req_version=HTTP/1.1 @caller=github.com/hashicorp/terraform-plugin-sdk/v2@v2.37.0/helper/logging/logging_http_transport.go:160 tf_http_req_body="" @module=kubernetes.Kubernetes Host=91.98.16.184:6443 User-Agent="HashiCorp/1.0 Terraform/1.9.8" tf_http_op_type=request Accept-Encoding=gzip new_logger_warning="This log was generated by a subsystem logger that wasn't created before being used. Use tflog.NewSubsystem to create this logger before it is used." tf_http_req_method=GET tf_http_trans_id=4ec13f09-43b0-0890-20c2-8ca04f551998 timestamp=2025-11-16T15:56:39.681Z
2025-11-16T15:56:39.707Z [DEBUG] provider.terraform-provider-kubernetes_v2.38.0_x5: Received HTTP Response: tf_http_res_status_code=200 Audit-Id=a704b61a-0325-4603-bce1-398716b76abd X-Kubernetes-Pf-Flowschema-Uid=24ef9050-0ff9-4e4e-b810-9e682b32e548 X-Kubernetes-Pf-Prioritylevel-Uid=debe343a-fda0-4702-9e46-7980016434a2 tf_http_op_type=response Content-Length=703 Date="Sun, 16 Nov 2025 15:56:39 GMT"
  tf_http_res_body=
  | {"kind":"Namespace","apiVersion":"v1","metadata":{"name":"monitoring","uid":"1fce642b-ebce-427a-ae8e-07b0b653b297","resourceVersion":"2016275","creationTimestamp":"2025-11-16T10:59:25Z","labels":{"kubernetes.io/metadata.name":"monitoring","pod-security.kubernetes.io/audit":"restricted","pod-security.kubernetes.io/enforce":"baseline"},"managedFields":[{"manager":"HashiCorp","operation":"Update","apiVersion":"v1","time":"2025-11-16T10:59:25Z","fieldsType":"FieldsV1","fieldsV1":{"f:metadata":{"f:labels":{".":{},"f:kubernetes.io/metadata.name":{},"f:pod-security.kubernetes.io/audit":{},"f:pod-security.kubernetes.io/enforce":{}}}}}]},"spec":{"finalizers":["kubernetes"]},"status":{"phase":"Active"}}
   tf_http_res_status_reason="200 OK" tf_http_res_version=HTTP/2.0 @module=kubernetes.Kubernetes Cache-Control="no-cache, private" Content-Type=application/json tf_http_trans_id=4ec13f09-43b0-0890-20c2-8ca04f551998 @caller=github.com/hashicorp/terraform-plugin-sdk/v2@v2.37.0/helper/logging/logging_http_transport.go:160 new_logger_warning="This log was generated by a subsystem logger that wasn't created before being used. Use tflog.NewSubsystem to create this logger before it is used." timestamp=2025-11-16T15:56:39.707Z
2025-11-16T15:56:39.707Z [DEBUG] provider.terraform-provider-kubernetes_v2.38.0_x5: 2025/11/16 15:56:39 [INFO] Received namespace: &v1.Namespace{TypeMeta:v1.TypeMeta{Kind:"", APIVersion:""}, ObjectMeta:v1.ObjectMeta{Name:"monitoring", GenerateName:"", Namespace:"", SelfLink:"", UID:"1fce642b-ebce-427a-ae8e-07b0b653b297", ResourceVersion:"2016275", Generation:0, CreationTimestamp:time.Date(2025, time.November, 16, 10, 59, 25, 0, time.Local), DeletionTimestamp:<nil>, DeletionGracePeriodSeconds:(*int64)(nil), Labels:map[string]string{"kubernetes.io/metadata.name":"monitoring", "pod-security.kubernetes.io/audit":"restricted", "pod-security.kubernetes.io/enforce":"baseline"}, Annotations:map[string]string(nil), OwnerReferences:[]v1.OwnerReference(nil), Finalizers:[]string(nil), ManagedFields:[]v1.ManagedFieldsEntry{v1.ManagedFieldsEntry{Manager:"HashiCorp", Operation:"Update", APIVersion:"v1", Time:time.Date(2025, time.November, 16, 10, 59, 25, 0, time.Local), FieldsType:"FieldsV1", FieldsV1:(*v1.FieldsV1)(0xc0011ccd80), Subresource:""}}}, Spec:v1.NamespaceSpec{Finalizers:[]v1.FinalizerName{"kubernetes"}}, Status:v1.NamespaceStatus{Phase:"Active", Conditions:[]v1.NamespaceCondition(nil)}}
2025-11-16T15:56:39.720Z [WARN]  Provider "registry.terraform.io/hashicorp/kubernetes" produced an invalid plan for kubernetes_namespace.monitoring, but we are tolerating it because it is using the legacy plugin SDK.
    The following problems may be the cause of any confusing errors from downstream operations:
      - .wait_for_default_service_account: planned value cty.False for a non-computed attribute
      - .metadata[0].annotations: planned value cty.MapValEmpty(cty.String) for a non-computed attribute
      - .metadata[0].generate_name: planned value cty.StringVal("") for a non-computed attribute
2025-11-16T15:56:39.721Z [DEBUG] Resource instance state not found for node "helm_release.kps", instance helm_release.kps
2025-11-16T15:56:39.721Z [DEBUG] ReferenceTransformer: "helm_release.kps" references: []
2025-11-16T15:56:39.722Z [DEBUG] refresh: helm_release.kps: no state, so not refreshing
2025-11-16T15:56:39.730Z [INFO]  provider.terraform-provider-helm_v2.17.0_x5: 2025/11/16 15:56:39 [DEBUG] [resourceDiff: kube-prometheus-stack] Start: timestamp=2025-11-16T15:56:39.730Z
2025-11-16T15:56:39.730Z [INFO]  provider.terraform-provider-helm_v2.17.0_x5: 2025/11/16 15:56:39 [DEBUG] [resourceDiff: kube-prometheus-stack] upgrade_install is enabled: false: timestamp=2025-11-16T15:56:39.730Z
2025-11-16T15:56:39.730Z [INFO]  provider.terraform-provider-helm_v2.17.0_x5: 2025/11/16 15:56:39 [DEBUG] [resourceDiff: kube-prometheus-stack] targetVersion for release kube-prometheus-stack: '60.3.0': timestamp=2025-11-16T15:56:39.730Z
2025-11-16T15:56:39.730Z [INFO]  provider.terraform-provider-helm_v2.17.0_x5: 2025/11/16 15:56:39 [DEBUG] [INFO] GetHelmConfiguration start: timestamp=2025-11-16T15:56:39.730Z
2025-11-16T15:56:39.730Z [INFO]  provider.terraform-provider-helm_v2.17.0_x5: 2025/11/16 15:56:39 [DEBUG] Using kubeconfig: /root/.kube/config: timestamp=2025-11-16T15:56:39.730Z
2025-11-16T15:56:39.730Z [INFO]  provider.terraform-provider-helm_v2.17.0_x5: 2025/11/16 15:56:39 [INFO] Successfully initialized kubernetes config: timestamp=2025-11-16T15:56:39.730Z
2025-11-16T15:56:39.730Z [INFO]  provider.terraform-provider-helm_v2.17.0_x5: 2025/11/16 15:56:39 [DEBUG] [INFO] GetHelmConfiguration success: timestamp=2025-11-16T15:56:39.730Z
2025-11-16T15:56:41.678Z [DEBUG] provider.terraform-provider-kubernetes_v2.38.0_x5: 2025-11-16T15:56:41.678Z [DEBUG] [UpgradeResourceState]: morphed object="tftypes.Object[\"apiVersion\":tftypes.String, \"kind\":tftypes.String, \"metadata\":tftypes.Object[\"annotations\":tftypes.Map[tftypes.String], \"creationTimestamp\":tftypes.String, \"deletionGracePeriodSeconds\":tftypes.Number, \"deletionTimestamp\":tftypes.String, \"finalizers\":tftypes.List[tftypes.String], \"generateName\":tftypes.String, \"generation\":tftypes.Number, \"labels\":tftypes.Map[tftypes.String], \"managedFields\":tftypes.Tuple[tftypes.Object[\"apiVersion\":tftypes.String, \"fieldsType\":tftypes.String, \"fieldsV1\":tftypes.DynamicPseudoType, \"manager\":tftypes.String, \"operation\":tftypes.String, \"subresource\":tftypes.String, \"time\":tftypes.String]], \"name\":tftypes.String, \"namespace\":tftypes.String, \"ownerReferences\":tftypes.List[tftypes.Object[\"apiVersion\":tftypes.String, \"blockOwnerDeletion\":tftypes.Bool, \"controller\":tftypes.Bool, \"kind\":tftypes.String, \"name\":tftypes.String, \"uid\":tftypes.String]], \"resourceVersion\":tftypes.String, \"selfLink\":tftypes.String, \"uid\":tftypes.String], \"spec\":tftypes.Object[\"allocateLoadBalancerNodePorts\":tftypes.Bool, \"clusterIP\":tftypes.String, \"clusterIPs\":tftypes.List[tftypes.String], \"externalIPs\":tftypes.List[tftypes.String], \"externalName\":tftypes.String, \"externalTrafficPolicy\":tftypes.String, \"healthCheckNodePort\":tftypes.Number, \"internalTrafficPolicy\":tftypes.String, \"ipFamilies\":tftypes.List[tftypes.String], \"ipFamilyPolicy\":tftypes.String, \"loadBalancerClass\":tftypes.String, \"loadBalancerIP\":tftypes.String, \"loadBalancerSourceRanges\":tftypes.List[tftypes.String], \"ports\":tftypes.List[tftypes.Object[\"appProtocol\":tftypes.String, \"name\":tftypes.String, \"nodePort\":tftypes.Number, \"port\":tftypes.Number, \"protocol\":tftypes.String, \"targetPort\":tftypes.String]], \"publishNotReadyAddresses\":tftypes.Bool, \"selector\":tftypes.Map[tftypes.String], \"sessionAffinity\":tftypes.String, \"sessionAffinityConfig\":tftypes.Object[\"clientIP\":tftypes.Object[\"timeoutSeconds\":tftypes.Number]], \"trafficDistribution\":tftypes.String, \"type\":tftypes.String]]<\"apiVersion\":tftypes.String<\"v1\">, \"kind\":tftypes.String<\"Service\">, \"metadata\":tftypes.Object[\"annotations\":tftypes.Map[tftypes.String], \"creationTimestamp\":tftypes.String, \"deletionGracePeriodSeconds\":tftypes.Number, \"deletionTimestamp\":tftypes.String, \"finalizers\":tftypes.List[tftypes.String], \"generateName\":tftypes.String, \"generation\":tftypes.Number, \"labels\":tftypes.Map[tftypes.String], \"managedFields\":tftypes.Tuple[tftypes.Object[\"apiVersion\":tftypes.String, \"fieldsType\":tftypes.String, \"fieldsV1\":tftypes.DynamicPseudoType, \"manager\":tftypes.String, \"operation\":tftypes.String, \"subresource\":tftypes.String, \"time\":tftypes.String]], \"name\":tftypes.String, \"namespace\":tftypes.String, \"ownerReferences\":tftypes.List[tftypes.Object[\"apiVersion\":tftypes.String, \"blockOwnerDeletion\":tftypes.Bool, \"controller\":tftypes.Bool, \"kind\":tftypes.String, \"name\":tftypes.String, \"uid\":tftypes.String]], \"resourceVersion\":tftypes.String, \"selfLink\":tftypes.String, \"uid\":tftypes.String]<\"annotations\":tftypes.Map[tftypes.String]<null>, \"creationTimestamp\":tftypes.String<null>, \"deletionGracePeriodSeconds\":tftypes.Number<null>, \"deletionTimestamp\":tftypes.String<null>, \"finalizers\":tftypes.List[tftypes.String]<null>, \"generateName\":tftypes.String<null>, \"generation\":tftypes.Number<null>, \"labels\":tftypes.Map[tftypes.String]<null>, \"managedFields\":tftypes.Tuple[tftypes.Object[\"apiVersion\":tftypes.String, \"fieldsType\":tftypes.String, \"fieldsV1\":tftypes.DynamicPseudoType, \"manager\":tftypes.String, \"operation\":tftypes.String, \"subresource\":tftypes.String, \"time\":tftypes.String]]<null>, \"name\":tftypes.String<\"prometheus-server\">, \"namespace\":tftypes.String<\"monitoring\">, \"ownerReferences\":tftypes.List[tftypes.Object[\"apiVersion\":tftypes.String, \"blockOwnerDeletion\":tftypes.Bool, \"controller\":tftypes.Bool, \"kind\":tftypes.String, \"name\":tftypes.String, \"uid\":tftypes.String]]<null>, \"resourceVersion\":tftypes.String<null>, \"selfLink\":tftypes.String<null>, \"uid\":tftypes.String<null>>, \"spec\":tftypes.Object[\"allocateLoadBalancerNodePorts\":tftypes.Bool, \"clusterIP\":tftypes.String, \"clusterIPs\":tftypes.List[tftypes.String], \"externalIPs\":tftypes.List[tftypes.String], \"externalName\":tftypes.String, \"externalTrafficPolicy\":tftypes.String, \"healthCheckNodePort\":tftypes.Number, \"internalTrafficPolicy\":tftypes.String, \"ipFamilies\":tftypes.List[tftypes.String], \"ipFamilyPolicy\":tftypes.String, \"loadBalancerClass\":tftypes.String, \"loadBalancerIP\":tftypes.String, \"loadBalancerSourceRanges\":tftypes.List[tftypes.String], \"ports\":tftypes.List[tftypes.Object[\"appProtocol\":tftypes.String, \"name\":tftypes.String, \"nodePort\":tftypes.Number, \"port\":tftypes.Number, \"protocol\":tftypes.String, \"targetPort\":tftypes.String]], \"publishNotReadyAddresses\":tftypes.Bool, \"selector\":tftypes.Map[tftypes.String], \"sessionAffinity\":tftypes.String, \"sessionAffinityConfig\":tftypes.Object[\"clientIP\":tftypes.Object[\"timeoutSeconds\":tftypes.Number]], \"trafficDistribution\":tftypes.String, \"type\":tftypes.String]<\"allocateLoadBalancerNodePorts\":tftypes.Bool<\"true\">, \"clusterIP\":tftypes.String<\"10.109.87.174\">, \"clusterIPs\":tftypes.List[tftypes.String]<tftypes.String<\"10.109.87.174\">>, \"externalIPs\":tftypes.List[tftypes.String]<null>, \"externalName\":tftypes.String<null>, \"externalTrafficPolicy\":tftypes.String<\"Cluster\">, \"healthCheckNodePort\":tftypes.Number<null>, \"internalTrafficPolicy\":tftypes.String<\"Cluster\">, \"ipFamilies\":tftypes.List[tftypes.String]<tftypes.String<\"IPv4\">>, \"ipFamilyPolicy\":tftypes.String<\"SingleStack\">, \"loadBalancerClass\":tftypes.String<null>, \"loadBalancerIP\":tftypes.String<null>, \"loadBalancerSourceRanges\":tftypes.List[tftypes.String]<null>, \"ports\":tftypes.List[tftypes.Object[\"appProtocol\":tftypes.String, \"name\":tftypes.String, \"nodePort\":tftypes.Number, \"port\":tftypes.Number, \"protocol\":tftypes.String, \"targetPort\":tftypes.String]]<tftypes.Object[\"appProtocol\":tftypes.String, \"name\":tftypes.String, \"nodePort\":tftypes.Number, \"port\":tftypes.Number, \"protocol\":tftypes.String, \"targetPort\":tftypes.String]<\"appProtocol\":tftypes.String<null>, \"name\":tftypes.String<null>, \"nodePort\":tftypes.Number<\"32426\">, \"port\":tftypes.Number<\"9090\">, \"protocol\":tftypes.String<\"TCP\">, \"targetPort\":tftypes.String<\"9090\">>>, \"publishNotReadyAddresses\":tftypes.Bool<null>, \"selector\":tftypes.Map[tftypes.String]<\"app\":tftypes.String<\"prometheus\">>, \"sessionAffinity\":tftypes.String<\"None\">, \"sessionAffinityConfig\":tftypes.Object[\"clientIP\":tftypes.Object[\"timeoutSeconds\":tftypes.Number]]<\"clientIP\":tftypes.Object[\"timeoutSeconds\":tftypes.Number]<\"timeoutSeconds\":tftypes.Number<null>>>, \"trafficDistribution\":tftypes.String<null>, \"type\":tftypes.String<\"LoadBalancer\">>>"
2025-11-16T15:56:41.684Z [DEBUG] provider.terraform-provider-kubernetes_v2.38.0_x5: 2025-11-16T15:56:41.683Z [DEBUG] [UpgradeResourceState]: morphed object="tftypes.Object[\"apiVersion\":tftypes.String, \"kind\":tftypes.String, \"metadata\":tftypes.Object[\"annotations\":tftypes.Map[tftypes.String], \"creationTimestamp\":tftypes.String, \"deletionGracePeriodSeconds\":tftypes.Number, \"deletionTimestamp\":tftypes.String, \"finalizers\":tftypes.List[tftypes.String], \"generateName\":tftypes.String, \"generation\":tftypes.Number, \"labels\":tftypes.Map[tftypes.String], \"managedFields\":tftypes.Tuple[tftypes.Object[\"apiVersion\":tftypes.String, \"fieldsType\":tftypes.String, \"fieldsV1\":tftypes.DynamicPseudoType, \"manager\":tftypes.String, \"operation\":tftypes.String, \"subresource\":tftypes.String, \"time\":tftypes.String]], \"name\":tftypes.String, \"namespace\":tftypes.String, \"ownerReferences\":tftypes.List[tftypes.Object[\"apiVersion\":tftypes.String, \"blockOwnerDeletion\":tftypes.Bool, \"controller\":tftypes.Bool, \"kind\":tftypes.String, \"name\":tftypes.String, \"uid\":tftypes.String]], \"resourceVersion\":tftypes.String, \"selfLink\":tftypes.String, \"uid\":tftypes.String], \"spec\":tftypes.Object[\"allocateLoadBalancerNodePorts\":tftypes.Bool, \"clusterIP\":tftypes.String, \"clusterIPs\":tftypes.List[tftypes.String], \"externalIPs\":tftypes.List[tftypes.String], \"externalName\":tftypes.String, \"externalTrafficPolicy\":tftypes.String, \"healthCheckNodePort\":tftypes.Number, \"internalTrafficPolicy\":tftypes.String, \"ipFamilies\":tftypes.List[tftypes.String], \"ipFamilyPolicy\":tftypes.String, \"loadBalancerClass\":tftypes.String, \"loadBalancerIP\":tftypes.String, \"loadBalancerSourceRanges\":tftypes.List[tftypes.String], \"ports\":tftypes.List[tftypes.Object[\"appProtocol\":tftypes.String, \"name\":tftypes.String, \"nodePort\":tftypes.Number, \"port\":tftypes.Number, \"protocol\":tftypes.String, \"targetPort\":tftypes.String]], \"publishNotReadyAddresses\":tftypes.Bool, \"selector\":tftypes.Map[tftypes.String], \"sessionAffinity\":tftypes.String, \"sessionAffinityConfig\":tftypes.Object[\"clientIP\":tftypes.Object[\"timeoutSeconds\":tftypes.Number]], \"trafficDistribution\":tftypes.String, \"type\":tftypes.String]]<\"apiVersion\":tftypes.String<\"v1\">, \"kind\":tftypes.String<\"Service\">, \"metadata\":tftypes.Object[\"annotations\":tftypes.Map[tftypes.String], \"creationTimestamp\":tftypes.String, \"deletionGracePeriodSeconds\":tftypes.Number, \"deletionTimestamp\":tftypes.String, \"finalizers\":tftypes.List[tftypes.String], \"generateName\":tftypes.String, \"generation\":tftypes.Number, \"labels\":tftypes.Map[tftypes.String], \"managedFields\":tftypes.Tuple[tftypes.Object[\"apiVersion\":tftypes.String, \"fieldsType\":tftypes.String, \"fieldsV1\":tftypes.DynamicPseudoType, \"manager\":tftypes.String, \"operation\":tftypes.String, \"subresource\":tftypes.String, \"time\":tftypes.String]], \"name\":tftypes.String, \"namespace\":tftypes.String, \"ownerReferences\":tftypes.List[tftypes.Object[\"apiVersion\":tftypes.String, \"blockOwnerDeletion\":tftypes.Bool, \"controller\":tftypes.Bool, \"kind\":tftypes.String, \"name\":tftypes.String, \"uid\":tftypes.String]], \"resourceVersion\":tftypes.String, \"selfLink\":tftypes.String, \"uid\":tftypes.String]<\"annotations\":tftypes.Map[tftypes.String]<null>, \"creationTimestamp\":tftypes.String<null>, \"deletionGracePeriodSeconds\":tftypes.Number<null>, \"deletionTimestamp\":tftypes.String<null>, \"finalizers\":tftypes.List[tftypes.String]<null>, \"generateName\":tftypes.String<null>, \"generation\":tftypes.Number<null>, \"labels\":tftypes.Map[tftypes.String]<null>, \"managedFields\":tftypes.Tuple[tftypes.Object[\"apiVersion\":tftypes.String, \"fieldsType\":tftypes.String, \"fieldsV1\":tftypes.DynamicPseudoType, \"manager\":tftypes.String, \"operation\":tftypes.String, \"subresource\":tftypes.String, \"time\":tftypes.String]]<null>, \"name\":tftypes.String<\"grafana\">, \"namespace\":tftypes.String<\"monitoring\">, \"ownerReferences\":tftypes.List[tftypes.Object[\"apiVersion\":tftypes.String, \"blockOwnerDeletion\":tftypes.Bool, \"controller\":tftypes.Bool, \"kind\":tftypes.String, \"name\":tftypes.String, \"uid\":tftypes.String]]<null>, \"resourceVersion\":tftypes.String<null>, \"selfLink\":tftypes.String<null>, \"uid\":tftypes.String<null>>, \"spec\":tftypes.Object[\"allocateLoadBalancerNodePorts\":tftypes.Bool, \"clusterIP\":tftypes.String, \"clusterIPs\":tftypes.List[tftypes.String], \"externalIPs\":tftypes.List[tftypes.String], \"externalName\":tftypes.String, \"externalTrafficPolicy\":tftypes.String, \"healthCheckNodePort\":tftypes.Number, \"internalTrafficPolicy\":tftypes.String, \"ipFamilies\":tftypes.List[tftypes.String], \"ipFamilyPolicy\":tftypes.String, \"loadBalancerClass\":tftypes.String, \"loadBalancerIP\":tftypes.String, \"loadBalancerSourceRanges\":tftypes.List[tftypes.String], \"ports\":tftypes.List[tftypes.Object[\"appProtocol\":tftypes.String, \"name\":tftypes.String, \"nodePort\":tftypes.Number, \"port\":tftypes.Number, \"protocol\":tftypes.String, \"targetPort\":tftypes.String]], \"publishNotReadyAddresses\":tftypes.Bool, \"selector\":tftypes.Map[tftypes.String], \"sessionAffinity\":tftypes.String, \"sessionAffinityConfig\":tftypes.Object[\"clientIP\":tftypes.Object[\"timeoutSeconds\":tftypes.Number]], \"trafficDistribution\":tftypes.String, \"type\":tftypes.String]<\"allocateLoadBalancerNodePorts\":tftypes.Bool<\"true\">, \"clusterIP\":tftypes.String<\"10.111.54.2\">, \"clusterIPs\":tftypes.List[tftypes.String]<tftypes.String<\"10.111.54.2\">>, \"externalIPs\":tftypes.List[tftypes.String]<null>, \"externalName\":tftypes.String<null>, \"externalTrafficPolicy\":tftypes.String<\"Cluster\">, \"healthCheckNodePort\":tftypes.Number<null>, \"internalTrafficPolicy\":tftypes.String<\"Cluster\">, \"ipFamilies\":tftypes.List[tftypes.String]<tftypes.String<\"IPv4\">>, \"ipFamilyPolicy\":tftypes.String<\"SingleStack\">, \"loadBalancerClass\":tftypes.String<null>, \"loadBalancerIP\":tftypes.String<null>, \"loadBalancerSourceRanges\":tftypes.List[tftypes.String]<null>, \"ports\":tftypes.List[tftypes.Object[\"appProtocol\":tftypes.String, \"name\":tftypes.String, \"nodePort\":tftypes.Number, \"port\":tftypes.Number, \"protocol\":tftypes.String, \"targetPort\":tftypes.String]]<tftypes.Object[\"appProtocol\":tftypes.String, \"name\":tftypes.String, \"nodePort\":tftypes.Number, \"port\":tftypes.Number, \"protocol\":tftypes.String, \"targetPort\":tftypes.String]<\"appProtocol\":tftypes.String<null>, \"name\":tftypes.String<null>, \"nodePort\":tftypes.Number<\"30407\">, \"port\":tftypes.Number<\"80\">, \"protocol\":tftypes.String<\"TCP\">, \"targetPort\":tftypes.String<\"80\">>>, \"publishNotReadyAddresses\":tftypes.Bool<null>, \"selector\":tftypes.Map[tftypes.String]<\"app\":tftypes.String<\"grafana\">>, \"sessionAffinity\":tftypes.String<\"None\">, \"sessionAffinityConfig\":tftypes.Object[\"clientIP\":tftypes.Object[\"timeoutSeconds\":tftypes.Number]]<\"clientIP\":tftypes.Object[\"timeoutSeconds\":tftypes.Number]<\"timeoutSeconds\":tftypes.Number<null>>>, \"trafficDistribution\":tftypes.String<null>, \"type\":tftypes.String<\"LoadBalancer\">>>"
2025-11-16T15:56:41.695Z [INFO]  provider.terraform-provider-helm_v2.17.0_x5: 2025/11/16 15:56:41 [DEBUG] [resourceDiff: kube-prometheus-stack] Got chart kube-prometheus-stack version 60.3.0: timestamp=2025-11-16T15:56:41.695Z
2025-11-16T15:56:41.695Z [INFO]  provider.terraform-provider-helm_v2.17.0_x5: 2025/11/16 15:56:41 [DEBUG] [resourceDiff: kube-prometheus-stack] Release validated: timestamp=2025-11-16T15:56:41.695Z
2025-11-16T15:56:41.695Z [INFO]  provider.terraform-provider-helm_v2.17.0_x5: 2025/11/16 15:56:41 [DEBUG] [resourceDiff: kube-prometheus-stack] setting version to 60.3.0: timestamp=2025-11-16T15:56:41.695Z
2025-11-16T15:56:41.695Z [INFO]  provider.terraform-provider-helm_v2.17.0_x5: 2025/11/16 15:56:41 [DEBUG] [resourceDiff: kube-prometheus-stack] Done: timestamp=2025-11-16T15:56:41.695Z
2025-11-16T15:56:41.697Z [WARN]  Provider "registry.terraform.io/hashicorp/helm" produced an invalid plan for helm_release.kps, but we are tolerating it because it is using the legacy plugin SDK.
    The following problems may be the cause of any confusing errors from downstream operations:
      - .recreate_pods: planned value cty.False for a non-computed attribute
      - .skip_crds: planned value cty.False for a non-computed attribute
      - .dependency_update: planned value cty.False for a non-computed attribute
      - .reset_values: planned value cty.False for a non-computed attribute
      - .verify: planned value cty.False for a non-computed attribute
      - .atomic: planned value cty.False for a non-computed attribute
      - .timeout: planned value cty.NumberIntVal(300) for a non-computed attribute
      - .pass_credentials: planned value cty.False for a non-computed attribute
      - .disable_crd_hooks: planned value cty.False for a non-computed attribute
      - .force_update: planned value cty.False for a non-computed attribute
      - .disable_webhooks: planned value cty.False for a non-computed attribute
      - .lint: planned value cty.False for a non-computed attribute
      - .render_subchart_notes: planned value cty.True for a non-computed attribute
      - .replace: planned value cty.False for a non-computed attribute
      - .reuse_values: planned value cty.False for a non-computed attribute
      - .create_namespace: planned value cty.False for a non-computed attribute
      - .wait: planned value cty.True for a non-computed attribute
      - .disable_openapi_validation: planned value cty.False for a non-computed attribute
      - .max_history: planned value cty.NumberIntVal(0) for a non-computed attribute
      - .wait_for_jobs: planned value cty.False for a non-computed attribute
2025-11-16T15:56:41.698Z [DEBUG] provider.stdio: received EOF, stopping recv loop: err="rpc error: code = Unavailable desc = error reading from server: EOF"
2025-11-16T15:56:41.706Z [INFO]  provider: plugin process exited: plugin=.terraform/providers/registry.terraform.io/hashicorp/helm/2.17.0/linux_amd64/terraform-provider-helm_v2.17.0_x5 id=172820
2025-11-16T15:56:41.706Z [DEBUG] provider: plugin exited
2025-11-16T15:56:41.724Z [DEBUG] skipping FixUpBlockAttrs
2025-11-16T15:56:41.731Z [DEBUG] skipping FixUpBlockAttrs
2025-11-16T15:56:41.732Z [DEBUG] provider.terraform-provider-kubernetes_v2.38.0_x5: 2025-11-16T15:56:41.732Z [DEBUG] [PlanUpdateResource]: OAPI type="tftypes.Object[\"apiVersion\":tftypes.String, \"kind\":tftypes.String, \"metadata\":tftypes.Object[\"annotations\":tftypes.Map[tftypes.String], \"creationTimestamp\":tftypes.String, \"deletionGracePeriodSeconds\":tftypes.Number, \"deletionTimestamp\":tftypes.String, \"finalizers\":tftypes.List[tftypes.String], \"generateName\":tftypes.String, \"generation\":tftypes.Number, \"labels\":tftypes.Map[tftypes.String], \"managedFields\":tftypes.Tuple[tftypes.Object[\"apiVersion\":tftypes.String, \"fieldsType\":tftypes.String, \"fieldsV1\":tftypes.DynamicPseudoType, \"manager\":tftypes.String, \"operation\":tftypes.String, \"subresource\":tftypes.String, \"time\":tftypes.String]], \"name\":tftypes.String, \"namespace\":tftypes.String, \"ownerReferences\":tftypes.List[tftypes.Object[\"apiVersion\":tftypes.String, \"blockOwnerDeletion\":tftypes.Bool, \"controller\":tftypes.Bool, \"kind\":tftypes.String, \"name\":tftypes.String, \"uid\":tftypes.String]], \"resourceVersion\":tftypes.String, \"selfLink\":tftypes.String, \"uid\":tftypes.String], \"spec\":tftypes.Object[\"allocateLoadBalancerNodePorts\":tftypes.Bool, \"clusterIP\":tftypes.String, \"clusterIPs\":tftypes.List[tftypes.String], \"externalIPs\":tftypes.List[tftypes.String], \"externalName\":tftypes.String, \"externalTrafficPolicy\":tftypes.String, \"healthCheckNodePort\":tftypes.Number, \"internalTrafficPolicy\":tftypes.String, \"ipFamilies\":tftypes.List[tftypes.String], \"ipFamilyPolicy\":tftypes.String, \"loadBalancerClass\":tftypes.String, \"loadBalancerIP\":tftypes.String, \"loadBalancerSourceRanges\":tftypes.List[tftypes.String], \"ports\":tftypes.List[tftypes.Object[\"appProtocol\":tftypes.String, \"name\":tftypes.String, \"nodePort\":tftypes.Number, \"port\":tftypes.Number, \"protocol\":tftypes.String, \"targetPort\":tftypes.String]], \"publishNotReadyAddresses\":tftypes.Bool, \"selector\":tftypes.Map[tftypes.String], \"sessionAffinity\":tftypes.String, \"sessionAffinityConfig\":tftypes.Object[\"clientIP\":tftypes.Object[\"timeoutSeconds\":tftypes.Number]], \"trafficDistribution\":tftypes.String, \"type\":tftypes.String]]"
2025-11-16T15:56:41.733Z [DEBUG] provider.terraform-provider-kubernetes_v2.38.0_x5: 2025-11-16T15:56:41.732Z [DEBUG] [PlanResourceChange]: morphed manifest="tftypes.Object[\"apiVersion\":tftypes.String, \"kind\":tftypes.String, \"metadata\":tftypes.Object[\"annotations\":tftypes.Map[tftypes.String], \"creationTimestamp\":tftypes.String, \"deletionGracePeriodSeconds\":tftypes.Number, \"deletionTimestamp\":tftypes.String, \"finalizers\":tftypes.List[tftypes.String], \"generateName\":tftypes.String, \"generation\":tftypes.Number, \"labels\":tftypes.Map[tftypes.String], \"managedFields\":tftypes.Tuple[tftypes.Object[\"apiVersion\":tftypes.String, \"fieldsType\":tftypes.String, \"fieldsV1\":tftypes.DynamicPseudoType, \"manager\":tftypes.String, \"operation\":tftypes.String, \"subresource\":tftypes.String, \"time\":tftypes.String]], \"name\":tftypes.String, \"namespace\":tftypes.String, \"ownerReferences\":tftypes.List[tftypes.Object[\"apiVersion\":tftypes.String, \"blockOwnerDeletion\":tftypes.Bool, \"controller\":tftypes.Bool, \"kind\":tftypes.String, \"name\":tftypes.String, \"uid\":tftypes.String]], \"resourceVersion\":tftypes.String, \"selfLink\":tftypes.String, \"uid\":tftypes.String], \"spec\":tftypes.Object[\"allocateLoadBalancerNodePorts\":tftypes.Bool, \"clusterIP\":tftypes.String, \"clusterIPs\":tftypes.List[tftypes.String], \"externalIPs\":tftypes.List[tftypes.String], \"externalName\":tftypes.String, \"externalTrafficPolicy\":tftypes.String, \"healthCheckNodePort\":tftypes.Number, \"internalTrafficPolicy\":tftypes.String, \"ipFamilies\":tftypes.List[tftypes.String], \"ipFamilyPolicy\":tftypes.String, \"loadBalancerClass\":tftypes.String, \"loadBalancerIP\":tftypes.String, \"loadBalancerSourceRanges\":tftypes.List[tftypes.String], \"ports\":tftypes.List[tftypes.Object[\"appProtocol\":tftypes.String, \"name\":tftypes.String, \"nodePort\":tftypes.Number, \"port\":tftypes.Number, \"protocol\":tftypes.String, \"targetPort\":tftypes.String]], \"publishNotReadyAddresses\":tftypes.Bool, \"selector\":tftypes.Map[tftypes.String], \"sessionAffinity\":tftypes.String, \"sessionAffinityConfig\":tftypes.Object[\"clientIP\":tftypes.Object[\"timeoutSeconds\":tftypes.Number]], \"trafficDistribution\":tftypes.String, \"type\":tftypes.String]]<\"apiVersion\":tftypes.String<\"v1\">, \"kind\":tftypes.String<\"Service\">, \"metadata\":tftypes.Object[\"annotations\":tftypes.Map[tftypes.String], \"creationTimestamp\":tftypes.String, \"deletionGracePeriodSeconds\":tftypes.Number, \"deletionTimestamp\":tftypes.String, \"finalizers\":tftypes.List[tftypes.String], \"generateName\":tftypes.String, \"generation\":tftypes.Number, \"labels\":tftypes.Map[tftypes.String], \"managedFields\":tftypes.Tuple[tftypes.Object[\"apiVersion\":tftypes.String, \"fieldsType\":tftypes.String, \"fieldsV1\":tftypes.DynamicPseudoType, \"manager\":tftypes.String, \"operation\":tftypes.String, \"subresource\":tftypes.String, \"time\":tftypes.String]], \"name\":tftypes.String, \"namespace\":tftypes.String, \"ownerReferences\":tftypes.List[tftypes.Object[\"apiVersion\":tftypes.String, \"blockOwnerDeletion\":tftypes.Bool, \"controller\":tftypes.Bool, \"kind\":tftypes.String, \"name\":tftypes.String, \"uid\":tftypes.String]], \"resourceVersion\":tftypes.String, \"selfLink\":tftypes.String, \"uid\":tftypes.String]<\"annotations\":tftypes.Map[tftypes.String]<null>, \"creationTimestamp\":tftypes.String<null>, \"deletionGracePeriodSeconds\":tftypes.Number<null>, \"deletionTimestamp\":tftypes.String<null>, \"finalizers\":tftypes.List[tftypes.String]<null>, \"generateName\":tftypes.String<null>, \"generation\":tftypes.Number<null>, \"labels\":tftypes.Map[tftypes.String]<null>, \"managedFields\":tftypes.Tuple[tftypes.Object[\"apiVersion\":tftypes.String, \"fieldsType\":tftypes.String, \"fieldsV1\":tftypes.DynamicPseudoType, \"manager\":tftypes.String, \"operation\":tftypes.String, \"subresource\":tftypes.String, \"time\":tftypes.String]]<null>, \"name\":tftypes.String<\"prometheus-server\">, \"namespace\":tftypes.String<\"monitoring\">, \"ownerReferences\":tftypes.List[tftypes.Object[\"apiVersion\":tftypes.String, \"blockOwnerDeletion\":tftypes.Bool, \"controller\":tftypes.Bool, \"kind\":tftypes.String, \"name\":tftypes.String, \"uid\":tftypes.String]]<null>, \"resourceVersion\":tftypes.String<null>, \"selfLink\":tftypes.String<null>, \"uid\":tftypes.String<null>>, \"spec\":tftypes.Object[\"allocateLoadBalancerNodePorts\":tftypes.Bool, \"clusterIP\":tftypes.String, \"clusterIPs\":tftypes.List[tftypes.String], \"externalIPs\":tftypes.List[tftypes.String], \"externalName\":tftypes.String, \"externalTrafficPolicy\":tftypes.String, \"healthCheckNodePort\":tftypes.Number, \"internalTrafficPolicy\":tftypes.String, \"ipFamilies\":tftypes.List[tftypes.String], \"ipFamilyPolicy\":tftypes.String, \"loadBalancerClass\":tftypes.String, \"loadBalancerIP\":tftypes.String, \"loadBalancerSourceRanges\":tftypes.List[tftypes.String], \"ports\":tftypes.List[tftypes.Object[\"appProtocol\":tftypes.String, \"name\":tftypes.String, \"nodePort\":tftypes.Number, \"port\":tftypes.Number, \"protocol\":tftypes.String, \"targetPort\":tftypes.String]], \"publishNotReadyAddresses\":tftypes.Bool, \"selector\":tftypes.Map[tftypes.String], \"sessionAffinity\":tftypes.String, \"sessionAffinityConfig\":tftypes.Object[\"clientIP\":tftypes.Object[\"timeoutSeconds\":tftypes.Number]], \"trafficDistribution\":tftypes.String, \"type\":tftypes.String]<\"allocateLoadBalancerNodePorts\":tftypes.Bool<null>, \"clusterIP\":tftypes.String<null>, \"clusterIPs\":tftypes.List[tftypes.String]<null>, \"externalIPs\":tftypes.List[tftypes.String]<null>, \"externalName\":tftypes.String<null>, \"externalTrafficPolicy\":tftypes.String<null>, \"healthCheckNodePort\":tftypes.Number<null>, \"internalTrafficPolicy\":tftypes.String<null>, \"ipFamilies\":tftypes.List[tftypes.String]<null>, \"ipFamilyPolicy\":tftypes.String<null>, \"loadBalancerClass\":tftypes.String<null>, \"loadBalancerIP\":tftypes.String<null>, \"loadBalancerSourceRanges\":tftypes.List[tftypes.String]<null>, \"ports\":tftypes.List[tftypes.Object[\"appProtocol\":tftypes.String, \"name\":tftypes.String, \"nodePort\":tftypes.Number, \"port\":tftypes.Number, \"protocol\":tftypes.String, \"targetPort\":tftypes.String]]<tftypes.Object[\"appProtocol\":tftypes.String, \"name\":tftypes.String, \"nodePort\":tftypes.Number, \"port\":tftypes.Number, \"protocol\":tftypes.String, \"targetPort\":tftypes.String]<\"appProtocol\":tftypes.String<null>, \"name\":tftypes.String<null>, \"nodePort\":tftypes.Number<null>, \"port\":tftypes.Number<\"9090\">, \"protocol\":tftypes.String<\"TCP\">, \"targetPort\":tftypes.String<\"9090\">>>, \"publishNotReadyAddresses\":tftypes.Bool<null>, \"selector\":tftypes.Map[tftypes.String]<\"app\":tftypes.String<\"prometheus\">>, \"sessionAffinity\":tftypes.String<null>, \"sessionAffinityConfig\":tftypes.Object[\"clientIP\":tftypes.Object[\"timeoutSeconds\":tftypes.Number]]<null>, \"trafficDistribution\":tftypes.String<null>, \"type\":tftypes.String<\"LoadBalancer\">>>"
2025-11-16T15:56:41.733Z [DEBUG] provider.terraform-provider-kubernetes_v2.38.0_x5: 2025-11-16T15:56:41.733Z [DEBUG] [PlanResourceChange]: backfilled manifest="tftypes.Object[\"apiVersion\":tftypes.String, \"kind\":tftypes.String, \"metadata\":tftypes.Object[\"annotations\":tftypes.Map[tftypes.String], \"creationTimestamp\":tftypes.String, \"deletionGracePeriodSeconds\":tftypes.Number, \"deletionTimestamp\":tftypes.String, \"finalizers\":tftypes.List[tftypes.String], \"generateName\":tftypes.String, \"generation\":tftypes.Number, \"labels\":tftypes.Map[tftypes.String], \"managedFields\":tftypes.Tuple[tftypes.Object[\"apiVersion\":tftypes.String, \"fieldsType\":tftypes.String, \"fieldsV1\":tftypes.DynamicPseudoType, \"manager\":tftypes.String, \"operation\":tftypes.String, \"subresource\":tftypes.String, \"time\":tftypes.String]], \"name\":tftypes.String, \"namespace\":tftypes.String, \"ownerReferences\":tftypes.List[tftypes.Object[\"apiVersion\":tftypes.String, \"blockOwnerDeletion\":tftypes.Bool, \"controller\":tftypes.Bool, \"kind\":tftypes.String, \"name\":tftypes.String, \"uid\":tftypes.String]], \"resourceVersion\":tftypes.String, \"selfLink\":tftypes.String, \"uid\":tftypes.String], \"spec\":tftypes.Object[\"allocateLoadBalancerNodePorts\":tftypes.Bool, \"clusterIP\":tftypes.String, \"clusterIPs\":tftypes.List[tftypes.String], \"externalIPs\":tftypes.List[tftypes.String], \"externalName\":tftypes.String, \"externalTrafficPolicy\":tftypes.String, \"healthCheckNodePort\":tftypes.Number, \"internalTrafficPolicy\":tftypes.String, \"ipFamilies\":tftypes.List[tftypes.String], \"ipFamilyPolicy\":tftypes.String, \"loadBalancerClass\":tftypes.String, \"loadBalancerIP\":tftypes.String, \"loadBalancerSourceRanges\":tftypes.List[tftypes.String], \"ports\":tftypes.List[tftypes.Object[\"appProtocol\":tftypes.String, \"name\":tftypes.String, \"nodePort\":tftypes.Number, \"port\":tftypes.Number, \"protocol\":tftypes.String, \"targetPort\":tftypes.String]], \"publishNotReadyAddresses\":tftypes.Bool, \"selector\":tftypes.Map[tftypes.String], \"sessionAffinity\":tftypes.String, \"sessionAffinityConfig\":tftypes.Object[\"clientIP\":tftypes.Object[\"timeoutSeconds\":tftypes.Number]], \"trafficDistribution\":tftypes.String, \"type\":tftypes.String]]<\"apiVersion\":tftypes.String<\"v1\">, \"kind\":tftypes.String<\"Service\">, \"metadata\":tftypes.Object[\"annotations\":tftypes.Map[tftypes.String], \"creationTimestamp\":tftypes.String, \"deletionGracePeriodSeconds\":tftypes.Number, \"deletionTimestamp\":tftypes.String, \"finalizers\":tftypes.List[tftypes.String], \"generateName\":tftypes.String, \"generation\":tftypes.Number, \"labels\":tftypes.Map[tftypes.String], \"managedFields\":tftypes.Tuple[tftypes.Object[\"apiVersion\":tftypes.String, \"fieldsType\":tftypes.String, \"fieldsV1\":tftypes.DynamicPseudoType, \"manager\":tftypes.String, \"operation\":tftypes.String, \"subresource\":tftypes.String, \"time\":tftypes.String]], \"name\":tftypes.String, \"namespace\":tftypes.String, \"ownerReferences\":tftypes.List[tftypes.Object[\"apiVersion\":tftypes.String, \"blockOwnerDeletion\":tftypes.Bool, \"controller\":tftypes.Bool, \"kind\":tftypes.String, \"name\":tftypes.String, \"uid\":tftypes.String]], \"resourceVersion\":tftypes.String, \"selfLink\":tftypes.String, \"uid\":tftypes.String]<\"annotations\":tftypes.Map[tftypes.String]<unknown>, \"creationTimestamp\":tftypes.String<unknown>, \"deletionGracePeriodSeconds\":tftypes.Number<unknown>, \"deletionTimestamp\":tftypes.String<unknown>, \"finalizers\":tftypes.List[tftypes.String]<unknown>, \"generateName\":tftypes.String<unknown>, \"generation\":tftypes.Number<unknown>, \"labels\":tftypes.Map[tftypes.String]<unknown>, \"managedFields\":tftypes.Tuple[tftypes.Object[\"apiVersion\":tftypes.String, \"fieldsType\":tftypes.String, \"fieldsV1\":tftypes.DynamicPseudoType, \"manager\":tftypes.String, \"operation\":tftypes.String, \"subresource\":tftypes.String, \"time\":tftypes.String]]<unknown>, \"name\":tftypes.String<\"prometheus-server\">, \"namespace\":tftypes.String<\"monitoring\">, \"ownerReferences\":tftypes.List[tftypes.Object[\"apiVersion\":tftypes.String, \"blockOwnerDeletion\":tftypes.Bool, \"controller\":tftypes.Bool, \"kind\":tftypes.String, \"name\":tftypes.String, \"uid\":tftypes.String]]<unknown>, \"resourceVersion\":tftypes.String<unknown>, \"selfLink\":tftypes.String<unknown>, \"uid\":tftypes.String<unknown>>, \"spec\":tftypes.Object[\"allocateLoadBalancerNodePorts\":tftypes.Bool, \"clusterIP\":tftypes.String, \"clusterIPs\":tftypes.List[tftypes.String], \"externalIPs\":tftypes.List[tftypes.String], \"externalName\":tftypes.String, \"externalTrafficPolicy\":tftypes.String, \"healthCheckNodePort\":tftypes.Number, \"internalTrafficPolicy\":tftypes.String, \"ipFamilies\":tftypes.List[tftypes.String], \"ipFamilyPolicy\":tftypes.String, \"loadBalancerClass\":tftypes.String, \"loadBalancerIP\":tftypes.String, \"loadBalancerSourceRanges\":tftypes.List[tftypes.String], \"ports\":tftypes.List[tftypes.Object[\"appProtocol\":tftypes.String, \"name\":tftypes.String, \"nodePort\":tftypes.Number, \"port\":tftypes.Number, \"protocol\":tftypes.String, \"targetPort\":tftypes.String]], \"publishNotReadyAddresses\":tftypes.Bool, \"selector\":tftypes.Map[tftypes.String], \"sessionAffinity\":tftypes.String, \"sessionAffinityConfig\":tftypes.Object[\"clientIP\":tftypes.Object[\"timeoutSeconds\":tftypes.Number]], \"trafficDistribution\":tftypes.String, \"type\":tftypes.String]<\"allocateLoadBalancerNodePorts\":tftypes.Bool<unknown>, \"clusterIP\":tftypes.String<unknown>, \"clusterIPs\":tftypes.List[tftypes.String]<unknown>, \"externalIPs\":tftypes.List[tftypes.String]<unknown>, \"externalName\":tftypes.String<unknown>, \"externalTrafficPolicy\":tftypes.String<unknown>, \"healthCheckNodePort\":tftypes.Number<unknown>, \"internalTrafficPolicy\":tftypes.String<unknown>, \"ipFamilies\":tftypes.List[tftypes.String]<unknown>, \"ipFamilyPolicy\":tftypes.String<unknown>, \"loadBalancerClass\":tftypes.String<unknown>, \"loadBalancerIP\":tftypes.String<unknown>, \"loadBalancerSourceRanges\":tftypes.List[tftypes.String]<unknown>, \"ports\":tftypes.List[tftypes.Object[\"appProtocol\":tftypes.String, \"name\":tftypes.String, \"nodePort\":tftypes.Number, \"port\":tftypes.Number, \"protocol\":tftypes.String, \"targetPort\":tftypes.String]]<tftypes.Object[\"appProtocol\":tftypes.String, \"name\":tftypes.String, \"nodePort\":tftypes.Number, \"port\":tftypes.Number, \"protocol\":tftypes.String, \"targetPort\":tftypes.String]<\"appProtocol\":tftypes.String<unknown>, \"name\":tftypes.String<unknown>, \"nodePort\":tftypes.Number<unknown>, \"port\":tftypes.Number<\"9090\">, \"protocol\":tftypes.String<\"TCP\">, \"targetPort\":tftypes.String<\"9090\">>>, \"publishNotReadyAddresses\":tftypes.Bool<unknown>, \"selector\":tftypes.Map[tftypes.String]<\"app\":tftypes.String<\"prometheus\">>, \"sessionAffinity\":tftypes.String<unknown>, \"sessionAffinityConfig\":tftypes.Object[\"clientIP\":tftypes.Object[\"timeoutSeconds\":tftypes.Number]]<\"clientIP\":tftypes.Object[\"timeoutSeconds\":tftypes.Number]<\"timeoutSeconds\":tftypes.Number<unknown>>>, \"trafficDistribution\":tftypes.String<unknown>, \"type\":tftypes.String<\"LoadBalancer\">>>"
2025-11-16T15:56:41.750Z [DEBUG] provider.terraform-provider-kubernetes_v2.38.0_x5: 2025-11-16T15:56:41.750Z [DEBUG] [PlanUpdateResource]: OAPI type="tftypes.Object[\"apiVersion\":tftypes.String, \"kind\":tftypes.String, \"metadata\":tftypes.Object[\"annotations\":tftypes.Map[tftypes.String], \"creationTimestamp\":tftypes.String, \"deletionGracePeriodSeconds\":tftypes.Number, \"deletionTimestamp\":tftypes.String, \"finalizers\":tftypes.List[tftypes.String], \"generateName\":tftypes.String, \"generation\":tftypes.Number, \"labels\":tftypes.Map[tftypes.String], \"managedFields\":tftypes.Tuple[tftypes.Object[\"apiVersion\":tftypes.String, \"fieldsType\":tftypes.String, \"fieldsV1\":tftypes.DynamicPseudoType, \"manager\":tftypes.String, \"operation\":tftypes.String, \"subresource\":tftypes.String, \"time\":tftypes.String]], \"name\":tftypes.String, \"namespace\":tftypes.String, \"ownerReferences\":tftypes.List[tftypes.Object[\"apiVersion\":tftypes.String, \"blockOwnerDeletion\":tftypes.Bool, \"controller\":tftypes.Bool, \"kind\":tftypes.String, \"name\":tftypes.String, \"uid\":tftypes.String]], \"resourceVersion\":tftypes.String, \"selfLink\":tftypes.String, \"uid\":tftypes.String], \"spec\":tftypes.Object[\"allocateLoadBalancerNodePorts\":tftypes.Bool, \"clusterIP\":tftypes.String, \"clusterIPs\":tftypes.List[tftypes.String], \"externalIPs\":tftypes.List[tftypes.String], \"externalName\":tftypes.String, \"externalTrafficPolicy\":tftypes.String, \"healthCheckNodePort\":tftypes.Number, \"internalTrafficPolicy\":tftypes.String, \"ipFamilies\":tftypes.List[tftypes.String], \"ipFamilyPolicy\":tftypes.String, \"loadBalancerClass\":tftypes.String, \"loadBalancerIP\":tftypes.String, \"loadBalancerSourceRanges\":tftypes.List[tftypes.String], \"ports\":tftypes.List[tftypes.Object[\"appProtocol\":tftypes.String, \"name\":tftypes.String, \"nodePort\":tftypes.Number, \"port\":tftypes.Number, \"protocol\":tftypes.String, \"targetPort\":tftypes.String]], \"publishNotReadyAddresses\":tftypes.Bool, \"selector\":tftypes.Map[tftypes.String], \"sessionAffinity\":tftypes.String, \"sessionAffinityConfig\":tftypes.Object[\"clientIP\":tftypes.Object[\"timeoutSeconds\":tftypes.Number]], \"trafficDistribution\":tftypes.String, \"type\":tftypes.String]]"
2025-11-16T15:56:41.751Z [DEBUG] provider.terraform-provider-kubernetes_v2.38.0_x5: 2025-11-16T15:56:41.750Z [DEBUG] [PlanResourceChange]: morphed manifest="tftypes.Object[\"apiVersion\":tftypes.String, \"kind\":tftypes.String, \"metadata\":tftypes.Object[\"annotations\":tftypes.Map[tftypes.String], \"creationTimestamp\":tftypes.String, \"deletionGracePeriodSeconds\":tftypes.Number, \"deletionTimestamp\":tftypes.String, \"finalizers\":tftypes.List[tftypes.String], \"generateName\":tftypes.String, \"generation\":tftypes.Number, \"labels\":tftypes.Map[tftypes.String], \"managedFields\":tftypes.Tuple[tftypes.Object[\"apiVersion\":tftypes.String, \"fieldsType\":tftypes.String, \"fieldsV1\":tftypes.DynamicPseudoType, \"manager\":tftypes.String, \"operation\":tftypes.String, \"subresource\":tftypes.String, \"time\":tftypes.String]], \"name\":tftypes.String, \"namespace\":tftypes.String, \"ownerReferences\":tftypes.List[tftypes.Object[\"apiVersion\":tftypes.String, \"blockOwnerDeletion\":tftypes.Bool, \"controller\":tftypes.Bool, \"kind\":tftypes.String, \"name\":tftypes.String, \"uid\":tftypes.String]], \"resourceVersion\":tftypes.String, \"selfLink\":tftypes.String, \"uid\":tftypes.String], \"spec\":tftypes.Object[\"allocateLoadBalancerNodePorts\":tftypes.Bool, \"clusterIP\":tftypes.String, \"clusterIPs\":tftypes.List[tftypes.String], \"externalIPs\":tftypes.List[tftypes.String], \"externalName\":tftypes.String, \"externalTrafficPolicy\":tftypes.String, \"healthCheckNodePort\":tftypes.Number, \"internalTrafficPolicy\":tftypes.String, \"ipFamilies\":tftypes.List[tftypes.String], \"ipFamilyPolicy\":tftypes.String, \"loadBalancerClass\":tftypes.String, \"loadBalancerIP\":tftypes.String, \"loadBalancerSourceRanges\":tftypes.List[tftypes.String], \"ports\":tftypes.List[tftypes.Object[\"appProtocol\":tftypes.String, \"name\":tftypes.String, \"nodePort\":tftypes.Number, \"port\":tftypes.Number, \"protocol\":tftypes.String, \"targetPort\":tftypes.String]], \"publishNotReadyAddresses\":tftypes.Bool, \"selector\":tftypes.Map[tftypes.String], \"sessionAffinity\":tftypes.String, \"sessionAffinityConfig\":tftypes.Object[\"clientIP\":tftypes.Object[\"timeoutSeconds\":tftypes.Number]], \"trafficDistribution\":tftypes.String, \"type\":tftypes.String]]<\"apiVersion\":tftypes.String<\"v1\">, \"kind\":tftypes.String<\"Service\">, \"metadata\":tftypes.Object[\"annotations\":tftypes.Map[tftypes.String], \"creationTimestamp\":tftypes.String, \"deletionGracePeriodSeconds\":tftypes.Number, \"deletionTimestamp\":tftypes.String, \"finalizers\":tftypes.List[tftypes.String], \"generateName\":tftypes.String, \"generation\":tftypes.Number, \"labels\":tftypes.Map[tftypes.String], \"managedFields\":tftypes.Tuple[tftypes.Object[\"apiVersion\":tftypes.String, \"fieldsType\":tftypes.String, \"fieldsV1\":tftypes.DynamicPseudoType, \"manager\":tftypes.String, \"operation\":tftypes.String, \"subresource\":tftypes.String, \"time\":tftypes.String]], \"name\":tftypes.String, \"namespace\":tftypes.String, \"ownerReferences\":tftypes.List[tftypes.Object[\"apiVersion\":tftypes.String, \"blockOwnerDeletion\":tftypes.Bool, \"controller\":tftypes.Bool, \"kind\":tftypes.String, \"name\":tftypes.String, \"uid\":tftypes.String]], \"resourceVersion\":tftypes.String, \"selfLink\":tftypes.String, \"uid\":tftypes.String]<\"annotations\":tftypes.Map[tftypes.String]<null>, \"creationTimestamp\":tftypes.String<null>, \"deletionGracePeriodSeconds\":tftypes.Number<null>, \"deletionTimestamp\":tftypes.String<null>, \"finalizers\":tftypes.List[tftypes.String]<null>, \"generateName\":tftypes.String<null>, \"generation\":tftypes.Number<null>, \"labels\":tftypes.Map[tftypes.String]<null>, \"managedFields\":tftypes.Tuple[tftypes.Object[\"apiVersion\":tftypes.String, \"fieldsType\":tftypes.String, \"fieldsV1\":tftypes.DynamicPseudoType, \"manager\":tftypes.String, \"operation\":tftypes.String, \"subresource\":tftypes.String, \"time\":tftypes.String]]<null>, \"name\":tftypes.String<\"grafana\">, \"namespace\":tftypes.String<\"monitoring\">, \"ownerReferences\":tftypes.List[tftypes.Object[\"apiVersion\":tftypes.String, \"blockOwnerDeletion\":tftypes.Bool, \"controller\":tftypes.Bool, \"kind\":tftypes.String, \"name\":tftypes.String, \"uid\":tftypes.String]]<null>, \"resourceVersion\":tftypes.String<null>, \"selfLink\":tftypes.String<null>, \"uid\":tftypes.String<null>>, \"spec\":tftypes.Object[\"allocateLoadBalancerNodePorts\":tftypes.Bool, \"clusterIP\":tftypes.String, \"clusterIPs\":tftypes.List[tftypes.String], \"externalIPs\":tftypes.List[tftypes.String], \"externalName\":tftypes.String, \"externalTrafficPolicy\":tftypes.String, \"healthCheckNodePort\":tftypes.Number, \"internalTrafficPolicy\":tftypes.String, \"ipFamilies\":tftypes.List[tftypes.String], \"ipFamilyPolicy\":tftypes.String, \"loadBalancerClass\":tftypes.String, \"loadBalancerIP\":tftypes.String, \"loadBalancerSourceRanges\":tftypes.List[tftypes.String], \"ports\":tftypes.List[tftypes.Object[\"appProtocol\":tftypes.String, \"name\":tftypes.String, \"nodePort\":tftypes.Number, \"port\":tftypes.Number, \"protocol\":tftypes.String, \"targetPort\":tftypes.String]], \"publishNotReadyAddresses\":tftypes.Bool, \"selector\":tftypes.Map[tftypes.String], \"sessionAffinity\":tftypes.String, \"sessionAffinityConfig\":tftypes.Object[\"clientIP\":tftypes.Object[\"timeoutSeconds\":tftypes.Number]], \"trafficDistribution\":tftypes.String, \"type\":tftypes.String]<\"allocateLoadBalancerNodePorts\":tftypes.Bool<null>, \"clusterIP\":tftypes.String<null>, \"clusterIPs\":tftypes.List[tftypes.String]<null>, \"externalIPs\":tftypes.List[tftypes.String]<null>, \"externalName\":tftypes.String<null>, \"externalTrafficPolicy\":tftypes.String<null>, \"healthCheckNodePort\":tftypes.Number<null>, \"internalTrafficPolicy\":tftypes.String<null>, \"ipFamilies\":tftypes.List[tftypes.String]<null>, \"ipFamilyPolicy\":tftypes.String<null>, \"loadBalancerClass\":tftypes.String<null>, \"loadBalancerIP\":tftypes.String<null>, \"loadBalancerSourceRanges\":tftypes.List[tftypes.String]<null>, \"ports\":tftypes.List[tftypes.Object[\"appProtocol\":tftypes.String, \"name\":tftypes.String, \"nodePort\":tftypes.Number, \"port\":tftypes.Number, \"protocol\":tftypes.String, \"targetPort\":tftypes.String]]<tftypes.Object[\"appProtocol\":tftypes.String, \"name\":tftypes.String, \"nodePort\":tftypes.Number, \"port\":tftypes.Number, \"protocol\":tftypes.String, \"targetPort\":tftypes.String]<\"appProtocol\":tftypes.String<null>, \"name\":tftypes.String<null>, \"nodePort\":tftypes.Number<null>, \"port\":tftypes.Number<\"80\">, \"protocol\":tftypes.String<\"TCP\">, \"targetPort\":tftypes.String<\"80\">>>, \"publishNotReadyAddresses\":tftypes.Bool<null>, \"selector\":tftypes.Map[tftypes.String]<\"app\":tftypes.String<\"grafana\">>, \"sessionAffinity\":tftypes.String<null>, \"sessionAffinityConfig\":tftypes.Object[\"clientIP\":tftypes.Object[\"timeoutSeconds\":tftypes.Number]]<null>, \"trafficDistribution\":tftypes.String<null>, \"type\":tftypes.String<\"LoadBalancer\">>>"
2025-11-16T15:56:41.752Z [DEBUG] provider.terraform-provider-kubernetes_v2.38.0_x5: 2025-11-16T15:56:41.751Z [DEBUG] [PlanResourceChange]: backfilled manifest="tftypes.Object[\"apiVersion\":tftypes.String, \"kind\":tftypes.String, \"metadata\":tftypes.Object[\"annotations\":tftypes.Map[tftypes.String], \"creationTimestamp\":tftypes.String, \"deletionGracePeriodSeconds\":tftypes.Number, \"deletionTimestamp\":tftypes.String, \"finalizers\":tftypes.List[tftypes.String], \"generateName\":tftypes.String, \"generation\":tftypes.Number, \"labels\":tftypes.Map[tftypes.String], \"managedFields\":tftypes.Tuple[tftypes.Object[\"apiVersion\":tftypes.String, \"fieldsType\":tftypes.String, \"fieldsV1\":tftypes.DynamicPseudoType, \"manager\":tftypes.String, \"operation\":tftypes.String, \"subresource\":tftypes.String, \"time\":tftypes.String]], \"name\":tftypes.String, \"namespace\":tftypes.String, \"ownerReferences\":tftypes.List[tftypes.Object[\"apiVersion\":tftypes.String, \"blockOwnerDeletion\":tftypes.Bool, \"controller\":tftypes.Bool, \"kind\":tftypes.String, \"name\":tftypes.String, \"uid\":tftypes.String]], \"resourceVersion\":tftypes.String, \"selfLink\":tftypes.String, \"uid\":tftypes.String], \"spec\":tftypes.Object[\"allocateLoadBalancerNodePorts\":tftypes.Bool, \"clusterIP\":tftypes.String, \"clusterIPs\":tftypes.List[tftypes.String], \"externalIPs\":tftypes.List[tftypes.String], \"externalName\":tftypes.String, \"externalTrafficPolicy\":tftypes.String, \"healthCheckNodePort\":tftypes.Number, \"internalTrafficPolicy\":tftypes.String, \"ipFamilies\":tftypes.List[tftypes.String], \"ipFamilyPolicy\":tftypes.String, \"loadBalancerClass\":tftypes.String, \"loadBalancerIP\":tftypes.String, \"loadBalancerSourceRanges\":tftypes.List[tftypes.String], \"ports\":tftypes.List[tftypes.Object[\"appProtocol\":tftypes.String, \"name\":tftypes.String, \"nodePort\":tftypes.Number, \"port\":tftypes.Number, \"protocol\":tftypes.String, \"targetPort\":tftypes.String]], \"publishNotReadyAddresses\":tftypes.Bool, \"selector\":tftypes.Map[tftypes.String], \"sessionAffinity\":tftypes.String, \"sessionAffinityConfig\":tftypes.Object[\"clientIP\":tftypes.Object[\"timeoutSeconds\":tftypes.Number]], \"trafficDistribution\":tftypes.String, \"type\":tftypes.String]]<\"apiVersion\":tftypes.String<\"v1\">, \"kind\":tftypes.String<\"Service\">, \"metadata\":tftypes.Object[\"annotations\":tftypes.Map[tftypes.String], \"creationTimestamp\":tftypes.String, \"deletionGracePeriodSeconds\":tftypes.Number, \"deletionTimestamp\":tftypes.String, \"finalizers\":tftypes.List[tftypes.String], \"generateName\":tftypes.String, \"generation\":tftypes.Number, \"labels\":tftypes.Map[tftypes.String], \"managedFields\":tftypes.Tuple[tftypes.Object[\"apiVersion\":tftypes.String, \"fieldsType\":tftypes.String, \"fieldsV1\":tftypes.DynamicPseudoType, \"manager\":tftypes.String, \"operation\":tftypes.String, \"subresource\":tftypes.String, \"time\":tftypes.String]], \"name\":tftypes.String, \"namespace\":tftypes.String, \"ownerReferences\":tftypes.List[tftypes.Object[\"apiVersion\":tftypes.String, \"blockOwnerDeletion\":tftypes.Bool, \"controller\":tftypes.Bool, \"kind\":tftypes.String, \"name\":tftypes.String, \"uid\":tftypes.String]], \"resourceVersion\":tftypes.String, \"selfLink\":tftypes.String, \"uid\":tftypes.String]<\"annotations\":tftypes.Map[tftypes.String]<unknown>, \"creationTimestamp\":tftypes.String<unknown>, \"deletionGracePeriodSeconds\":tftypes.Number<unknown>, \"deletionTimestamp\":tftypes.String<unknown>, \"finalizers\":tftypes.List[tftypes.String]<unknown>, \"generateName\":tftypes.String<unknown>, \"generation\":tftypes.Number<unknown>, \"labels\":tftypes.Map[tftypes.String]<unknown>, \"managedFields\":tftypes.Tuple[tftypes.Object[\"apiVersion\":tftypes.String, \"fieldsType\":tftypes.String, \"fieldsV1\":tftypes.DynamicPseudoType, \"manager\":tftypes.String, \"operation\":tftypes.String, \"subresource\":tftypes.String, \"time\":tftypes.String]]<unknown>, \"name\":tftypes.String<\"grafana\">, \"namespace\":tftypes.String<\"monitoring\">, \"ownerReferences\":tftypes.List[tftypes.Object[\"apiVersion\":tftypes.String, \"blockOwnerDeletion\":tftypes.Bool, \"controller\":tftypes.Bool, \"kind\":tftypes.String, \"name\":tftypes.String, \"uid\":tftypes.String]]<unknown>, \"resourceVersion\":tftypes.String<unknown>, \"selfLink\":tftypes.String<unknown>, \"uid\":tftypes.String<unknown>>, \"spec\":tftypes.Object[\"allocateLoadBalancerNodePorts\":tftypes.Bool, \"clusterIP\":tftypes.String, \"clusterIPs\":tftypes.List[tftypes.String], \"externalIPs\":tftypes.List[tftypes.String], \"externalName\":tftypes.String, \"externalTrafficPolicy\":tftypes.String, \"healthCheckNodePort\":tftypes.Number, \"internalTrafficPolicy\":tftypes.String, \"ipFamilies\":tftypes.List[tftypes.String], \"ipFamilyPolicy\":tftypes.String, \"loadBalancerClass\":tftypes.String, \"loadBalancerIP\":tftypes.String, \"loadBalancerSourceRanges\":tftypes.List[tftypes.String], \"ports\":tftypes.List[tftypes.Object[\"appProtocol\":tftypes.String, \"name\":tftypes.String, \"nodePort\":tftypes.Number, \"port\":tftypes.Number, \"protocol\":tftypes.String, \"targetPort\":tftypes.String]], \"publishNotReadyAddresses\":tftypes.Bool, \"selector\":tftypes.Map[tftypes.String], \"sessionAffinity\":tftypes.String, \"sessionAffinityConfig\":tftypes.Object[\"clientIP\":tftypes.Object[\"timeoutSeconds\":tftypes.Number]], \"trafficDistribution\":tftypes.String, \"type\":tftypes.String]<\"allocateLoadBalancerNodePorts\":tftypes.Bool<unknown>, \"clusterIP\":tftypes.String<unknown>, \"clusterIPs\":tftypes.List[tftypes.String]<unknown>, \"externalIPs\":tftypes.List[tftypes.String]<unknown>, \"externalName\":tftypes.String<unknown>, \"externalTrafficPolicy\":tftypes.String<unknown>, \"healthCheckNodePort\":tftypes.Number<unknown>, \"internalTrafficPolicy\":tftypes.String<unknown>, \"ipFamilies\":tftypes.List[tftypes.String]<unknown>, \"ipFamilyPolicy\":tftypes.String<unknown>, \"loadBalancerClass\":tftypes.String<unknown>, \"loadBalancerIP\":tftypes.String<unknown>, \"loadBalancerSourceRanges\":tftypes.List[tftypes.String]<unknown>, \"ports\":tftypes.List[tftypes.Object[\"appProtocol\":tftypes.String, \"name\":tftypes.String, \"nodePort\":tftypes.Number, \"port\":tftypes.Number, \"protocol\":tftypes.String, \"targetPort\":tftypes.String]]<tftypes.Object[\"appProtocol\":tftypes.String, \"name\":tftypes.String, \"nodePort\":tftypes.Number, \"port\":tftypes.Number, \"protocol\":tftypes.String, \"targetPort\":tftypes.String]<\"appProtocol\":tftypes.String<unknown>, \"name\":tftypes.String<unknown>, \"nodePort\":tftypes.Number<unknown>, \"port\":tftypes.Number<\"80\">, \"protocol\":tftypes.String<\"TCP\">, \"targetPort\":tftypes.String<\"80\">>>, \"publishNotReadyAddresses\":tftypes.Bool<unknown>, \"selector\":tftypes.Map[tftypes.String]<\"app\":tftypes.String<\"grafana\">>, \"sessionAffinity\":tftypes.String<unknown>, \"sessionAffinityConfig\":tftypes.Object[\"clientIP\":tftypes.Object[\"timeoutSeconds\":tftypes.Number]]<\"clientIP\":tftypes.Object[\"timeoutSeconds\":tftypes.Number]<\"timeoutSeconds\":tftypes.Number<unknown>>>, \"trafficDistribution\":tftypes.String<unknown>, \"type\":tftypes.String<\"LoadBalancer\">>>"
2025-11-16T15:56:41.756Z [DEBUG] provider.stdio: received EOF, stopping recv loop: err="rpc error: code = Unavailable desc = error reading from server: EOF"
2025-11-16T15:56:41.774Z [INFO]  provider: plugin process exited: plugin=.terraform/providers/registry.terraform.io/hashicorp/kubernetes/2.38.0/linux_amd64/terraform-provider-kubernetes_v2.38.0_x5 id=172829
2025-11-16T15:56:41.774Z [DEBUG] provider: plugin exited
2025-11-16T15:56:41.774Z [DEBUG] building apply graph to check for errors
2025-11-16T15:56:41.775Z [DEBUG] Resource state not found for node "kubernetes_ingress.monitoring_ingress", instance kubernetes_ingress.monitoring_ingress
2025-11-16T15:56:41.775Z [DEBUG] Resource state not found for node "helm_release.kps", instance helm_release.kps
2025-11-16T15:56:41.775Z [DEBUG] ProviderTransformer: "helm_release.kps (expand)" (*terraform.nodeExpandApplyableResource) needs provider["registry.terraform.io/hashicorp/helm"]
2025-11-16T15:56:41.775Z [DEBUG] ProviderTransformer: "kubernetes_ingress.monitoring_ingress" (*terraform.NodeApplyableResourceInstance) needs provider["registry.terraform.io/hashicorp/kubernetes"]
2025-11-16T15:56:41.775Z [DEBUG] ProviderTransformer: "helm_release.kps" (*terraform.NodeApplyableResourceInstance) needs provider["registry.terraform.io/hashicorp/helm"]
2025-11-16T15:56:41.775Z [DEBUG] ProviderTransformer: "kubernetes_namespace.monitoring (expand)" (*terraform.nodeExpandApplyableResource) needs provider["registry.terraform.io/hashicorp/kubernetes"]
2025-11-16T15:56:41.775Z [DEBUG] ProviderTransformer: "kubernetes_manifest.prometheus_service (expand)" (*terraform.nodeExpandApplyableResource) needs provider["registry.terraform.io/hashicorp/kubernetes"]
2025-11-16T15:56:41.775Z [DEBUG] ProviderTransformer: "kubernetes_ingress.monitoring_ingress (expand)" (*terraform.nodeExpandApplyableResource) needs provider["registry.terraform.io/hashicorp/kubernetes"]
2025-11-16T15:56:41.775Z [DEBUG] ProviderTransformer: "kubernetes_manifest.grafana_service (expand)" (*terraform.nodeExpandApplyableResource) needs provider["registry.terraform.io/hashicorp/kubernetes"]
2025-11-16T15:56:41.775Z [DEBUG] ReferenceTransformer: "kubernetes_ingress.monitoring_ingress" references: []
2025-11-16T15:56:41.775Z [DEBUG] ReferenceTransformer: "helm_release.kps" references: [kubernetes_namespace.monitoring (expand) kubernetes_namespace.monitoring (expand)]
2025-11-16T15:56:41.775Z [DEBUG] ReferenceTransformer: "provider[\"registry.terraform.io/hashicorp/kubernetes\"]" references: []
2025-11-16T15:56:41.775Z [DEBUG] ReferenceTransformer: "provider[\"registry.terraform.io/hashicorp/helm\"]" references: []
2025-11-16T15:56:41.775Z [DEBUG] ReferenceTransformer: "helm_release.kps (expand)" references: [kubernetes_namespace.monitoring (expand) kubernetes_namespace.monitoring (expand)]
2025-11-16T15:56:41.775Z [DEBUG] ReferenceTransformer: "output.prometheus_url (expand)" references: []
2025-11-16T15:56:41.776Z [DEBUG] ReferenceTransformer: "kubernetes_ingress.monitoring_ingress (expand)" references: []
2025-11-16T15:56:41.776Z [DEBUG] ReferenceTransformer: "kubernetes_manifest.grafana_service (expand)" references: []
2025-11-16T15:56:41.776Z [DEBUG] ReferenceTransformer: "output.grafana_infos (expand)" references: []
2025-11-16T15:56:41.776Z [DEBUG] ReferenceTransformer: "kubernetes_namespace.monitoring (expand)" references: []
2025-11-16T15:56:41.776Z [DEBUG] ReferenceTransformer: "kubernetes_manifest.prometheus_service (expand)" references: []
2025-11-16T15:56:41.776Z [DEBUG] pruneUnusedNodes: kubernetes_manifest.grafana_service (expand) is no longer needed, removing
2025-11-16T15:56:41.776Z [DEBUG] pruneUnusedNodes: kubernetes_manifest.prometheus_service (expand) is no longer needed, removing
2025-11-16T15:56:41.798Z [INFO]  backend/local: apply calling Apply
2025-11-16T15:56:41.798Z [DEBUG] Building and walking apply graph for NormalMode plan
2025-11-16T15:56:41.799Z [DEBUG] Resource state not found for node "kubernetes_ingress.monitoring_ingress", instance kubernetes_ingress.monitoring_ingress
2025-11-16T15:56:41.799Z [DEBUG] Resource state not found for node "helm_release.kps", instance helm_release.kps
2025-11-16T15:56:41.799Z [DEBUG] ProviderTransformer: "kubernetes_ingress.monitoring_ingress (expand)" (*terraform.nodeExpandApplyableResource) needs provider["registry.terraform.io/hashicorp/kubernetes"]
2025-11-16T15:56:41.799Z [DEBUG] ProviderTransformer: "helm_release.kps (expand)" (*terraform.nodeExpandApplyableResource) needs provider["registry.terraform.io/hashicorp/helm"]
2025-11-16T15:56:41.800Z [DEBUG] ProviderTransformer: "kubernetes_manifest.prometheus_service (expand)" (*terraform.nodeExpandApplyableResource) needs provider["registry.terraform.io/hashicorp/kubernetes"]
2025-11-16T15:56:41.800Z [DEBUG] ProviderTransformer: "kubernetes_manifest.grafana_service (expand)" (*terraform.nodeExpandApplyableResource) needs provider["registry.terraform.io/hashicorp/kubernetes"]
2025-11-16T15:56:41.800Z [DEBUG] ProviderTransformer: "kubernetes_ingress.monitoring_ingress" (*terraform.NodeApplyableResourceInstance) needs provider["registry.terraform.io/hashicorp/kubernetes"]
2025-11-16T15:56:41.800Z [DEBUG] ProviderTransformer: "helm_release.kps" (*terraform.NodeApplyableResourceInstance) needs provider["registry.terraform.io/hashicorp/helm"]
2025-11-16T15:56:41.800Z [DEBUG] ProviderTransformer: "kubernetes_namespace.monitoring (expand)" (*terraform.nodeExpandApplyableResource) needs provider["registry.terraform.io/hashicorp/kubernetes"]
2025-11-16T15:56:41.801Z [DEBUG] ReferenceTransformer: "kubernetes_ingress.monitoring_ingress" references: []
2025-11-16T15:56:41.801Z [DEBUG] ReferenceTransformer: "helm_release.kps" references: [kubernetes_namespace.monitoring (expand) kubernetes_namespace.monitoring (expand)]
2025-11-16T15:56:41.801Z [DEBUG] ReferenceTransformer: "provider[\"registry.terraform.io/hashicorp/kubernetes\"]" references: []
2025-11-16T15:56:41.801Z [DEBUG] ReferenceTransformer: "provider[\"registry.terraform.io/hashicorp/helm\"]" references: []
2025-11-16T15:56:41.801Z [DEBUG] ReferenceTransformer: "kubernetes_manifest.prometheus_service (expand)" references: []
2025-11-16T15:56:41.801Z [DEBUG] ReferenceTransformer: "kubernetes_manifest.grafana_service (expand)" references: []
2025-11-16T15:56:41.801Z [DEBUG] ReferenceTransformer: "output.grafana_infos (expand)" references: []
2025-11-16T15:56:41.801Z [DEBUG] ReferenceTransformer: "output.prometheus_url (expand)" references: []
2025-11-16T15:56:41.801Z [DEBUG] ReferenceTransformer: "kubernetes_namespace.monitoring (expand)" references: []
2025-11-16T15:56:41.801Z [DEBUG] ReferenceTransformer: "kubernetes_ingress.monitoring_ingress (expand)" references: []
2025-11-16T15:56:41.802Z [DEBUG] ReferenceTransformer: "helm_release.kps (expand)" references: [kubernetes_namespace.monitoring (expand) kubernetes_namespace.monitoring (expand)]
2025-11-16T15:56:41.802Z [DEBUG] pruneUnusedNodes: kubernetes_manifest.prometheus_service (expand) is no longer needed, removing
2025-11-16T15:56:41.802Z [DEBUG] pruneUnusedNodes: kubernetes_manifest.grafana_service (expand) is no longer needed, removing
2025-11-16T15:56:41.803Z [DEBUG] Starting graph walk: walkApply
2025-11-16T15:56:41.803Z [DEBUG] created provider logger: level=debug
2025-11-16T15:56:41.803Z [INFO]  provider: configuring client automatic mTLS
2025-11-16T15:56:41.811Z [DEBUG] provider: starting plugin: path=.terraform/providers/registry.terraform.io/hashicorp/helm/2.17.0/linux_amd64/terraform-provider-helm_v2.17.0_x5 args=[".terraform/providers/registry.terraform.io/hashicorp/helm/2.17.0/linux_amd64/terraform-provider-helm_v2.17.0_x5"]
2025-11-16T15:56:41.811Z [DEBUG] provider: plugin started: path=.terraform/providers/registry.terraform.io/hashicorp/helm/2.17.0/linux_amd64/terraform-provider-helm_v2.17.0_x5 pid=172839
2025-11-16T15:56:41.811Z [DEBUG] provider: waiting for RPC address: plugin=.terraform/providers/registry.terraform.io/hashicorp/helm/2.17.0/linux_amd64/terraform-provider-helm_v2.17.0_x5
2025-11-16T15:56:41.835Z [INFO]  provider.terraform-provider-helm_v2.17.0_x5: configuring server automatic mTLS: timestamp=2025-11-16T15:56:41.835Z
2025-11-16T15:56:41.854Z [DEBUG] provider: using plugin: version=5
2025-11-16T15:56:41.854Z [DEBUG] provider.terraform-provider-helm_v2.17.0_x5: plugin address: address=/tmp/plugin3949130058 network=unix timestamp=2025-11-16T15:56:41.854Z
2025-11-16T15:56:41.871Z [DEBUG] created provider logger: level=debug
2025-11-16T15:56:41.872Z [INFO]  provider: configuring client automatic mTLS
2025-11-16T15:56:41.874Z [WARN]  ValidateProviderConfig from "provider[\"registry.terraform.io/hashicorp/helm\"]" changed the config value, but that value is unused
2025-11-16T15:56:41.879Z [DEBUG] provider: starting plugin: path=.terraform/providers/registry.terraform.io/hashicorp/kubernetes/2.38.0/linux_amd64/terraform-provider-kubernetes_v2.38.0_x5 args=[".terraform/providers/registry.terraform.io/hashicorp/kubernetes/2.38.0/linux_amd64/terraform-provider-kubernetes_v2.38.0_x5"]
2025-11-16T15:56:41.879Z [DEBUG] provider: plugin started: path=.terraform/providers/registry.terraform.io/hashicorp/kubernetes/2.38.0/linux_amd64/terraform-provider-kubernetes_v2.38.0_x5 pid=172847
2025-11-16T15:56:41.880Z [DEBUG] provider: waiting for RPC address: plugin=.terraform/providers/registry.terraform.io/hashicorp/kubernetes/2.38.0/linux_amd64/terraform-provider-kubernetes_v2.38.0_x5
2025-11-16T15:56:41.929Z [INFO]  provider.terraform-provider-kubernetes_v2.38.0_x5: configuring server automatic mTLS: timestamp=2025-11-16T15:56:41.929Z
2025-11-16T15:56:41.947Z [DEBUG] provider: using plugin: version=5
2025-11-16T15:56:41.947Z [DEBUG] provider.terraform-provider-kubernetes_v2.38.0_x5: plugin address: address=/tmp/plugin2983160384 network=unix timestamp=2025-11-16T15:56:41.946Z
2025-11-16T15:56:41.964Z [INFO]  provider.terraform-provider-helm_v2.17.0_x5: 2025/11/16 15:56:41 [DEBUG] Experiments enabled: []: timestamp=2025-11-16T15:56:41.964Z
2025-11-16T15:56:41.982Z [DEBUG] provider.terraform-provider-kubernetes_v2.38.0_x5: 2025/11/16 15:56:41 [DEBUG] Using kubeconfig: /root/.kube/config
2025-11-16T15:56:41.983Z [DEBUG] provider.terraform-provider-kubernetes_v2.38.0_x5: 2025/11/16 15:56:41 [DEBUG] Enabling HTTP requests/responses tracing
2025-11-16T15:56:41.994Z [INFO]  provider.terraform-provider-helm_v2.17.0_x5: 2025/11/16 15:56:41 [DEBUG] [resourceDiff: kube-prometheus-stack] Start: timestamp=2025-11-16T15:56:41.993Z
2025-11-16T15:56:41.994Z [INFO]  provider.terraform-provider-helm_v2.17.0_x5: 2025/11/16 15:56:41 [DEBUG] [resourceDiff: kube-prometheus-stack] upgrade_install is enabled: false: timestamp=2025-11-16T15:56:41.993Z
2025-11-16T15:56:41.994Z [INFO]  provider.terraform-provider-helm_v2.17.0_x5: 2025/11/16 15:56:41 [DEBUG] [resourceDiff: kube-prometheus-stack] targetVersion for release kube-prometheus-stack: '60.3.0': timestamp=2025-11-16T15:56:41.993Z
2025-11-16T15:56:41.994Z [INFO]  provider.terraform-provider-helm_v2.17.0_x5: 2025/11/16 15:56:41 [DEBUG] [INFO] GetHelmConfiguration start: timestamp=2025-11-16T15:56:41.993Z
2025-11-16T15:56:41.994Z [INFO]  provider.terraform-provider-helm_v2.17.0_x5: 2025/11/16 15:56:41 [DEBUG] Using kubeconfig: /root/.kube/config: timestamp=2025-11-16T15:56:41.993Z
2025-11-16T15:56:41.994Z [INFO]  provider.terraform-provider-helm_v2.17.0_x5: 2025/11/16 15:56:41 [INFO] Successfully initialized kubernetes config: timestamp=2025-11-16T15:56:41.993Z
2025-11-16T15:56:41.995Z [INFO]  provider.terraform-provider-helm_v2.17.0_x5: 2025/11/16 15:56:41 [DEBUG] [INFO] GetHelmConfiguration success: timestamp=2025-11-16T15:56:41.994Z
2025-11-16T15:56:41.995Z [INFO]  Starting apply for kubernetes_ingress.monitoring_ingress
2025-11-16T15:56:41.996Z [DEBUG] kubernetes_ingress.monitoring_ingress: applying the planned Create change
2025-11-16T15:56:41.999Z [DEBUG] provider.terraform-provider-kubernetes_v2.38.0_x5: 2025/11/16 15:56:41 [DEBUG] setting computed for "status" from ComputedKeys
2025-11-16T15:56:42.000Z [DEBUG] provider.terraform-provider-kubernetes_v2.38.0_x5: 2025/11/16 15:56:42 [INFO] Creating new ingress: &v1beta1.Ingress{TypeMeta:v1.TypeMeta{Kind:"", APIVersion:""}, ObjectMeta:v1.ObjectMeta{Name:"monitoring-ingress", GenerateName:"", Namespace:"monitoring", SelfLink:"", UID:"", ResourceVersion:"", Generation:0, CreationTimestamp:time.Date(1, time.January, 1, 0, 0, 0, 0, time.UTC), DeletionTimestamp:<nil>, DeletionGracePeriodSeconds:(*int64)(nil), Labels:map[string]string(nil), Annotations:map[string]string(nil), OwnerReferences:[]v1.OwnerReference(nil), Finalizers:[]string(nil), ManagedFields:[]v1.ManagedFieldsEntry(nil)}, Spec:v1beta1.IngressSpec{IngressClassName:(*string)(nil), Backend:(*v1beta1.IngressBackend)(nil), TLS:[]v1beta1.IngressTLS{v1beta1.IngressTLS{Hosts:[]string{"prometheus.nudger.logo-solutions.fr", "grafana.nudger.logo-solutions.fr"}, SecretName:"monitoring-tls-secret"}}, Rules:[]v1beta1.IngressRule{v1beta1.IngressRule{Host:"prometheus.nudger.logo-solutions.fr", IngressRuleValue:v1beta1.IngressRuleValue{HTTP:(*v1beta1.HTTPIngressRuleValue)(0xc0013124c8)}}, v1beta1.IngressRule{Host:"grafana.nudger.logo-solutions.fr", IngressRuleValue:v1beta1.IngressRuleValue{HTTP:(*v1beta1.HTTPIngressRuleValue)(0xc0013124e0)}}}}, Status:v1beta1.IngressStatus{LoadBalancer:v1beta1.IngressLoadBalancerStatus{Ingress:[]v1beta1.IngressLoadBalancerIngress(nil)}}}
2025-11-16T15:56:42.001Z [DEBUG] provider.terraform-provider-kubernetes_v2.38.0_x5: Sending HTTP Request: @caller=github.com/hashicorp/terraform-plugin-sdk/v2@v2.37.0/helper/logging/logging_http_transport.go:160 Accept="application/json, */*" Host=91.98.16.184:6443 tf_http_op_type=request tf_http_req_uri=/apis/extensions/v1beta1/namespaces/monitoring/ingresses tf_http_req_body="{\"kind\":\"Ingress\",\"apiVersion\":\"extensions/v1beta1\",\"metadata\":{\"name\":\"monitoring-ingress\",\"namespace\":\"monitoring\",\"creationTimestamp\":null},\"spec\":{\"tls\":[{\"hosts\":[\"prometheus.nudger.logo-solutions.fr\",\"grafana.nudger.logo-solutions.fr\"],\"secretName\":\"monitoring-tls-secret\"}],\"rules\":[{\"host\":\"prometheus.nudger.logo-solutions.fr\",\"http\":{\"paths\":[{\"path\":\"/\",\"backend\":{\"serviceName\":\"kube-prometheus-stack-prometheus\",\"servicePort\":9090}}]}},{\"host\":\"grafana.nudger.logo-solutions.fr\",\"http\":{\"paths\":[{\"path\":\"/\",\"backend\":{\"serviceName\":\"kube-prometheus-stack-grafana\",\"servicePort\":80}}]}}]},\"status\":{\"loadBalancer\":{}}}" tf_http_req_method=POST @module=kubernetes.Kubernetes Content-Length=632 Content-Type=application/json User-Agent="HashiCorp/1.0 Terraform/1.9.8" tf_http_req_version=HTTP/1.1 Accept-Encoding=gzip new_logger_warning="This log was generated by a subsystem logger that wasn't created before being used. Use tflog.NewSubsystem to create this logger before it is used." tf_http_trans_id=9988a728-e57b-cffc-239b-b243e6492af7 timestamp=2025-11-16T15:56:42.001Z
2025-11-16T15:56:42.082Z [DEBUG] provider.terraform-provider-kubernetes_v2.38.0_x5: Received HTTP Response: Audit-Id=daa8c600-7525-4a7e-b322-24dd163f49c4 X-Content-Type-Options=nosniff new_logger_warning="This log was generated by a subsystem logger that wasn't created before being used. Use tflog.NewSubsystem to create this logger before it is used." tf_http_res_status_reason="404 Not Found" @module=kubernetes.Kubernetes Content-Length=19 X-Kubernetes-Pf-Flowschema-Uid=24ef9050-0ff9-4e4e-b810-9e682b32e548 tf_http_res_status_code=404 tf_http_trans_id=9988a728-e57b-cffc-239b-b243e6492af7 @caller=github.com/hashicorp/terraform-plugin-sdk/v2@v2.37.0/helper/logging/logging_http_transport.go:160
  tf_http_res_body=
  | 404 page not found
   tf_http_res_version=HTTP/2.0 Cache-Control="no-cache, private" Content-Type="text/plain; charset=utf-8" tf_http_op_type=response Date="Sun, 16 Nov 2025 15:56:42 GMT" X-Kubernetes-Pf-Prioritylevel-Uid=debe343a-fda0-4702-9e46-7980016434a2 timestamp=2025-11-16T15:56:42.082Z
2025-11-16T15:56:42.082Z [ERROR] provider.terraform-provider-kubernetes_v2.38.0_x5: Response contains error diagnostic: diagnostic_severity=ERROR diagnostic_summary="Failed to create Ingress 'monitoring/monitoring-ingress' because: the server could not find the requested resource (post ingresses.extensions)" tf_provider_addr=registry.terraform.io/hashicorp/kubernetes tf_resource_type=kubernetes_ingress @caller=github.com/hashicorp/terraform-plugin-go@v0.27.0/tfprotov5/internal/diag/diagnostics.go:58 @module=sdk.proto diagnostic_detail="" tf_proto_version=5.9 tf_req_id=ebfde801-c746-1458-e28c-ac223584a9c1 tf_rpc=ApplyResourceChange timestamp=2025-11-16T15:56:42.082Z
2025-11-16T15:56:42.090Z [DEBUG] State storage *statemgr.Filesystem declined to persist a state snapshot
2025-11-16T15:56:42.090Z [ERROR] vertex "kubernetes_ingress.monitoring_ingress" error: Failed to create Ingress 'monitoring/monitoring-ingress' because: the server could not find the requested resource (post ingresses.extensions)
2025-11-16T15:56:44.051Z [INFO]  provider.terraform-provider-helm_v2.17.0_x5: 2025/11/16 15:56:44 [DEBUG] [resourceDiff: kube-prometheus-stack] Got chart kube-prometheus-stack version 60.3.0: timestamp=2025-11-16T15:56:44.051Z
2025-11-16T15:56:44.051Z [INFO]  provider.terraform-provider-helm_v2.17.0_x5: 2025/11/16 15:56:44 [DEBUG] [resourceDiff: kube-prometheus-stack] Release validated: timestamp=2025-11-16T15:56:44.051Z
2025-11-16T15:56:44.051Z [INFO]  provider.terraform-provider-helm_v2.17.0_x5: 2025/11/16 15:56:44 [DEBUG] [resourceDiff: kube-prometheus-stack] setting version to 60.3.0: timestamp=2025-11-16T15:56:44.051Z
2025-11-16T15:56:44.051Z [INFO]  provider.terraform-provider-helm_v2.17.0_x5: 2025/11/16 15:56:44 [DEBUG] [resourceDiff: kube-prometheus-stack] Done: timestamp=2025-11-16T15:56:44.051Z
2025-11-16T15:56:44.052Z [WARN]  Provider "registry.terraform.io/hashicorp/helm" produced an invalid plan for helm_release.kps, but we are tolerating it because it is using the legacy plugin SDK.
    The following problems may be the cause of any confusing errors from downstream operations:
      - .replace: planned value cty.False for a non-computed attribute
      - .reuse_values: planned value cty.False for a non-computed attribute
      - .create_namespace: planned value cty.False for a non-computed attribute
      - .disable_webhooks: planned value cty.False for a non-computed attribute
      - .lint: planned value cty.False for a non-computed attribute
      - .render_subchart_notes: planned value cty.True for a non-computed attribute
      - .wait: planned value cty.True for a non-computed attribute
      - .wait_for_jobs: planned value cty.False for a non-computed attribute
      - .disable_openapi_validation: planned value cty.False for a non-computed attribute
      - .max_history: planned value cty.NumberIntVal(0) for a non-computed attribute
      - .skip_crds: planned value cty.False for a non-computed attribute
      - .recreate_pods: planned value cty.False for a non-computed attribute
      - .reset_values: planned value cty.False for a non-computed attribute
      - .verify: planned value cty.False for a non-computed attribute
      - .atomic: planned value cty.False for a non-computed attribute
      - .dependency_update: planned value cty.False for a non-computed attribute
      - .pass_credentials: planned value cty.False for a non-computed attribute
      - .timeout: planned value cty.NumberIntVal(300) for a non-computed attribute
      - .disable_crd_hooks: planned value cty.False for a non-computed attribute
      - .force_update: planned value cty.False for a non-computed attribute
2025-11-16T15:56:44.053Z [INFO]  Starting apply for helm_release.kps
2025-11-16T15:56:44.053Z [DEBUG] helm_release.kps: applying the planned Create change
2025-11-16T15:56:44.055Z [INFO]  provider.terraform-provider-helm_v2.17.0_x5: 2025/11/16 15:56:44 [DEBUG] setting computed for "metadata" from ComputedKeys: timestamp=2025-11-16T15:56:44.055Z
2025-11-16T15:56:44.055Z [INFO]  provider.terraform-provider-helm_v2.17.0_x5: 2025/11/16 15:56:44 [DEBUG] [resourceReleaseCreate: kube-prometheus-stack] Started: timestamp=2025-11-16T15:56:44.055Z
2025-11-16T15:56:44.055Z [INFO]  provider.terraform-provider-helm_v2.17.0_x5: 2025/11/16 15:56:44 [DEBUG] [resourceReleaseCreate: kube-prometheus-stack] Getting helm configuration: timestamp=2025-11-16T15:56:44.055Z
2025-11-16T15:56:44.055Z [INFO]  provider.terraform-provider-helm_v2.17.0_x5: 2025/11/16 15:56:44 [DEBUG] [INFO] GetHelmConfiguration start: timestamp=2025-11-16T15:56:44.055Z
2025-11-16T15:56:44.055Z [INFO]  provider.terraform-provider-helm_v2.17.0_x5: 2025/11/16 15:56:44 [DEBUG] Using kubeconfig: /root/.kube/config: timestamp=2025-11-16T15:56:44.055Z
2025-11-16T15:56:44.055Z [INFO]  provider.terraform-provider-helm_v2.17.0_x5: 2025/11/16 15:56:44 [INFO] Successfully initialized kubernetes config: timestamp=2025-11-16T15:56:44.055Z
2025-11-16T15:56:44.055Z [INFO]  provider.terraform-provider-helm_v2.17.0_x5: 2025/11/16 15:56:44 [DEBUG] [INFO] GetHelmConfiguration success: timestamp=2025-11-16T15:56:44.055Z
2025-11-16T15:56:44.056Z [INFO]  provider.terraform-provider-helm_v2.17.0_x5: 2025/11/16 15:56:44 [DEBUG] [resourceReleaseCreate: kube-prometheus-stack] Getting chart: timestamp=2025-11-16T15:56:44.056Z
2025-11-16T15:56:45.898Z [INFO]  provider.terraform-provider-helm_v2.17.0_x5: 2025/11/16 15:56:45 [DEBUG] [resourceReleaseCreate: kube-prometheus-stack] Preparing for installation: timestamp=2025-11-16T15:56:45.898Z
2025-11-16T15:56:45.899Z [INFO]  provider.terraform-provider-helm_v2.17.0_x5: 2025/11/16 15:56:45 ---[ values.yaml ]-----------------------------------
adminPassword: admin
adminUser: admin
alertmanager:
  enabled: false
kubeStateMetrics:
  enabled: true
  resources:
    limits:
      cpu: 300m
      memory: 256Mi
    requests:
      cpu: 100m
      memory: 128Mi
  securityContext:
    allowPrivilegeEscalation: false
    capabilities:
      drop:
      - ALL
    readOnlyRootFilesystem: true
    runAsNonRoot: true
    runAsUser: 65534
nodeExporter:
  enabled: true
  hostIPC: false
  hostNetwork: false
  hostPID: false
  resources:
    limits:
      cpu: 200m
      memory: 256Mi
    requests:
      cpu: 50m
      memory: 64Mi
  securityContext:
    allowPrivilegeEscalation: false
    capabilities:
      drop:
      - ALL
    readOnlyRootFilesystem: true
    runAsNonRoot: true
    runAsUser: 65534
persistence:
  enabled: true
  size: 2Gi
prometheus:
  prometheusSpec:
    containers:
    - name: prometheus
      resources:
        limits:
          cpu: "1"
          memory: 1Gi
        requests:
          cpu: 200m
          memory: 512Mi
      securityContext:
        allowPrivilegeEscalation: false
        capabilities:
          drop:
          - ALL
        readOnlyRootFilesystem: true
        runAsNonRoot: true
        runAsUser: 65534
    podMonitorSelectorNilUsesHelmValues: false
    probeSelectorNilUsesHelmValues: false
    securityContext:
      fsGroup: 65534
      runAsGroup: 65534
      runAsNonRoot: true
      runAsUser: 65534
      seccompProfile:
        type: RuntimeDefault
    serviceMonitorSelectorNilUsesHelmValues: false
resources:
  limits:
    cpu: "1"
    memory: 512Mi
  requests:
    cpu: 200m
    memory: 256Mi
securityContext:
  allowPrivilegeEscalation: false
  capabilities:
    drop:
    - ALL
  readOnlyRootFilesystem: true
  runAsNonRoot: true
  runAsUser: 65534
service:
  nodePort: 30300
  type: NodePort
serviceAccount:
  automountServiceAccountToken: false
sidecar:
  dashboards:
    enabled: false
  datasources:
    enabled: false: timestamp=2025-11-16T15:56:45.899Z
2025-11-16T15:56:45.899Z [INFO]  provider.terraform-provider-helm_v2.17.0_x5: 2025/11/16 15:56:45 [DEBUG] [resourceReleaseCreate: kube-prometheus-stack] Installing chart: timestamp=2025-11-16T15:56:45.899Z
2025-11-16T15:56:46.147Z [ERROR] provider.terraform-provider-helm_v2.17.0_x5: Response contains error diagnostic: tf_provider_addr=provider @module=sdk.proto diagnostic_detail="" diagnostic_severity=ERROR diagnostic_summary="cannot re-use a name that is still in use" tf_proto_version=5.6 @caller=github.com/hashicorp/terraform-plugin-go@v0.23.0/tfprotov5/internal/diag/diagnostics.go:58 tf_req_id=2cd25426-388d-8c1d-447e-4581da5e6f54 tf_resource_type=helm_release tf_rpc=ApplyResourceChange timestamp=2025-11-16T15:56:46.147Z
2025-11-16T15:56:46.149Z [DEBUG] State storage *statemgr.Filesystem declined to persist a state snapshot
2025-11-16T15:56:46.149Z [ERROR] vertex "helm_release.kps" error: cannot re-use a name that is still in use
2025-11-16T15:56:46.155Z [DEBUG] provider.stdio: received EOF, stopping recv loop: err="rpc error: code = Unavailable desc = error reading from server: EOF"
2025-11-16T15:56:46.158Z [DEBUG] provider.stdio: received EOF, stopping recv loop: err="rpc error: code = Unavailable desc = error reading from server: EOF"
2025-11-16T15:56:46.161Z [INFO]  provider: plugin process exited: plugin=.terraform/providers/registry.terraform.io/hashicorp/kubernetes/2.38.0/linux_amd64/terraform-provider-kubernetes_v2.38.0_x5 id=172847
2025-11-16T15:56:46.161Z [DEBUG] provider: plugin exited
2025-11-16T15:56:46.163Z [INFO]  provider: plugin process exited: plugin=.terraform/providers/registry.terraform.io/hashicorp/helm/2.17.0/linux_amd64/terraform-provider-helm_v2.17.0_x5 id=172839
2025-11-16T15:56:46.163Z [DEBUG] provider: plugin exited
2025-11-16T15:58:33.818Z [INFO]  Terraform version: 1.9.8
2025-11-16T15:58:33.818Z [DEBUG] using github.com/hashicorp/go-tfe v1.58.0
2025-11-16T15:58:33.818Z [DEBUG] using github.com/hashicorp/hcl/v2 v2.20.0
2025-11-16T15:58:33.818Z [DEBUG] using github.com/hashicorp/terraform-svchost v0.1.1
2025-11-16T15:58:33.818Z [DEBUG] using github.com/zclconf/go-cty v1.14.4
2025-11-16T15:58:33.818Z [INFO]  Go runtime version: go1.22.7
2025-11-16T15:58:33.818Z [INFO]  CLI args: []string{"terraform", "apply", "--auto-approve"}
2025-11-16T15:58:33.818Z [DEBUG] Attempting to open CLI config file: /root/.terraformrc
2025-11-16T15:58:33.818Z [DEBUG] File doesn't exist, but doesn't need to. Ignoring.
2025-11-16T15:58:33.818Z [DEBUG] ignoring non-existing provider search directory terraform.d/plugins
2025-11-16T15:58:33.818Z [DEBUG] ignoring non-existing provider search directory /root/.terraform.d/plugins
2025-11-16T15:58:33.818Z [DEBUG] ignoring non-existing provider search directory /root/.local/share/terraform/plugins
2025-11-16T15:58:33.818Z [DEBUG] ignoring non-existing provider search directory /usr/local/share/terraform/plugins
2025-11-16T15:58:33.818Z [DEBUG] ignoring non-existing provider search directory /usr/share/terraform/plugins
2025-11-16T15:58:33.818Z [DEBUG] ignoring non-existing provider search directory /var/lib/snapd/desktop/terraform/plugins
2025-11-16T15:58:33.819Z [INFO]  CLI command args: []string{"apply", "--auto-approve"}
2025-11-16T15:58:33.949Z [DEBUG] checking for provisioner in "."
2025-11-16T15:58:33.949Z [DEBUG] checking for provisioner in "/usr/local/bin"
2025-11-16T15:58:33.949Z [INFO]  backend/local: starting Apply operation
2025-11-16T15:58:33.952Z [DEBUG] created provider logger: level=debug
2025-11-16T15:58:33.952Z [INFO]  provider: configuring client automatic mTLS
2025-11-16T15:58:33.971Z [DEBUG] provider: starting plugin: path=.terraform/providers/registry.terraform.io/hashicorp/helm/2.17.0/linux_amd64/terraform-provider-helm_v2.17.0_x5 args=[".terraform/providers/registry.terraform.io/hashicorp/helm/2.17.0/linux_amd64/terraform-provider-helm_v2.17.0_x5"]
2025-11-16T15:58:33.971Z [DEBUG] provider: plugin started: path=.terraform/providers/registry.terraform.io/hashicorp/helm/2.17.0/linux_amd64/terraform-provider-helm_v2.17.0_x5 pid=172953
2025-11-16T15:58:33.971Z [DEBUG] provider: waiting for RPC address: plugin=.terraform/providers/registry.terraform.io/hashicorp/helm/2.17.0/linux_amd64/terraform-provider-helm_v2.17.0_x5
2025-11-16T15:58:34.007Z [INFO]  provider.terraform-provider-helm_v2.17.0_x5: configuring server automatic mTLS: timestamp=2025-11-16T15:58:34.007Z
2025-11-16T15:58:34.039Z [DEBUG] provider: using plugin: version=5
2025-11-16T15:58:34.039Z [DEBUG] provider.terraform-provider-helm_v2.17.0_x5: plugin address: address=/tmp/plugin2718040497 network=unix timestamp=2025-11-16T15:58:34.039Z
2025-11-16T15:58:34.066Z [DEBUG] provider.stdio: received EOF, stopping recv loop: err="rpc error: code = Unavailable desc = error reading from server: EOF"
2025-11-16T15:58:34.068Z [INFO]  provider: plugin process exited: plugin=.terraform/providers/registry.terraform.io/hashicorp/helm/2.17.0/linux_amd64/terraform-provider-helm_v2.17.0_x5 id=172953
2025-11-16T15:58:34.068Z [DEBUG] provider: plugin exited
2025-11-16T15:58:34.068Z [DEBUG] created provider logger: level=debug
2025-11-16T15:58:34.068Z [INFO]  provider: configuring client automatic mTLS
2025-11-16T15:58:34.082Z [DEBUG] provider: starting plugin: path=.terraform/providers/registry.terraform.io/hashicorp/kubernetes/2.38.0/linux_amd64/terraform-provider-kubernetes_v2.38.0_x5 args=[".terraform/providers/registry.terraform.io/hashicorp/kubernetes/2.38.0/linux_amd64/terraform-provider-kubernetes_v2.38.0_x5"]
2025-11-16T15:58:34.082Z [DEBUG] provider: plugin started: path=.terraform/providers/registry.terraform.io/hashicorp/kubernetes/2.38.0/linux_amd64/terraform-provider-kubernetes_v2.38.0_x5 pid=172961
2025-11-16T15:58:34.082Z [DEBUG] provider: waiting for RPC address: plugin=.terraform/providers/registry.terraform.io/hashicorp/kubernetes/2.38.0/linux_amd64/terraform-provider-kubernetes_v2.38.0_x5
2025-11-16T15:58:34.140Z [INFO]  provider.terraform-provider-kubernetes_v2.38.0_x5: configuring server automatic mTLS: timestamp=2025-11-16T15:58:34.140Z
2025-11-16T15:58:34.163Z [DEBUG] provider: using plugin: version=5
2025-11-16T15:58:34.163Z [DEBUG] provider.terraform-provider-kubernetes_v2.38.0_x5: plugin address: address=/tmp/plugin2729588288 network=unix timestamp=2025-11-16T15:58:34.163Z
2025-11-16T15:58:34.330Z [DEBUG] provider.stdio: received EOF, stopping recv loop: err="rpc error: code = Unavailable desc = error reading from server: EOF"
2025-11-16T15:58:34.333Z [INFO]  provider: plugin process exited: plugin=.terraform/providers/registry.terraform.io/hashicorp/kubernetes/2.38.0/linux_amd64/terraform-provider-kubernetes_v2.38.0_x5 id=172961
2025-11-16T15:58:34.333Z [DEBUG] provider: plugin exited
2025-11-16T15:58:34.334Z [DEBUG] Building and walking validate graph
2025-11-16T15:58:34.334Z [DEBUG] ProviderTransformer: "kubernetes_namespace.monitoring" (*terraform.NodeValidatableResource) needs provider["registry.terraform.io/hashicorp/kubernetes"]
2025-11-16T15:58:34.334Z [DEBUG] ProviderTransformer: "kubernetes_manifest.prometheus_service" (*terraform.NodeValidatableResource) needs provider["registry.terraform.io/hashicorp/kubernetes"]
2025-11-16T15:58:34.334Z [DEBUG] ProviderTransformer: "kubernetes_ingress.monitoring_ingress" (*terraform.NodeValidatableResource) needs provider["registry.terraform.io/hashicorp/kubernetes"]
2025-11-16T15:58:34.334Z [DEBUG] ProviderTransformer: "helm_release.kps" (*terraform.NodeValidatableResource) needs provider["registry.terraform.io/hashicorp/helm"]
2025-11-16T15:58:34.334Z [DEBUG] ProviderTransformer: "kubernetes_manifest.grafana_service" (*terraform.NodeValidatableResource) needs provider["registry.terraform.io/hashicorp/kubernetes"]
2025-11-16T15:58:34.335Z [DEBUG] ReferenceTransformer: "output.prometheus_url (expand)" references: []
2025-11-16T15:58:34.335Z [DEBUG] ReferenceTransformer: "kubernetes_manifest.grafana_service" references: []
2025-11-16T15:58:34.335Z [DEBUG] ReferenceTransformer: "output.grafana_infos (expand)" references: []
2025-11-16T15:58:34.335Z [DEBUG] ReferenceTransformer: "kubernetes_namespace.monitoring" references: []
2025-11-16T15:58:34.335Z [DEBUG] ReferenceTransformer: "kubernetes_manifest.prometheus_service" references: []
2025-11-16T15:58:34.335Z [DEBUG] ReferenceTransformer: "provider[\"registry.terraform.io/hashicorp/helm\"]" references: []
2025-11-16T15:58:34.335Z [DEBUG] ReferenceTransformer: "provider[\"registry.terraform.io/hashicorp/kubernetes\"]" references: []
2025-11-16T15:58:34.335Z [DEBUG] ReferenceTransformer: "kubernetes_ingress.monitoring_ingress" references: []
2025-11-16T15:58:34.335Z [DEBUG] ReferenceTransformer: "helm_release.kps" references: [kubernetes_namespace.monitoring kubernetes_namespace.monitoring]
2025-11-16T15:58:34.336Z [DEBUG] Starting graph walk: walkValidate
2025-11-16T15:58:34.337Z [DEBUG] created provider logger: level=debug
2025-11-16T15:58:34.337Z [INFO]  provider: configuring client automatic mTLS
2025-11-16T15:58:34.350Z [DEBUG] provider: starting plugin: path=.terraform/providers/registry.terraform.io/hashicorp/helm/2.17.0/linux_amd64/terraform-provider-helm_v2.17.0_x5 args=[".terraform/providers/registry.terraform.io/hashicorp/helm/2.17.0/linux_amd64/terraform-provider-helm_v2.17.0_x5"]
2025-11-16T15:58:34.350Z [DEBUG] provider: plugin started: path=.terraform/providers/registry.terraform.io/hashicorp/helm/2.17.0/linux_amd64/terraform-provider-helm_v2.17.0_x5 pid=172971
2025-11-16T15:58:34.350Z [DEBUG] provider: waiting for RPC address: plugin=.terraform/providers/registry.terraform.io/hashicorp/helm/2.17.0/linux_amd64/terraform-provider-helm_v2.17.0_x5
2025-11-16T15:58:34.383Z [INFO]  provider.terraform-provider-helm_v2.17.0_x5: configuring server automatic mTLS: timestamp=2025-11-16T15:58:34.383Z
2025-11-16T15:58:34.415Z [DEBUG] provider: using plugin: version=5
2025-11-16T15:58:34.415Z [DEBUG] provider.terraform-provider-helm_v2.17.0_x5: plugin address: address=/tmp/plugin2631817204 network=unix timestamp=2025-11-16T15:58:34.415Z
2025-11-16T15:58:34.437Z [DEBUG] created provider logger: level=debug
2025-11-16T15:58:34.438Z [INFO]  provider: configuring client automatic mTLS
2025-11-16T15:58:34.451Z [DEBUG] provider: starting plugin: path=.terraform/providers/registry.terraform.io/hashicorp/kubernetes/2.38.0/linux_amd64/terraform-provider-kubernetes_v2.38.0_x5 args=[".terraform/providers/registry.terraform.io/hashicorp/kubernetes/2.38.0/linux_amd64/terraform-provider-kubernetes_v2.38.0_x5"]
2025-11-16T15:58:34.452Z [DEBUG] provider: plugin started: path=.terraform/providers/registry.terraform.io/hashicorp/kubernetes/2.38.0/linux_amd64/terraform-provider-kubernetes_v2.38.0_x5 pid=172980
2025-11-16T15:58:34.452Z [DEBUG] provider: waiting for RPC address: plugin=.terraform/providers/registry.terraform.io/hashicorp/kubernetes/2.38.0/linux_amd64/terraform-provider-kubernetes_v2.38.0_x5
2025-11-16T15:58:34.518Z [INFO]  provider.terraform-provider-kubernetes_v2.38.0_x5: configuring server automatic mTLS: timestamp=2025-11-16T15:58:34.518Z
2025-11-16T15:58:34.547Z [DEBUG] provider: using plugin: version=5
2025-11-16T15:58:34.547Z [DEBUG] provider.terraform-provider-kubernetes_v2.38.0_x5: plugin address: address=/tmp/plugin3352393348 network=unix timestamp=2025-11-16T15:58:34.547Z
2025-11-16T15:58:34.587Z [DEBUG] skipping FixUpBlockAttrs
2025-11-16T15:58:34.587Z [DEBUG] skipping FixUpBlockAttrs
2025-11-16T15:58:34.588Z [ERROR] vertex "kubernetes_ingress.monitoring_ingress" error: Unsupported argument
2025-11-16T15:58:34.588Z [ERROR] vertex "kubernetes_ingress.monitoring_ingress" error: Unsupported block type
2025-11-16T15:58:34.588Z [ERROR] vertex "kubernetes_ingress.monitoring_ingress" error: Unsupported block type
2025-11-16T15:58:34.602Z [DEBUG] provider.stdio: received EOF, stopping recv loop: err="rpc error: code = Unavailable desc = error reading from server: EOF"
2025-11-16T15:58:34.603Z [INFO]  provider: plugin process exited: plugin=.terraform/providers/registry.terraform.io/hashicorp/helm/2.17.0/linux_amd64/terraform-provider-helm_v2.17.0_x5 id=172971
2025-11-16T15:58:34.604Z [DEBUG] provider: plugin exited
2025-11-16T15:58:34.610Z [DEBUG] provider.stdio: received EOF, stopping recv loop: err="rpc error: code = Unavailable desc = error reading from server: EOF"
2025-11-16T15:58:34.614Z [INFO]  provider: plugin process exited: plugin=.terraform/providers/registry.terraform.io/hashicorp/kubernetes/2.38.0/linux_amd64/terraform-provider-kubernetes_v2.38.0_x5 id=172980
2025-11-16T15:58:34.614Z [DEBUG] provider: plugin exited
2025-11-16T15:59:00.874Z [INFO]  Terraform version: 1.9.8
2025-11-16T15:59:00.875Z [DEBUG] using github.com/hashicorp/go-tfe v1.58.0
2025-11-16T15:59:00.875Z [DEBUG] using github.com/hashicorp/hcl/v2 v2.20.0
2025-11-16T15:59:00.875Z [DEBUG] using github.com/hashicorp/terraform-svchost v0.1.1
2025-11-16T15:59:00.875Z [DEBUG] using github.com/zclconf/go-cty v1.14.4
2025-11-16T15:59:00.875Z [INFO]  Go runtime version: go1.22.7
2025-11-16T15:59:00.875Z [INFO]  CLI args: []string{"terraform", "apply", "--auto-approve"}
2025-11-16T15:59:00.875Z [DEBUG] Attempting to open CLI config file: /root/.terraformrc
2025-11-16T15:59:00.875Z [DEBUG] File doesn't exist, but doesn't need to. Ignoring.
2025-11-16T15:59:00.875Z [DEBUG] ignoring non-existing provider search directory terraform.d/plugins
2025-11-16T15:59:00.875Z [DEBUG] ignoring non-existing provider search directory /root/.terraform.d/plugins
2025-11-16T15:59:00.875Z [DEBUG] ignoring non-existing provider search directory /root/.local/share/terraform/plugins
2025-11-16T15:59:00.875Z [DEBUG] ignoring non-existing provider search directory /usr/local/share/terraform/plugins
2025-11-16T15:59:00.875Z [DEBUG] ignoring non-existing provider search directory /usr/share/terraform/plugins
2025-11-16T15:59:00.875Z [DEBUG] ignoring non-existing provider search directory /var/lib/snapd/desktop/terraform/plugins
2025-11-16T15:59:00.875Z [INFO]  CLI command args: []string{"apply", "--auto-approve"}
2025-11-16T15:59:00.969Z [DEBUG] checking for provisioner in "."
2025-11-16T15:59:00.969Z [DEBUG] checking for provisioner in "/usr/local/bin"
2025-11-16T15:59:00.969Z [INFO]  backend/local: starting Apply operation
2025-11-16T15:59:00.971Z [DEBUG] created provider logger: level=debug
2025-11-16T15:59:00.971Z [INFO]  provider: configuring client automatic mTLS
2025-11-16T15:59:00.987Z [DEBUG] provider: starting plugin: path=.terraform/providers/registry.terraform.io/hashicorp/helm/2.17.0/linux_amd64/terraform-provider-helm_v2.17.0_x5 args=[".terraform/providers/registry.terraform.io/hashicorp/helm/2.17.0/linux_amd64/terraform-provider-helm_v2.17.0_x5"]
2025-11-16T15:59:00.988Z [DEBUG] provider: plugin started: path=.terraform/providers/registry.terraform.io/hashicorp/helm/2.17.0/linux_amd64/terraform-provider-helm_v2.17.0_x5 pid=173029
2025-11-16T15:59:00.988Z [DEBUG] provider: waiting for RPC address: plugin=.terraform/providers/registry.terraform.io/hashicorp/helm/2.17.0/linux_amd64/terraform-provider-helm_v2.17.0_x5
2025-11-16T15:59:01.008Z [INFO]  provider.terraform-provider-helm_v2.17.0_x5: configuring server automatic mTLS: timestamp=2025-11-16T15:59:01.008Z
2025-11-16T15:59:01.025Z [DEBUG] provider: using plugin: version=5
2025-11-16T15:59:01.025Z [DEBUG] provider.terraform-provider-helm_v2.17.0_x5: plugin address: address=/tmp/plugin192084915 network=unix timestamp=2025-11-16T15:59:01.024Z
2025-11-16T15:59:01.039Z [DEBUG] provider.stdio: received EOF, stopping recv loop: err="rpc error: code = Unavailable desc = error reading from server: EOF"
2025-11-16T15:59:01.040Z [INFO]  provider: plugin process exited: plugin=.terraform/providers/registry.terraform.io/hashicorp/helm/2.17.0/linux_amd64/terraform-provider-helm_v2.17.0_x5 id=173029
2025-11-16T15:59:01.040Z [DEBUG] provider: plugin exited
2025-11-16T15:59:01.040Z [DEBUG] created provider logger: level=debug
2025-11-16T15:59:01.041Z [INFO]  provider: configuring client automatic mTLS
2025-11-16T15:59:01.048Z [DEBUG] provider: starting plugin: path=.terraform/providers/registry.terraform.io/hashicorp/kubernetes/2.38.0/linux_amd64/terraform-provider-kubernetes_v2.38.0_x5 args=[".terraform/providers/registry.terraform.io/hashicorp/kubernetes/2.38.0/linux_amd64/terraform-provider-kubernetes_v2.38.0_x5"]
2025-11-16T15:59:01.048Z [DEBUG] provider: plugin started: path=.terraform/providers/registry.terraform.io/hashicorp/kubernetes/2.38.0/linux_amd64/terraform-provider-kubernetes_v2.38.0_x5 pid=173040
2025-11-16T15:59:01.048Z [DEBUG] provider: waiting for RPC address: plugin=.terraform/providers/registry.terraform.io/hashicorp/kubernetes/2.38.0/linux_amd64/terraform-provider-kubernetes_v2.38.0_x5
2025-11-16T15:59:01.083Z [INFO]  provider.terraform-provider-kubernetes_v2.38.0_x5: configuring server automatic mTLS: timestamp=2025-11-16T15:59:01.083Z
2025-11-16T15:59:01.100Z [DEBUG] provider: using plugin: version=5
2025-11-16T15:59:01.100Z [DEBUG] provider.terraform-provider-kubernetes_v2.38.0_x5: plugin address: address=/tmp/plugin1380237368 network=unix timestamp=2025-11-16T15:59:01.100Z
2025-11-16T15:59:01.220Z [DEBUG] provider.stdio: received EOF, stopping recv loop: err="rpc error: code = Unavailable desc = error reading from server: EOF"
2025-11-16T15:59:01.224Z [INFO]  provider: plugin process exited: plugin=.terraform/providers/registry.terraform.io/hashicorp/kubernetes/2.38.0/linux_amd64/terraform-provider-kubernetes_v2.38.0_x5 id=173040
2025-11-16T15:59:01.224Z [DEBUG] provider: plugin exited
2025-11-16T15:59:01.225Z [DEBUG] Building and walking validate graph
2025-11-16T15:59:01.225Z [DEBUG] ProviderTransformer: "helm_release.kps" (*terraform.NodeValidatableResource) needs provider["registry.terraform.io/hashicorp/helm"]
2025-11-16T15:59:01.225Z [DEBUG] ProviderTransformer: "kubernetes_namespace.monitoring" (*terraform.NodeValidatableResource) needs provider["registry.terraform.io/hashicorp/kubernetes"]
2025-11-16T15:59:01.225Z [DEBUG] ProviderTransformer: "kubernetes_manifest.prometheus_service" (*terraform.NodeValidatableResource) needs provider["registry.terraform.io/hashicorp/kubernetes"]
2025-11-16T15:59:01.225Z [DEBUG] ProviderTransformer: "kubernetes_manifest.grafana_service" (*terraform.NodeValidatableResource) needs provider["registry.terraform.io/hashicorp/kubernetes"]
2025-11-16T15:59:01.225Z [DEBUG] ReferenceTransformer: "kubernetes_namespace.monitoring" references: []
2025-11-16T15:59:01.225Z [DEBUG] ReferenceTransformer: "kubernetes_manifest.prometheus_service" references: []
2025-11-16T15:59:01.225Z [DEBUG] ReferenceTransformer: "kubernetes_manifest.grafana_service" references: []
2025-11-16T15:59:01.225Z [DEBUG] ReferenceTransformer: "helm_release.kps" references: [kubernetes_namespace.monitoring kubernetes_namespace.monitoring]
2025-11-16T15:59:01.225Z [DEBUG] ReferenceTransformer: "output.grafana_infos (expand)" references: []
2025-11-16T15:59:01.225Z [DEBUG] ReferenceTransformer: "output.prometheus_url (expand)" references: []
2025-11-16T15:59:01.225Z [DEBUG] ReferenceTransformer: "provider[\"registry.terraform.io/hashicorp/kubernetes\"]" references: []
2025-11-16T15:59:01.225Z [DEBUG] ReferenceTransformer: "provider[\"registry.terraform.io/hashicorp/helm\"]" references: []
2025-11-16T15:59:01.230Z [DEBUG] Starting graph walk: walkValidate
2025-11-16T15:59:01.231Z [DEBUG] created provider logger: level=debug
2025-11-16T15:59:01.231Z [INFO]  provider: configuring client automatic mTLS
2025-11-16T15:59:01.245Z [DEBUG] provider: starting plugin: path=.terraform/providers/registry.terraform.io/hashicorp/helm/2.17.0/linux_amd64/terraform-provider-helm_v2.17.0_x5 args=[".terraform/providers/registry.terraform.io/hashicorp/helm/2.17.0/linux_amd64/terraform-provider-helm_v2.17.0_x5"]
2025-11-16T15:59:01.246Z [DEBUG] provider: plugin started: path=.terraform/providers/registry.terraform.io/hashicorp/helm/2.17.0/linux_amd64/terraform-provider-helm_v2.17.0_x5 pid=173049
2025-11-16T15:59:01.246Z [DEBUG] provider: waiting for RPC address: plugin=.terraform/providers/registry.terraform.io/hashicorp/helm/2.17.0/linux_amd64/terraform-provider-helm_v2.17.0_x5
2025-11-16T15:59:01.279Z [INFO]  provider.terraform-provider-helm_v2.17.0_x5: configuring server automatic mTLS: timestamp=2025-11-16T15:59:01.279Z
2025-11-16T15:59:01.304Z [DEBUG] provider.terraform-provider-helm_v2.17.0_x5: plugin address: address=/tmp/plugin3652066322 network=unix timestamp=2025-11-16T15:59:01.304Z
2025-11-16T15:59:01.304Z [DEBUG] provider: using plugin: version=5
2025-11-16T15:59:01.318Z [DEBUG] created provider logger: level=debug
2025-11-16T15:59:01.318Z [INFO]  provider: configuring client automatic mTLS
2025-11-16T15:59:01.326Z [DEBUG] provider: starting plugin: path=.terraform/providers/registry.terraform.io/hashicorp/kubernetes/2.38.0/linux_amd64/terraform-provider-kubernetes_v2.38.0_x5 args=[".terraform/providers/registry.terraform.io/hashicorp/kubernetes/2.38.0/linux_amd64/terraform-provider-kubernetes_v2.38.0_x5"]
2025-11-16T15:59:01.326Z [DEBUG] provider: plugin started: path=.terraform/providers/registry.terraform.io/hashicorp/kubernetes/2.38.0/linux_amd64/terraform-provider-kubernetes_v2.38.0_x5 pid=173058
2025-11-16T15:59:01.326Z [DEBUG] provider: waiting for RPC address: plugin=.terraform/providers/registry.terraform.io/hashicorp/kubernetes/2.38.0/linux_amd64/terraform-provider-kubernetes_v2.38.0_x5
2025-11-16T15:59:01.363Z [INFO]  provider.terraform-provider-kubernetes_v2.38.0_x5: configuring server automatic mTLS: timestamp=2025-11-16T15:59:01.363Z
2025-11-16T15:59:01.381Z [DEBUG] provider: using plugin: version=5
2025-11-16T15:59:01.381Z [DEBUG] provider.terraform-provider-kubernetes_v2.38.0_x5: plugin address: network=unix address=/tmp/plugin3629601938 timestamp=2025-11-16T15:59:01.381Z
2025-11-16T15:59:01.408Z [DEBUG] skipping FixUpBlockAttrs
2025-11-16T15:59:01.408Z [DEBUG] skipping FixUpBlockAttrs
2025-11-16T15:59:01.411Z [DEBUG] provider.stdio: received EOF, stopping recv loop: err="rpc error: code = Unavailable desc = error reading from server: EOF"
2025-11-16T15:59:01.413Z [INFO]  provider: plugin process exited: plugin=.terraform/providers/registry.terraform.io/hashicorp/kubernetes/2.38.0/linux_amd64/terraform-provider-kubernetes_v2.38.0_x5 id=173058
2025-11-16T15:59:01.413Z [DEBUG] provider: plugin exited
2025-11-16T15:59:01.413Z [DEBUG] provider.stdio: received EOF, stopping recv loop: err="rpc error: code = Unavailable desc = error reading from server: EOF"
2025-11-16T15:59:01.415Z [INFO]  provider: plugin process exited: plugin=.terraform/providers/registry.terraform.io/hashicorp/helm/2.17.0/linux_amd64/terraform-provider-helm_v2.17.0_x5 id=173049
2025-11-16T15:59:01.415Z [DEBUG] provider: plugin exited
2025-11-16T15:59:01.415Z [INFO]  backend/local: apply calling Plan
2025-11-16T15:59:01.415Z [DEBUG] Building and walking plan graph for NormalMode
2025-11-16T15:59:01.415Z [DEBUG] ProviderTransformer: "helm_release.kps (expand)" (*terraform.nodeExpandPlannableResource) needs provider["registry.terraform.io/hashicorp/helm"]
2025-11-16T15:59:01.415Z [DEBUG] ProviderTransformer: "kubernetes_namespace.monitoring (expand)" (*terraform.nodeExpandPlannableResource) needs provider["registry.terraform.io/hashicorp/kubernetes"]
2025-11-16T15:59:01.415Z [DEBUG] ProviderTransformer: "kubernetes_manifest.prometheus_service (expand)" (*terraform.nodeExpandPlannableResource) needs provider["registry.terraform.io/hashicorp/kubernetes"]
2025-11-16T15:59:01.415Z [DEBUG] ProviderTransformer: "kubernetes_manifest.grafana_service (expand)" (*terraform.nodeExpandPlannableResource) needs provider["registry.terraform.io/hashicorp/kubernetes"]
2025-11-16T15:59:01.415Z [DEBUG] ReferenceTransformer: "output.prometheus_url (expand)" references: []
2025-11-16T15:59:01.415Z [DEBUG] ReferenceTransformer: "provider[\"registry.terraform.io/hashicorp/kubernetes\"]" references: []
2025-11-16T15:59:01.415Z [DEBUG] ReferenceTransformer: "provider[\"registry.terraform.io/hashicorp/helm\"]" references: []
2025-11-16T15:59:01.415Z [DEBUG] ReferenceTransformer: "kubernetes_namespace.monitoring (expand)" references: []
2025-11-16T15:59:01.415Z [DEBUG] ReferenceTransformer: "kubernetes_manifest.prometheus_service (expand)" references: []
2025-11-16T15:59:01.415Z [DEBUG] ReferenceTransformer: "kubernetes_manifest.grafana_service (expand)" references: []
2025-11-16T15:59:01.416Z [DEBUG] ReferenceTransformer: "helm_release.kps (expand)" references: [kubernetes_namespace.monitoring (expand) kubernetes_namespace.monitoring (expand)]
2025-11-16T15:59:01.416Z [DEBUG] ReferenceTransformer: "output.grafana_infos (expand)" references: []
2025-11-16T15:59:01.416Z [DEBUG] Starting graph walk: walkPlan
2025-11-16T15:59:01.416Z [DEBUG] created provider logger: level=debug
2025-11-16T15:59:01.416Z [INFO]  provider: configuring client automatic mTLS
2025-11-16T15:59:01.422Z [DEBUG] provider: starting plugin: path=.terraform/providers/registry.terraform.io/hashicorp/kubernetes/2.38.0/linux_amd64/terraform-provider-kubernetes_v2.38.0_x5 args=[".terraform/providers/registry.terraform.io/hashicorp/kubernetes/2.38.0/linux_amd64/terraform-provider-kubernetes_v2.38.0_x5"]
2025-11-16T15:59:01.423Z [DEBUG] provider: plugin started: path=.terraform/providers/registry.terraform.io/hashicorp/kubernetes/2.38.0/linux_amd64/terraform-provider-kubernetes_v2.38.0_x5 pid=173067
2025-11-16T15:59:01.423Z [DEBUG] provider: waiting for RPC address: plugin=.terraform/providers/registry.terraform.io/hashicorp/kubernetes/2.38.0/linux_amd64/terraform-provider-kubernetes_v2.38.0_x5
2025-11-16T15:59:01.461Z [INFO]  provider.terraform-provider-kubernetes_v2.38.0_x5: configuring server automatic mTLS: timestamp=2025-11-16T15:59:01.461Z
2025-11-16T15:59:01.480Z [DEBUG] provider.terraform-provider-kubernetes_v2.38.0_x5: plugin address: address=/tmp/plugin2869102269 network=unix timestamp=2025-11-16T15:59:01.480Z
2025-11-16T15:59:01.480Z [DEBUG] provider: using plugin: version=5
2025-11-16T15:59:01.498Z [DEBUG] created provider logger: level=debug
2025-11-16T15:59:01.498Z [INFO]  provider: configuring client automatic mTLS
2025-11-16T15:59:01.510Z [DEBUG] provider: starting plugin: path=.terraform/providers/registry.terraform.io/hashicorp/helm/2.17.0/linux_amd64/terraform-provider-helm_v2.17.0_x5 args=[".terraform/providers/registry.terraform.io/hashicorp/helm/2.17.0/linux_amd64/terraform-provider-helm_v2.17.0_x5"]
2025-11-16T15:59:01.510Z [DEBUG] provider: plugin started: path=.terraform/providers/registry.terraform.io/hashicorp/helm/2.17.0/linux_amd64/terraform-provider-helm_v2.17.0_x5 pid=173076
2025-11-16T15:59:01.510Z [DEBUG] provider: waiting for RPC address: plugin=.terraform/providers/registry.terraform.io/hashicorp/helm/2.17.0/linux_amd64/terraform-provider-helm_v2.17.0_x5
2025-11-16T15:59:01.536Z [INFO]  provider.terraform-provider-helm_v2.17.0_x5: configuring server automatic mTLS: timestamp=2025-11-16T15:59:01.536Z
2025-11-16T15:59:01.555Z [DEBUG] provider: using plugin: version=5
2025-11-16T15:59:01.555Z [DEBUG] provider.terraform-provider-helm_v2.17.0_x5: plugin address: address=/tmp/plugin1771129418 network=unix timestamp=2025-11-16T15:59:01.555Z
2025-11-16T15:59:01.574Z [DEBUG] provider.terraform-provider-kubernetes_v2.38.0_x5: 2025/11/16 15:59:01 [DEBUG] Using kubeconfig: /root/.kube/config
2025-11-16T15:59:01.575Z [WARN]  ValidateProviderConfig from "provider[\"registry.terraform.io/hashicorp/helm\"]" changed the config value, but that value is unused
2025-11-16T15:59:01.575Z [DEBUG] provider.terraform-provider-kubernetes_v2.38.0_x5: 2025/11/16 15:59:01 [DEBUG] Enabling HTTP requests/responses tracing
2025-11-16T15:59:01.576Z [INFO]  provider.terraform-provider-helm_v2.17.0_x5: 2025/11/16 15:59:01 [DEBUG] Experiments enabled: []: timestamp=2025-11-16T15:59:01.576Z
2025-11-16T15:59:01.577Z [DEBUG] ReferenceTransformer: "kubernetes_manifest.prometheus_service" references: []
2025-11-16T15:59:01.577Z [DEBUG] ReferenceTransformer: "kubernetes_namespace.monitoring" references: []
2025-11-16T15:59:01.578Z [DEBUG] UpgradeResourceState: ignoring dynamic block: map[string]interface {}{"type":[]interface {}{"object", map[string]interface {}{"apiVersion":"string", "kind":"string", "metadata":[]interface {}{"object", map[string]interface {}{"name":"string", "namespace":"string"}}, "spec":[]interface {}{"object", map[string]interface {}{"ports":[]interface {}{"tuple", []interface {}{[]interface {}{"object", map[string]interface {}{"port":"number", "protocol":"string", "targetPort":"number"}}}}, "selector":[]interface {}{"object", map[string]interface {}{"app":"string"}}, "type":"string"}}}}, "value":map[string]interface {}{"apiVersion":"v1", "kind":"Service", "metadata":map[string]interface {}{"name":"prometheus-server", "namespace":"monitoring"}, "spec":map[string]interface {}{"ports":[]interface {}{map[string]interface {}{"port":9090, "protocol":"TCP", "targetPort":9090}}, "selector":map[string]interface {}{"app":"prometheus"}, "type":"LoadBalancer"}}}
2025-11-16T15:59:01.578Z [DEBUG] ReferenceTransformer: "kubernetes_manifest.grafana_service" references: []
2025-11-16T15:59:01.578Z [DEBUG] UpgradeResourceState: ignoring dynamic block: map[string]interface {}{"type":[]interface {}{"object", map[string]interface {}{"apiVersion":"string", "kind":"string", "metadata":[]interface {}{"object", map[string]interface {}{"annotations":[]interface {}{"map", "string"}, "creationTimestamp":"string", "deletionGracePeriodSeconds":"number", "deletionTimestamp":"string", "finalizers":[]interface {}{"list", "string"}, "generateName":"string", "generation":"number", "labels":[]interface {}{"map", "string"}, "managedFields":[]interface {}{"tuple", []interface {}{[]interface {}{"object", map[string]interface {}{"apiVersion":"string", "fieldsType":"string", "fieldsV1":"dynamic", "manager":"string", "operation":"string", "subresource":"string", "time":"string"}}}}, "name":"string", "namespace":"string", "ownerReferences":[]interface {}{"list", []interface {}{"object", map[string]interface {}{"apiVersion":"string", "blockOwnerDeletion":"bool", "controller":"bool", "kind":"string", "name":"string", "uid":"string"}}}, "resourceVersion":"string", "selfLink":"string", "uid":"string"}}, "spec":[]interface {}{"object", map[string]interface {}{"allocateLoadBalancerNodePorts":"bool", "clusterIP":"string", "clusterIPs":[]interface {}{"list", "string"}, "externalIPs":[]interface {}{"list", "string"}, "externalName":"string", "externalTrafficPolicy":"string", "healthCheckNodePort":"number", "internalTrafficPolicy":"string", "ipFamilies":[]interface {}{"list", "string"}, "ipFamilyPolicy":"string", "loadBalancerClass":"string", "loadBalancerIP":"string", "loadBalancerSourceRanges":[]interface {}{"list", "string"}, "ports":[]interface {}{"list", []interface {}{"object", map[string]interface {}{"appProtocol":"string", "name":"string", "nodePort":"number", "port":"number", "protocol":"string", "targetPort":"string"}}}, "publishNotReadyAddresses":"bool", "selector":[]interface {}{"map", "string"}, "sessionAffinity":"string", "sessionAffinityConfig":[]interface {}{"object", map[string]interface {}{"clientIP":[]interface {}{"object", map[string]interface {}{"timeoutSeconds":"number"}}}}, "trafficDistribution":"string", "type":"string"}}}}, "value":map[string]interface {}{"apiVersion":"v1", "kind":"Service", "metadata":map[string]interface {}{"annotations":interface {}(nil), "creationTimestamp":interface {}(nil), "deletionGracePeriodSeconds":interface {}(nil), "deletionTimestamp":interface {}(nil), "finalizers":interface {}(nil), "generateName":interface {}(nil), "generation":interface {}(nil), "labels":interface {}(nil), "managedFields":interface {}(nil), "name":"prometheus-server", "namespace":"monitoring", "ownerReferences":interface {}(nil), "resourceVersion":interface {}(nil), "selfLink":interface {}(nil), "uid":interface {}(nil)}, "spec":map[string]interface {}{"allocateLoadBalancerNodePorts":true, "clusterIP":"10.109.87.174", "clusterIPs":[]interface {}{"10.109.87.174"}, "externalIPs":interface {}(nil), "externalName":interface {}(nil), "externalTrafficPolicy":"Cluster", "healthCheckNodePort":interface {}(nil), "internalTrafficPolicy":"Cluster", "ipFamilies":[]interface {}{"IPv4"}, "ipFamilyPolicy":"SingleStack", "loadBalancerClass":interface {}(nil), "loadBalancerIP":interface {}(nil), "loadBalancerSourceRanges":interface {}(nil), "ports":[]interface {}{map[string]interface {}{"appProtocol":interface {}(nil), "name":interface {}(nil), "nodePort":32426, "port":9090, "protocol":"TCP", "targetPort":"9090"}}, "publishNotReadyAddresses":interface {}(nil), "selector":map[string]interface {}{"app":"prometheus"}, "sessionAffinity":"None", "sessionAffinityConfig":map[string]interface {}{"clientIP":map[string]interface {}{"timeoutSeconds":interface {}(nil)}}, "trafficDistribution":interface {}(nil), "type":"LoadBalancer"}}}
2025-11-16T15:59:01.578Z [DEBUG] UpgradeResourceState: ignoring dynamic block: map[string]interface {}{"type":[]interface {}{"object", map[string]interface {}{"apiVersion":"string", "kind":"string", "metadata":[]interface {}{"object", map[string]interface {}{"name":"string", "namespace":"string"}}, "spec":[]interface {}{"object", map[string]interface {}{"ports":[]interface {}{"tuple", []interface {}{[]interface {}{"object", map[string]interface {}{"port":"number", "protocol":"string", "targetPort":"number"}}}}, "selector":[]interface {}{"object", map[string]interface {}{"app":"string"}}, "type":"string"}}}}, "value":map[string]interface {}{"apiVersion":"v1", "kind":"Service", "metadata":map[string]interface {}{"name":"grafana", "namespace":"monitoring"}, "spec":map[string]interface {}{"ports":[]interface {}{map[string]interface {}{"port":80, "protocol":"TCP", "targetPort":80}}, "selector":map[string]interface {}{"app":"grafana"}, "type":"LoadBalancer"}}}
2025-11-16T15:59:01.578Z [DEBUG] UpgradeResourceState: ignoring dynamic block: map[string]interface {}{"type":[]interface {}{"object", map[string]interface {}{"apiVersion":"string", "kind":"string", "metadata":[]interface {}{"object", map[string]interface {}{"annotations":[]interface {}{"map", "string"}, "creationTimestamp":"string", "deletionGracePeriodSeconds":"number", "deletionTimestamp":"string", "finalizers":[]interface {}{"list", "string"}, "generateName":"string", "generation":"number", "labels":[]interface {}{"map", "string"}, "managedFields":[]interface {}{"tuple", []interface {}{[]interface {}{"object", map[string]interface {}{"apiVersion":"string", "fieldsType":"string", "fieldsV1":"dynamic", "manager":"string", "operation":"string", "subresource":"string", "time":"string"}}}}, "name":"string", "namespace":"string", "ownerReferences":[]interface {}{"list", []interface {}{"object", map[string]interface {}{"apiVersion":"string", "blockOwnerDeletion":"bool", "controller":"bool", "kind":"string", "name":"string", "uid":"string"}}}, "resourceVersion":"string", "selfLink":"string", "uid":"string"}}, "spec":[]interface {}{"object", map[string]interface {}{"allocateLoadBalancerNodePorts":"bool", "clusterIP":"string", "clusterIPs":[]interface {}{"list", "string"}, "externalIPs":[]interface {}{"list", "string"}, "externalName":"string", "externalTrafficPolicy":"string", "healthCheckNodePort":"number", "internalTrafficPolicy":"string", "ipFamilies":[]interface {}{"list", "string"}, "ipFamilyPolicy":"string", "loadBalancerClass":"string", "loadBalancerIP":"string", "loadBalancerSourceRanges":[]interface {}{"list", "string"}, "ports":[]interface {}{"list", []interface {}{"object", map[string]interface {}{"appProtocol":"string", "name":"string", "nodePort":"number", "port":"number", "protocol":"string", "targetPort":"string"}}}, "publishNotReadyAddresses":"bool", "selector":[]interface {}{"map", "string"}, "sessionAffinity":"string", "sessionAffinityConfig":[]interface {}{"object", map[string]interface {}{"clientIP":[]interface {}{"object", map[string]interface {}{"timeoutSeconds":"number"}}}}, "trafficDistribution":"string", "type":"string"}}}}, "value":map[string]interface {}{"apiVersion":"v1", "kind":"Service", "metadata":map[string]interface {}{"annotations":interface {}(nil), "creationTimestamp":interface {}(nil), "deletionGracePeriodSeconds":interface {}(nil), "deletionTimestamp":interface {}(nil), "finalizers":interface {}(nil), "generateName":interface {}(nil), "generation":interface {}(nil), "labels":interface {}(nil), "managedFields":interface {}(nil), "name":"grafana", "namespace":"monitoring", "ownerReferences":interface {}(nil), "resourceVersion":interface {}(nil), "selfLink":interface {}(nil), "uid":interface {}(nil)}, "spec":map[string]interface {}{"allocateLoadBalancerNodePorts":true, "clusterIP":"10.111.54.2", "clusterIPs":[]interface {}{"10.111.54.2"}, "externalIPs":interface {}(nil), "externalName":interface {}(nil), "externalTrafficPolicy":"Cluster", "healthCheckNodePort":interface {}(nil), "internalTrafficPolicy":"Cluster", "ipFamilies":[]interface {}{"IPv4"}, "ipFamilyPolicy":"SingleStack", "loadBalancerClass":interface {}(nil), "loadBalancerIP":interface {}(nil), "loadBalancerSourceRanges":interface {}(nil), "ports":[]interface {}{map[string]interface {}{"appProtocol":interface {}(nil), "name":interface {}(nil), "nodePort":30407, "port":80, "protocol":"TCP", "targetPort":"80"}}, "publishNotReadyAddresses":interface {}(nil), "selector":map[string]interface {}{"app":"grafana"}, "sessionAffinity":"None", "sessionAffinityConfig":map[string]interface {}{"clientIP":map[string]interface {}{"timeoutSeconds":interface {}(nil)}}, "trafficDistribution":interface {}(nil), "type":"LoadBalancer"}}}
2025-11-16T15:59:01.587Z [DEBUG] provider.terraform-provider-kubernetes_v2.38.0_x5: 2025/11/16 15:59:01 [INFO] Checking namespace monitoring
2025-11-16T15:59:01.587Z [DEBUG] provider.terraform-provider-kubernetes_v2.38.0_x5: Sending HTTP Request: User-Agent="HashiCorp/1.0 Terraform/1.9.8" tf_http_req_body="" tf_http_trans_id=d9c34b47-b1a3-5e75-ce40-69b45828e278 @caller=github.com/hashicorp/terraform-plugin-sdk/v2@v2.37.0/helper/logging/logging_http_transport.go:160 @module=kubernetes.Kubernetes tf_http_req_version=HTTP/1.1 Accept="application/json, */*" Accept-Encoding=gzip Host=91.98.16.184:6443 new_logger_warning="This log was generated by a subsystem logger that wasn't created before being used. Use tflog.NewSubsystem to create this logger before it is used." tf_http_op_type=request tf_http_req_method=GET tf_http_req_uri=/api/v1/namespaces/monitoring timestamp=2025-11-16T15:59:01.587Z
2025-11-16T15:59:01.681Z [DEBUG] provider.terraform-provider-kubernetes_v2.38.0_x5: Received HTTP Response: @caller=github.com/hashicorp/terraform-plugin-sdk/v2@v2.37.0/helper/logging/logging_http_transport.go:160 Content-Length=703 Content-Type=application/json tf_http_res_status_code=200 tf_http_trans_id=d9c34b47-b1a3-5e75-ce40-69b45828e278 Audit-Id=916e6da4-12e5-4900-b922-40a6bc4a552e tf_http_op_type=response
  tf_http_res_body=
  | {"kind":"Namespace","apiVersion":"v1","metadata":{"name":"monitoring","uid":"1fce642b-ebce-427a-ae8e-07b0b653b297","resourceVersion":"2016275","creationTimestamp":"2025-11-16T10:59:25Z","labels":{"kubernetes.io/metadata.name":"monitoring","pod-security.kubernetes.io/audit":"restricted","pod-security.kubernetes.io/enforce":"baseline"},"managedFields":[{"manager":"HashiCorp","operation":"Update","apiVersion":"v1","time":"2025-11-16T10:59:25Z","fieldsType":"FieldsV1","fieldsV1":{"f:metadata":{"f:labels":{".":{},"f:kubernetes.io/metadata.name":{},"f:pod-security.kubernetes.io/audit":{},"f:pod-security.kubernetes.io/enforce":{}}}}}]},"spec":{"finalizers":["kubernetes"]},"status":{"phase":"Active"}}
   tf_http_res_version=HTTP/2.0 X-Kubernetes-Pf-Flowschema-Uid=24ef9050-0ff9-4e4e-b810-9e682b32e548 X-Kubernetes-Pf-Prioritylevel-Uid=debe343a-fda0-4702-9e46-7980016434a2 new_logger_warning="This log was generated by a subsystem logger that wasn't created before being used. Use tflog.NewSubsystem to create this logger before it is used." tf_http_res_status_reason="200 OK" @module=kubernetes.Kubernetes Cache-Control="no-cache, private" Date="Sun, 16 Nov 2025 15:59:01 GMT" timestamp=2025-11-16T15:59:01.681Z
2025-11-16T15:59:01.681Z [DEBUG] provider.terraform-provider-kubernetes_v2.38.0_x5: 2025/11/16 15:59:01 [INFO] Namespace monitoring exists
2025-11-16T15:59:01.681Z [DEBUG] provider.terraform-provider-kubernetes_v2.38.0_x5: 2025/11/16 15:59:01 [INFO] Reading namespace monitoring
2025-11-16T15:59:01.681Z [DEBUG] provider.terraform-provider-kubernetes_v2.38.0_x5: Sending HTTP Request: Accept="application/json, */*" tf_http_req_version=HTTP/1.1 Accept-Encoding=gzip User-Agent="HashiCorp/1.0 Terraform/1.9.8" new_logger_warning="This log was generated by a subsystem logger that wasn't created before being used. Use tflog.NewSubsystem to create this logger before it is used." tf_http_trans_id=4df9fbde-cf3a-02e9-f378-9e968cdde9aa @caller=github.com/hashicorp/terraform-plugin-sdk/v2@v2.37.0/helper/logging/logging_http_transport.go:160 Host=91.98.16.184:6443 tf_http_op_type=request tf_http_req_uri=/api/v1/namespaces/monitoring tf_http_req_method=GET @module=kubernetes.Kubernetes tf_http_req_body="" timestamp=2025-11-16T15:59:01.681Z
2025-11-16T15:59:01.707Z [DEBUG] provider.terraform-provider-kubernetes_v2.38.0_x5: Received HTTP Response: tf_http_res_status_reason="200 OK" X-Kubernetes-Pf-Prioritylevel-Uid=debe343a-fda0-4702-9e46-7980016434a2 new_logger_warning="This log was generated by a subsystem logger that wasn't created before being used. Use tflog.NewSubsystem to create this logger before it is used."
  tf_http_res_body=
  | {"kind":"Namespace","apiVersion":"v1","metadata":{"name":"monitoring","uid":"1fce642b-ebce-427a-ae8e-07b0b653b297","resourceVersion":"2016275","creationTimestamp":"2025-11-16T10:59:25Z","labels":{"kubernetes.io/metadata.name":"monitoring","pod-security.kubernetes.io/audit":"restricted","pod-security.kubernetes.io/enforce":"baseline"},"managedFields":[{"manager":"HashiCorp","operation":"Update","apiVersion":"v1","time":"2025-11-16T10:59:25Z","fieldsType":"FieldsV1","fieldsV1":{"f:metadata":{"f:labels":{".":{},"f:kubernetes.io/metadata.name":{},"f:pod-security.kubernetes.io/audit":{},"f:pod-security.kubernetes.io/enforce":{}}}}}]},"spec":{"finalizers":["kubernetes"]},"status":{"phase":"Active"}}
   tf_http_res_status_code=200 Cache-Control="no-cache, private" Content-Length=703 Content-Type=application/json X-Kubernetes-Pf-Flowschema-Uid=24ef9050-0ff9-4e4e-b810-9e682b32e548 tf_http_res_version=HTTP/2.0 Date="Sun, 16 Nov 2025 15:59:01 GMT" tf_http_trans_id=4df9fbde-cf3a-02e9-f378-9e968cdde9aa @module=kubernetes.Kubernetes Audit-Id=c1e91c11-9218-4ae7-9b76-61c9e75eae7c @caller=github.com/hashicorp/terraform-plugin-sdk/v2@v2.37.0/helper/logging/logging_http_transport.go:160 tf_http_op_type=response timestamp=2025-11-16T15:59:01.707Z
2025-11-16T15:59:01.708Z [DEBUG] provider.terraform-provider-kubernetes_v2.38.0_x5: 2025/11/16 15:59:01 [INFO] Received namespace: &v1.Namespace{TypeMeta:v1.TypeMeta{Kind:"", APIVersion:""}, ObjectMeta:v1.ObjectMeta{Name:"monitoring", GenerateName:"", Namespace:"", SelfLink:"", UID:"1fce642b-ebce-427a-ae8e-07b0b653b297", ResourceVersion:"2016275", Generation:0, CreationTimestamp:time.Date(2025, time.November, 16, 10, 59, 25, 0, time.Local), DeletionTimestamp:<nil>, DeletionGracePeriodSeconds:(*int64)(nil), Labels:map[string]string{"kubernetes.io/metadata.name":"monitoring", "pod-security.kubernetes.io/audit":"restricted", "pod-security.kubernetes.io/enforce":"baseline"}, Annotations:map[string]string(nil), OwnerReferences:[]v1.OwnerReference(nil), Finalizers:[]string(nil), ManagedFields:[]v1.ManagedFieldsEntry{v1.ManagedFieldsEntry{Manager:"HashiCorp", Operation:"Update", APIVersion:"v1", Time:time.Date(2025, time.November, 16, 10, 59, 25, 0, time.Local), FieldsType:"FieldsV1", FieldsV1:(*v1.FieldsV1)(0xc0011e7098), Subresource:""}}}, Spec:v1.NamespaceSpec{Finalizers:[]v1.FinalizerName{"kubernetes"}}, Status:v1.NamespaceStatus{Phase:"Active", Conditions:[]v1.NamespaceCondition(nil)}}
2025-11-16T15:59:01.711Z [WARN]  Provider "registry.terraform.io/hashicorp/kubernetes" produced an invalid plan for kubernetes_namespace.monitoring, but we are tolerating it because it is using the legacy plugin SDK.
    The following problems may be the cause of any confusing errors from downstream operations:
      - .wait_for_default_service_account: planned value cty.False for a non-computed attribute
      - .metadata[0].annotations: planned value cty.MapValEmpty(cty.String) for a non-computed attribute
      - .metadata[0].generate_name: planned value cty.StringVal("") for a non-computed attribute
2025-11-16T15:59:01.712Z [DEBUG] Resource instance state not found for node "helm_release.kps", instance helm_release.kps
2025-11-16T15:59:01.712Z [DEBUG] ReferenceTransformer: "helm_release.kps" references: []
2025-11-16T15:59:01.712Z [DEBUG] refresh: helm_release.kps: no state, so not refreshing
2025-11-16T15:59:01.717Z [INFO]  provider.terraform-provider-helm_v2.17.0_x5: 2025/11/16 15:59:01 [DEBUG] [resourceDiff: kube-prometheus-stack] Start: timestamp=2025-11-16T15:59:01.717Z
2025-11-16T15:59:01.718Z [INFO]  provider.terraform-provider-helm_v2.17.0_x5: 2025/11/16 15:59:01 [DEBUG] [resourceDiff: kube-prometheus-stack] upgrade_install is enabled: false: timestamp=2025-11-16T15:59:01.717Z
2025-11-16T15:59:01.718Z [INFO]  provider.terraform-provider-helm_v2.17.0_x5: 2025/11/16 15:59:01 [DEBUG] [resourceDiff: kube-prometheus-stack] targetVersion for release kube-prometheus-stack: '60.3.0': timestamp=2025-11-16T15:59:01.717Z
2025-11-16T15:59:01.718Z [INFO]  provider.terraform-provider-helm_v2.17.0_x5: 2025/11/16 15:59:01 [DEBUG] [INFO] GetHelmConfiguration start: timestamp=2025-11-16T15:59:01.717Z
2025-11-16T15:59:01.718Z [INFO]  provider.terraform-provider-helm_v2.17.0_x5: 2025/11/16 15:59:01 [DEBUG] Using kubeconfig: /root/.kube/config: timestamp=2025-11-16T15:59:01.717Z
2025-11-16T15:59:01.718Z [INFO]  provider.terraform-provider-helm_v2.17.0_x5: 2025/11/16 15:59:01 [INFO] Successfully initialized kubernetes config: timestamp=2025-11-16T15:59:01.717Z
2025-11-16T15:59:01.718Z [INFO]  provider.terraform-provider-helm_v2.17.0_x5: 2025/11/16 15:59:01 [DEBUG] [INFO] GetHelmConfiguration success: timestamp=2025-11-16T15:59:01.717Z
2025-11-16T15:59:03.752Z [DEBUG] provider.terraform-provider-kubernetes_v2.38.0_x5: 2025-11-16T15:59:03.752Z [DEBUG] [UpgradeResourceState]: morphed object="tftypes.Object[\"apiVersion\":tftypes.String, \"kind\":tftypes.String, \"metadata\":tftypes.Object[\"annotations\":tftypes.Map[tftypes.String], \"creationTimestamp\":tftypes.String, \"deletionGracePeriodSeconds\":tftypes.Number, \"deletionTimestamp\":tftypes.String, \"finalizers\":tftypes.List[tftypes.String], \"generateName\":tftypes.String, \"generation\":tftypes.Number, \"labels\":tftypes.Map[tftypes.String], \"managedFields\":tftypes.Tuple[tftypes.Object[\"apiVersion\":tftypes.String, \"fieldsType\":tftypes.String, \"fieldsV1\":tftypes.DynamicPseudoType, \"manager\":tftypes.String, \"operation\":tftypes.String, \"subresource\":tftypes.String, \"time\":tftypes.String]], \"name\":tftypes.String, \"namespace\":tftypes.String, \"ownerReferences\":tftypes.List[tftypes.Object[\"apiVersion\":tftypes.String, \"blockOwnerDeletion\":tftypes.Bool, \"controller\":tftypes.Bool, \"kind\":tftypes.String, \"name\":tftypes.String, \"uid\":tftypes.String]], \"resourceVersion\":tftypes.String, \"selfLink\":tftypes.String, \"uid\":tftypes.String], \"spec\":tftypes.Object[\"allocateLoadBalancerNodePorts\":tftypes.Bool, \"clusterIP\":tftypes.String, \"clusterIPs\":tftypes.List[tftypes.String], \"externalIPs\":tftypes.List[tftypes.String], \"externalName\":tftypes.String, \"externalTrafficPolicy\":tftypes.String, \"healthCheckNodePort\":tftypes.Number, \"internalTrafficPolicy\":tftypes.String, \"ipFamilies\":tftypes.List[tftypes.String], \"ipFamilyPolicy\":tftypes.String, \"loadBalancerClass\":tftypes.String, \"loadBalancerIP\":tftypes.String, \"loadBalancerSourceRanges\":tftypes.List[tftypes.String], \"ports\":tftypes.List[tftypes.Object[\"appProtocol\":tftypes.String, \"name\":tftypes.String, \"nodePort\":tftypes.Number, \"port\":tftypes.Number, \"protocol\":tftypes.String, \"targetPort\":tftypes.String]], \"publishNotReadyAddresses\":tftypes.Bool, \"selector\":tftypes.Map[tftypes.String], \"sessionAffinity\":tftypes.String, \"sessionAffinityConfig\":tftypes.Object[\"clientIP\":tftypes.Object[\"timeoutSeconds\":tftypes.Number]], \"trafficDistribution\":tftypes.String, \"type\":tftypes.String]]<\"apiVersion\":tftypes.String<\"v1\">, \"kind\":tftypes.String<\"Service\">, \"metadata\":tftypes.Object[\"annotations\":tftypes.Map[tftypes.String], \"creationTimestamp\":tftypes.String, \"deletionGracePeriodSeconds\":tftypes.Number, \"deletionTimestamp\":tftypes.String, \"finalizers\":tftypes.List[tftypes.String], \"generateName\":tftypes.String, \"generation\":tftypes.Number, \"labels\":tftypes.Map[tftypes.String], \"managedFields\":tftypes.Tuple[tftypes.Object[\"apiVersion\":tftypes.String, \"fieldsType\":tftypes.String, \"fieldsV1\":tftypes.DynamicPseudoType, \"manager\":tftypes.String, \"operation\":tftypes.String, \"subresource\":tftypes.String, \"time\":tftypes.String]], \"name\":tftypes.String, \"namespace\":tftypes.String, \"ownerReferences\":tftypes.List[tftypes.Object[\"apiVersion\":tftypes.String, \"blockOwnerDeletion\":tftypes.Bool, \"controller\":tftypes.Bool, \"kind\":tftypes.String, \"name\":tftypes.String, \"uid\":tftypes.String]], \"resourceVersion\":tftypes.String, \"selfLink\":tftypes.String, \"uid\":tftypes.String]<\"annotations\":tftypes.Map[tftypes.String]<null>, \"creationTimestamp\":tftypes.String<null>, \"deletionGracePeriodSeconds\":tftypes.Number<null>, \"deletionTimestamp\":tftypes.String<null>, \"finalizers\":tftypes.List[tftypes.String]<null>, \"generateName\":tftypes.String<null>, \"generation\":tftypes.Number<null>, \"labels\":tftypes.Map[tftypes.String]<null>, \"managedFields\":tftypes.Tuple[tftypes.Object[\"apiVersion\":tftypes.String, \"fieldsType\":tftypes.String, \"fieldsV1\":tftypes.DynamicPseudoType, \"manager\":tftypes.String, \"operation\":tftypes.String, \"subresource\":tftypes.String, \"time\":tftypes.String]]<null>, \"name\":tftypes.String<\"prometheus-server\">, \"namespace\":tftypes.String<\"monitoring\">, \"ownerReferences\":tftypes.List[tftypes.Object[\"apiVersion\":tftypes.String, \"blockOwnerDeletion\":tftypes.Bool, \"controller\":tftypes.Bool, \"kind\":tftypes.String, \"name\":tftypes.String, \"uid\":tftypes.String]]<null>, \"resourceVersion\":tftypes.String<null>, \"selfLink\":tftypes.String<null>, \"uid\":tftypes.String<null>>, \"spec\":tftypes.Object[\"allocateLoadBalancerNodePorts\":tftypes.Bool, \"clusterIP\":tftypes.String, \"clusterIPs\":tftypes.List[tftypes.String], \"externalIPs\":tftypes.List[tftypes.String], \"externalName\":tftypes.String, \"externalTrafficPolicy\":tftypes.String, \"healthCheckNodePort\":tftypes.Number, \"internalTrafficPolicy\":tftypes.String, \"ipFamilies\":tftypes.List[tftypes.String], \"ipFamilyPolicy\":tftypes.String, \"loadBalancerClass\":tftypes.String, \"loadBalancerIP\":tftypes.String, \"loadBalancerSourceRanges\":tftypes.List[tftypes.String], \"ports\":tftypes.List[tftypes.Object[\"appProtocol\":tftypes.String, \"name\":tftypes.String, \"nodePort\":tftypes.Number, \"port\":tftypes.Number, \"protocol\":tftypes.String, \"targetPort\":tftypes.String]], \"publishNotReadyAddresses\":tftypes.Bool, \"selector\":tftypes.Map[tftypes.String], \"sessionAffinity\":tftypes.String, \"sessionAffinityConfig\":tftypes.Object[\"clientIP\":tftypes.Object[\"timeoutSeconds\":tftypes.Number]], \"trafficDistribution\":tftypes.String, \"type\":tftypes.String]<\"allocateLoadBalancerNodePorts\":tftypes.Bool<\"true\">, \"clusterIP\":tftypes.String<\"10.109.87.174\">, \"clusterIPs\":tftypes.List[tftypes.String]<tftypes.String<\"10.109.87.174\">>, \"externalIPs\":tftypes.List[tftypes.String]<null>, \"externalName\":tftypes.String<null>, \"externalTrafficPolicy\":tftypes.String<\"Cluster\">, \"healthCheckNodePort\":tftypes.Number<null>, \"internalTrafficPolicy\":tftypes.String<\"Cluster\">, \"ipFamilies\":tftypes.List[tftypes.String]<tftypes.String<\"IPv4\">>, \"ipFamilyPolicy\":tftypes.String<\"SingleStack\">, \"loadBalancerClass\":tftypes.String<null>, \"loadBalancerIP\":tftypes.String<null>, \"loadBalancerSourceRanges\":tftypes.List[tftypes.String]<null>, \"ports\":tftypes.List[tftypes.Object[\"appProtocol\":tftypes.String, \"name\":tftypes.String, \"nodePort\":tftypes.Number, \"port\":tftypes.Number, \"protocol\":tftypes.String, \"targetPort\":tftypes.String]]<tftypes.Object[\"appProtocol\":tftypes.String, \"name\":tftypes.String, \"nodePort\":tftypes.Number, \"port\":tftypes.Number, \"protocol\":tftypes.String, \"targetPort\":tftypes.String]<\"appProtocol\":tftypes.String<null>, \"name\":tftypes.String<null>, \"nodePort\":tftypes.Number<\"32426\">, \"port\":tftypes.Number<\"9090\">, \"protocol\":tftypes.String<\"TCP\">, \"targetPort\":tftypes.String<\"9090\">>>, \"publishNotReadyAddresses\":tftypes.Bool<null>, \"selector\":tftypes.Map[tftypes.String]<\"app\":tftypes.String<\"prometheus\">>, \"sessionAffinity\":tftypes.String<\"None\">, \"sessionAffinityConfig\":tftypes.Object[\"clientIP\":tftypes.Object[\"timeoutSeconds\":tftypes.Number]]<\"clientIP\":tftypes.Object[\"timeoutSeconds\":tftypes.Number]<\"timeoutSeconds\":tftypes.Number<null>>>, \"trafficDistribution\":tftypes.String<null>, \"type\":tftypes.String<\"LoadBalancer\">>>"
2025-11-16T15:59:03.756Z [DEBUG] provider.terraform-provider-kubernetes_v2.38.0_x5: 2025-11-16T15:59:03.756Z [DEBUG] [UpgradeResourceState]: morphed object="tftypes.Object[\"apiVersion\":tftypes.String, \"kind\":tftypes.String, \"metadata\":tftypes.Object[\"annotations\":tftypes.Map[tftypes.String], \"creationTimestamp\":tftypes.String, \"deletionGracePeriodSeconds\":tftypes.Number, \"deletionTimestamp\":tftypes.String, \"finalizers\":tftypes.List[tftypes.String], \"generateName\":tftypes.String, \"generation\":tftypes.Number, \"labels\":tftypes.Map[tftypes.String], \"managedFields\":tftypes.Tuple[tftypes.Object[\"apiVersion\":tftypes.String, \"fieldsType\":tftypes.String, \"fieldsV1\":tftypes.DynamicPseudoType, \"manager\":tftypes.String, \"operation\":tftypes.String, \"subresource\":tftypes.String, \"time\":tftypes.String]], \"name\":tftypes.String, \"namespace\":tftypes.String, \"ownerReferences\":tftypes.List[tftypes.Object[\"apiVersion\":tftypes.String, \"blockOwnerDeletion\":tftypes.Bool, \"controller\":tftypes.Bool, \"kind\":tftypes.String, \"name\":tftypes.String, \"uid\":tftypes.String]], \"resourceVersion\":tftypes.String, \"selfLink\":tftypes.String, \"uid\":tftypes.String], \"spec\":tftypes.Object[\"allocateLoadBalancerNodePorts\":tftypes.Bool, \"clusterIP\":tftypes.String, \"clusterIPs\":tftypes.List[tftypes.String], \"externalIPs\":tftypes.List[tftypes.String], \"externalName\":tftypes.String, \"externalTrafficPolicy\":tftypes.String, \"healthCheckNodePort\":tftypes.Number, \"internalTrafficPolicy\":tftypes.String, \"ipFamilies\":tftypes.List[tftypes.String], \"ipFamilyPolicy\":tftypes.String, \"loadBalancerClass\":tftypes.String, \"loadBalancerIP\":tftypes.String, \"loadBalancerSourceRanges\":tftypes.List[tftypes.String], \"ports\":tftypes.List[tftypes.Object[\"appProtocol\":tftypes.String, \"name\":tftypes.String, \"nodePort\":tftypes.Number, \"port\":tftypes.Number, \"protocol\":tftypes.String, \"targetPort\":tftypes.String]], \"publishNotReadyAddresses\":tftypes.Bool, \"selector\":tftypes.Map[tftypes.String], \"sessionAffinity\":tftypes.String, \"sessionAffinityConfig\":tftypes.Object[\"clientIP\":tftypes.Object[\"timeoutSeconds\":tftypes.Number]], \"trafficDistribution\":tftypes.String, \"type\":tftypes.String]]<\"apiVersion\":tftypes.String<\"v1\">, \"kind\":tftypes.String<\"Service\">, \"metadata\":tftypes.Object[\"annotations\":tftypes.Map[tftypes.String], \"creationTimestamp\":tftypes.String, \"deletionGracePeriodSeconds\":tftypes.Number, \"deletionTimestamp\":tftypes.String, \"finalizers\":tftypes.List[tftypes.String], \"generateName\":tftypes.String, \"generation\":tftypes.Number, \"labels\":tftypes.Map[tftypes.String], \"managedFields\":tftypes.Tuple[tftypes.Object[\"apiVersion\":tftypes.String, \"fieldsType\":tftypes.String, \"fieldsV1\":tftypes.DynamicPseudoType, \"manager\":tftypes.String, \"operation\":tftypes.String, \"subresource\":tftypes.String, \"time\":tftypes.String]], \"name\":tftypes.String, \"namespace\":tftypes.String, \"ownerReferences\":tftypes.List[tftypes.Object[\"apiVersion\":tftypes.String, \"blockOwnerDeletion\":tftypes.Bool, \"controller\":tftypes.Bool, \"kind\":tftypes.String, \"name\":tftypes.String, \"uid\":tftypes.String]], \"resourceVersion\":tftypes.String, \"selfLink\":tftypes.String, \"uid\":tftypes.String]<\"annotations\":tftypes.Map[tftypes.String]<null>, \"creationTimestamp\":tftypes.String<null>, \"deletionGracePeriodSeconds\":tftypes.Number<null>, \"deletionTimestamp\":tftypes.String<null>, \"finalizers\":tftypes.List[tftypes.String]<null>, \"generateName\":tftypes.String<null>, \"generation\":tftypes.Number<null>, \"labels\":tftypes.Map[tftypes.String]<null>, \"managedFields\":tftypes.Tuple[tftypes.Object[\"apiVersion\":tftypes.String, \"fieldsType\":tftypes.String, \"fieldsV1\":tftypes.DynamicPseudoType, \"manager\":tftypes.String, \"operation\":tftypes.String, \"subresource\":tftypes.String, \"time\":tftypes.String]]<null>, \"name\":tftypes.String<\"grafana\">, \"namespace\":tftypes.String<\"monitoring\">, \"ownerReferences\":tftypes.List[tftypes.Object[\"apiVersion\":tftypes.String, \"blockOwnerDeletion\":tftypes.Bool, \"controller\":tftypes.Bool, \"kind\":tftypes.String, \"name\":tftypes.String, \"uid\":tftypes.String]]<null>, \"resourceVersion\":tftypes.String<null>, \"selfLink\":tftypes.String<null>, \"uid\":tftypes.String<null>>, \"spec\":tftypes.Object[\"allocateLoadBalancerNodePorts\":tftypes.Bool, \"clusterIP\":tftypes.String, \"clusterIPs\":tftypes.List[tftypes.String], \"externalIPs\":tftypes.List[tftypes.String], \"externalName\":tftypes.String, \"externalTrafficPolicy\":tftypes.String, \"healthCheckNodePort\":tftypes.Number, \"internalTrafficPolicy\":tftypes.String, \"ipFamilies\":tftypes.List[tftypes.String], \"ipFamilyPolicy\":tftypes.String, \"loadBalancerClass\":tftypes.String, \"loadBalancerIP\":tftypes.String, \"loadBalancerSourceRanges\":tftypes.List[tftypes.String], \"ports\":tftypes.List[tftypes.Object[\"appProtocol\":tftypes.String, \"name\":tftypes.String, \"nodePort\":tftypes.Number, \"port\":tftypes.Number, \"protocol\":tftypes.String, \"targetPort\":tftypes.String]], \"publishNotReadyAddresses\":tftypes.Bool, \"selector\":tftypes.Map[tftypes.String], \"sessionAffinity\":tftypes.String, \"sessionAffinityConfig\":tftypes.Object[\"clientIP\":tftypes.Object[\"timeoutSeconds\":tftypes.Number]], \"trafficDistribution\":tftypes.String, \"type\":tftypes.String]<\"allocateLoadBalancerNodePorts\":tftypes.Bool<\"true\">, \"clusterIP\":tftypes.String<\"10.111.54.2\">, \"clusterIPs\":tftypes.List[tftypes.String]<tftypes.String<\"10.111.54.2\">>, \"externalIPs\":tftypes.List[tftypes.String]<null>, \"externalName\":tftypes.String<null>, \"externalTrafficPolicy\":tftypes.String<\"Cluster\">, \"healthCheckNodePort\":tftypes.Number<null>, \"internalTrafficPolicy\":tftypes.String<\"Cluster\">, \"ipFamilies\":tftypes.List[tftypes.String]<tftypes.String<\"IPv4\">>, \"ipFamilyPolicy\":tftypes.String<\"SingleStack\">, \"loadBalancerClass\":tftypes.String<null>, \"loadBalancerIP\":tftypes.String<null>, \"loadBalancerSourceRanges\":tftypes.List[tftypes.String]<null>, \"ports\":tftypes.List[tftypes.Object[\"appProtocol\":tftypes.String, \"name\":tftypes.String, \"nodePort\":tftypes.Number, \"port\":tftypes.Number, \"protocol\":tftypes.String, \"targetPort\":tftypes.String]]<tftypes.Object[\"appProtocol\":tftypes.String, \"name\":tftypes.String, \"nodePort\":tftypes.Number, \"port\":tftypes.Number, \"protocol\":tftypes.String, \"targetPort\":tftypes.String]<\"appProtocol\":tftypes.String<null>, \"name\":tftypes.String<null>, \"nodePort\":tftypes.Number<\"30407\">, \"port\":tftypes.Number<\"80\">, \"protocol\":tftypes.String<\"TCP\">, \"targetPort\":tftypes.String<\"80\">>>, \"publishNotReadyAddresses\":tftypes.Bool<null>, \"selector\":tftypes.Map[tftypes.String]<\"app\":tftypes.String<\"grafana\">>, \"sessionAffinity\":tftypes.String<\"None\">, \"sessionAffinityConfig\":tftypes.Object[\"clientIP\":tftypes.Object[\"timeoutSeconds\":tftypes.Number]]<\"clientIP\":tftypes.Object[\"timeoutSeconds\":tftypes.Number]<\"timeoutSeconds\":tftypes.Number<null>>>, \"trafficDistribution\":tftypes.String<null>, \"type\":tftypes.String<\"LoadBalancer\">>>"
2025-11-16T15:59:03.798Z [DEBUG] skipping FixUpBlockAttrs
2025-11-16T15:59:03.806Z [DEBUG] skipping FixUpBlockAttrs
2025-11-16T15:59:03.813Z [DEBUG] provider.terraform-provider-kubernetes_v2.38.0_x5: 2025-11-16T15:59:03.813Z [DEBUG] [PlanUpdateResource]: OAPI type="tftypes.Object[\"apiVersion\":tftypes.String, \"kind\":tftypes.String, \"metadata\":tftypes.Object[\"annotations\":tftypes.Map[tftypes.String], \"creationTimestamp\":tftypes.String, \"deletionGracePeriodSeconds\":tftypes.Number, \"deletionTimestamp\":tftypes.String, \"finalizers\":tftypes.List[tftypes.String], \"generateName\":tftypes.String, \"generation\":tftypes.Number, \"labels\":tftypes.Map[tftypes.String], \"managedFields\":tftypes.Tuple[tftypes.Object[\"apiVersion\":tftypes.String, \"fieldsType\":tftypes.String, \"fieldsV1\":tftypes.DynamicPseudoType, \"manager\":tftypes.String, \"operation\":tftypes.String, \"subresource\":tftypes.String, \"time\":tftypes.String]], \"name\":tftypes.String, \"namespace\":tftypes.String, \"ownerReferences\":tftypes.List[tftypes.Object[\"apiVersion\":tftypes.String, \"blockOwnerDeletion\":tftypes.Bool, \"controller\":tftypes.Bool, \"kind\":tftypes.String, \"name\":tftypes.String, \"uid\":tftypes.String]], \"resourceVersion\":tftypes.String, \"selfLink\":tftypes.String, \"uid\":tftypes.String], \"spec\":tftypes.Object[\"allocateLoadBalancerNodePorts\":tftypes.Bool, \"clusterIP\":tftypes.String, \"clusterIPs\":tftypes.List[tftypes.String], \"externalIPs\":tftypes.List[tftypes.String], \"externalName\":tftypes.String, \"externalTrafficPolicy\":tftypes.String, \"healthCheckNodePort\":tftypes.Number, \"internalTrafficPolicy\":tftypes.String, \"ipFamilies\":tftypes.List[tftypes.String], \"ipFamilyPolicy\":tftypes.String, \"loadBalancerClass\":tftypes.String, \"loadBalancerIP\":tftypes.String, \"loadBalancerSourceRanges\":tftypes.List[tftypes.String], \"ports\":tftypes.List[tftypes.Object[\"appProtocol\":tftypes.String, \"name\":tftypes.String, \"nodePort\":tftypes.Number, \"port\":tftypes.Number, \"protocol\":tftypes.String, \"targetPort\":tftypes.String]], \"publishNotReadyAddresses\":tftypes.Bool, \"selector\":tftypes.Map[tftypes.String], \"sessionAffinity\":tftypes.String, \"sessionAffinityConfig\":tftypes.Object[\"clientIP\":tftypes.Object[\"timeoutSeconds\":tftypes.Number]], \"trafficDistribution\":tftypes.String, \"type\":tftypes.String]]"
2025-11-16T15:59:03.814Z [DEBUG] provider.terraform-provider-kubernetes_v2.38.0_x5: 2025-11-16T15:59:03.813Z [DEBUG] [PlanResourceChange]: morphed manifest="tftypes.Object[\"apiVersion\":tftypes.String, \"kind\":tftypes.String, \"metadata\":tftypes.Object[\"annotations\":tftypes.Map[tftypes.String], \"creationTimestamp\":tftypes.String, \"deletionGracePeriodSeconds\":tftypes.Number, \"deletionTimestamp\":tftypes.String, \"finalizers\":tftypes.List[tftypes.String], \"generateName\":tftypes.String, \"generation\":tftypes.Number, \"labels\":tftypes.Map[tftypes.String], \"managedFields\":tftypes.Tuple[tftypes.Object[\"apiVersion\":tftypes.String, \"fieldsType\":tftypes.String, \"fieldsV1\":tftypes.DynamicPseudoType, \"manager\":tftypes.String, \"operation\":tftypes.String, \"subresource\":tftypes.String, \"time\":tftypes.String]], \"name\":tftypes.String, \"namespace\":tftypes.String, \"ownerReferences\":tftypes.List[tftypes.Object[\"apiVersion\":tftypes.String, \"blockOwnerDeletion\":tftypes.Bool, \"controller\":tftypes.Bool, \"kind\":tftypes.String, \"name\":tftypes.String, \"uid\":tftypes.String]], \"resourceVersion\":tftypes.String, \"selfLink\":tftypes.String, \"uid\":tftypes.String], \"spec\":tftypes.Object[\"allocateLoadBalancerNodePorts\":tftypes.Bool, \"clusterIP\":tftypes.String, \"clusterIPs\":tftypes.List[tftypes.String], \"externalIPs\":tftypes.List[tftypes.String], \"externalName\":tftypes.String, \"externalTrafficPolicy\":tftypes.String, \"healthCheckNodePort\":tftypes.Number, \"internalTrafficPolicy\":tftypes.String, \"ipFamilies\":tftypes.List[tftypes.String], \"ipFamilyPolicy\":tftypes.String, \"loadBalancerClass\":tftypes.String, \"loadBalancerIP\":tftypes.String, \"loadBalancerSourceRanges\":tftypes.List[tftypes.String], \"ports\":tftypes.List[tftypes.Object[\"appProtocol\":tftypes.String, \"name\":tftypes.String, \"nodePort\":tftypes.Number, \"port\":tftypes.Number, \"protocol\":tftypes.String, \"targetPort\":tftypes.String]], \"publishNotReadyAddresses\":tftypes.Bool, \"selector\":tftypes.Map[tftypes.String], \"sessionAffinity\":tftypes.String, \"sessionAffinityConfig\":tftypes.Object[\"clientIP\":tftypes.Object[\"timeoutSeconds\":tftypes.Number]], \"trafficDistribution\":tftypes.String, \"type\":tftypes.String]]<\"apiVersion\":tftypes.String<\"v1\">, \"kind\":tftypes.String<\"Service\">, \"metadata\":tftypes.Object[\"annotations\":tftypes.Map[tftypes.String], \"creationTimestamp\":tftypes.String, \"deletionGracePeriodSeconds\":tftypes.Number, \"deletionTimestamp\":tftypes.String, \"finalizers\":tftypes.List[tftypes.String], \"generateName\":tftypes.String, \"generation\":tftypes.Number, \"labels\":tftypes.Map[tftypes.String], \"managedFields\":tftypes.Tuple[tftypes.Object[\"apiVersion\":tftypes.String, \"fieldsType\":tftypes.String, \"fieldsV1\":tftypes.DynamicPseudoType, \"manager\":tftypes.String, \"operation\":tftypes.String, \"subresource\":tftypes.String, \"time\":tftypes.String]], \"name\":tftypes.String, \"namespace\":tftypes.String, \"ownerReferences\":tftypes.List[tftypes.Object[\"apiVersion\":tftypes.String, \"blockOwnerDeletion\":tftypes.Bool, \"controller\":tftypes.Bool, \"kind\":tftypes.String, \"name\":tftypes.String, \"uid\":tftypes.String]], \"resourceVersion\":tftypes.String, \"selfLink\":tftypes.String, \"uid\":tftypes.String]<\"annotations\":tftypes.Map[tftypes.String]<null>, \"creationTimestamp\":tftypes.String<null>, \"deletionGracePeriodSeconds\":tftypes.Number<null>, \"deletionTimestamp\":tftypes.String<null>, \"finalizers\":tftypes.List[tftypes.String]<null>, \"generateName\":tftypes.String<null>, \"generation\":tftypes.Number<null>, \"labels\":tftypes.Map[tftypes.String]<null>, \"managedFields\":tftypes.Tuple[tftypes.Object[\"apiVersion\":tftypes.String, \"fieldsType\":tftypes.String, \"fieldsV1\":tftypes.DynamicPseudoType, \"manager\":tftypes.String, \"operation\":tftypes.String, \"subresource\":tftypes.String, \"time\":tftypes.String]]<null>, \"name\":tftypes.String<\"prometheus-server\">, \"namespace\":tftypes.String<\"monitoring\">, \"ownerReferences\":tftypes.List[tftypes.Object[\"apiVersion\":tftypes.String, \"blockOwnerDeletion\":tftypes.Bool, \"controller\":tftypes.Bool, \"kind\":tftypes.String, \"name\":tftypes.String, \"uid\":tftypes.String]]<null>, \"resourceVersion\":tftypes.String<null>, \"selfLink\":tftypes.String<null>, \"uid\":tftypes.String<null>>, \"spec\":tftypes.Object[\"allocateLoadBalancerNodePorts\":tftypes.Bool, \"clusterIP\":tftypes.String, \"clusterIPs\":tftypes.List[tftypes.String], \"externalIPs\":tftypes.List[tftypes.String], \"externalName\":tftypes.String, \"externalTrafficPolicy\":tftypes.String, \"healthCheckNodePort\":tftypes.Number, \"internalTrafficPolicy\":tftypes.String, \"ipFamilies\":tftypes.List[tftypes.String], \"ipFamilyPolicy\":tftypes.String, \"loadBalancerClass\":tftypes.String, \"loadBalancerIP\":tftypes.String, \"loadBalancerSourceRanges\":tftypes.List[tftypes.String], \"ports\":tftypes.List[tftypes.Object[\"appProtocol\":tftypes.String, \"name\":tftypes.String, \"nodePort\":tftypes.Number, \"port\":tftypes.Number, \"protocol\":tftypes.String, \"targetPort\":tftypes.String]], \"publishNotReadyAddresses\":tftypes.Bool, \"selector\":tftypes.Map[tftypes.String], \"sessionAffinity\":tftypes.String, \"sessionAffinityConfig\":tftypes.Object[\"clientIP\":tftypes.Object[\"timeoutSeconds\":tftypes.Number]], \"trafficDistribution\":tftypes.String, \"type\":tftypes.String]<\"allocateLoadBalancerNodePorts\":tftypes.Bool<null>, \"clusterIP\":tftypes.String<null>, \"clusterIPs\":tftypes.List[tftypes.String]<null>, \"externalIPs\":tftypes.List[tftypes.String]<null>, \"externalName\":tftypes.String<null>, \"externalTrafficPolicy\":tftypes.String<null>, \"healthCheckNodePort\":tftypes.Number<null>, \"internalTrafficPolicy\":tftypes.String<null>, \"ipFamilies\":tftypes.List[tftypes.String]<null>, \"ipFamilyPolicy\":tftypes.String<null>, \"loadBalancerClass\":tftypes.String<null>, \"loadBalancerIP\":tftypes.String<null>, \"loadBalancerSourceRanges\":tftypes.List[tftypes.String]<null>, \"ports\":tftypes.List[tftypes.Object[\"appProtocol\":tftypes.String, \"name\":tftypes.String, \"nodePort\":tftypes.Number, \"port\":tftypes.Number, \"protocol\":tftypes.String, \"targetPort\":tftypes.String]]<tftypes.Object[\"appProtocol\":tftypes.String, \"name\":tftypes.String, \"nodePort\":tftypes.Number, \"port\":tftypes.Number, \"protocol\":tftypes.String, \"targetPort\":tftypes.String]<\"appProtocol\":tftypes.String<null>, \"name\":tftypes.String<null>, \"nodePort\":tftypes.Number<null>, \"port\":tftypes.Number<\"9090\">, \"protocol\":tftypes.String<\"TCP\">, \"targetPort\":tftypes.String<\"9090\">>>, \"publishNotReadyAddresses\":tftypes.Bool<null>, \"selector\":tftypes.Map[tftypes.String]<\"app\":tftypes.String<\"prometheus\">>, \"sessionAffinity\":tftypes.String<null>, \"sessionAffinityConfig\":tftypes.Object[\"clientIP\":tftypes.Object[\"timeoutSeconds\":tftypes.Number]]<null>, \"trafficDistribution\":tftypes.String<null>, \"type\":tftypes.String<\"LoadBalancer\">>>"
2025-11-16T15:59:03.814Z [DEBUG] provider.terraform-provider-kubernetes_v2.38.0_x5: 2025-11-16T15:59:03.814Z [DEBUG] [PlanResourceChange]: backfilled manifest="tftypes.Object[\"apiVersion\":tftypes.String, \"kind\":tftypes.String, \"metadata\":tftypes.Object[\"annotations\":tftypes.Map[tftypes.String], \"creationTimestamp\":tftypes.String, \"deletionGracePeriodSeconds\":tftypes.Number, \"deletionTimestamp\":tftypes.String, \"finalizers\":tftypes.List[tftypes.String], \"generateName\":tftypes.String, \"generation\":tftypes.Number, \"labels\":tftypes.Map[tftypes.String], \"managedFields\":tftypes.Tuple[tftypes.Object[\"apiVersion\":tftypes.String, \"fieldsType\":tftypes.String, \"fieldsV1\":tftypes.DynamicPseudoType, \"manager\":tftypes.String, \"operation\":tftypes.String, \"subresource\":tftypes.String, \"time\":tftypes.String]], \"name\":tftypes.String, \"namespace\":tftypes.String, \"ownerReferences\":tftypes.List[tftypes.Object[\"apiVersion\":tftypes.String, \"blockOwnerDeletion\":tftypes.Bool, \"controller\":tftypes.Bool, \"kind\":tftypes.String, \"name\":tftypes.String, \"uid\":tftypes.String]], \"resourceVersion\":tftypes.String, \"selfLink\":tftypes.String, \"uid\":tftypes.String], \"spec\":tftypes.Object[\"allocateLoadBalancerNodePorts\":tftypes.Bool, \"clusterIP\":tftypes.String, \"clusterIPs\":tftypes.List[tftypes.String], \"externalIPs\":tftypes.List[tftypes.String], \"externalName\":tftypes.String, \"externalTrafficPolicy\":tftypes.String, \"healthCheckNodePort\":tftypes.Number, \"internalTrafficPolicy\":tftypes.String, \"ipFamilies\":tftypes.List[tftypes.String], \"ipFamilyPolicy\":tftypes.String, \"loadBalancerClass\":tftypes.String, \"loadBalancerIP\":tftypes.String, \"loadBalancerSourceRanges\":tftypes.List[tftypes.String], \"ports\":tftypes.List[tftypes.Object[\"appProtocol\":tftypes.String, \"name\":tftypes.String, \"nodePort\":tftypes.Number, \"port\":tftypes.Number, \"protocol\":tftypes.String, \"targetPort\":tftypes.String]], \"publishNotReadyAddresses\":tftypes.Bool, \"selector\":tftypes.Map[tftypes.String], \"sessionAffinity\":tftypes.String, \"sessionAffinityConfig\":tftypes.Object[\"clientIP\":tftypes.Object[\"timeoutSeconds\":tftypes.Number]], \"trafficDistribution\":tftypes.String, \"type\":tftypes.String]]<\"apiVersion\":tftypes.String<\"v1\">, \"kind\":tftypes.String<\"Service\">, \"metadata\":tftypes.Object[\"annotations\":tftypes.Map[tftypes.String], \"creationTimestamp\":tftypes.String, \"deletionGracePeriodSeconds\":tftypes.Number, \"deletionTimestamp\":tftypes.String, \"finalizers\":tftypes.List[tftypes.String], \"generateName\":tftypes.String, \"generation\":tftypes.Number, \"labels\":tftypes.Map[tftypes.String], \"managedFields\":tftypes.Tuple[tftypes.Object[\"apiVersion\":tftypes.String, \"fieldsType\":tftypes.String, \"fieldsV1\":tftypes.DynamicPseudoType, \"manager\":tftypes.String, \"operation\":tftypes.String, \"subresource\":tftypes.String, \"time\":tftypes.String]], \"name\":tftypes.String, \"namespace\":tftypes.String, \"ownerReferences\":tftypes.List[tftypes.Object[\"apiVersion\":tftypes.String, \"blockOwnerDeletion\":tftypes.Bool, \"controller\":tftypes.Bool, \"kind\":tftypes.String, \"name\":tftypes.String, \"uid\":tftypes.String]], \"resourceVersion\":tftypes.String, \"selfLink\":tftypes.String, \"uid\":tftypes.String]<\"annotations\":tftypes.Map[tftypes.String]<unknown>, \"creationTimestamp\":tftypes.String<unknown>, \"deletionGracePeriodSeconds\":tftypes.Number<unknown>, \"deletionTimestamp\":tftypes.String<unknown>, \"finalizers\":tftypes.List[tftypes.String]<unknown>, \"generateName\":tftypes.String<unknown>, \"generation\":tftypes.Number<unknown>, \"labels\":tftypes.Map[tftypes.String]<unknown>, \"managedFields\":tftypes.Tuple[tftypes.Object[\"apiVersion\":tftypes.String, \"fieldsType\":tftypes.String, \"fieldsV1\":tftypes.DynamicPseudoType, \"manager\":tftypes.String, \"operation\":tftypes.String, \"subresource\":tftypes.String, \"time\":tftypes.String]]<unknown>, \"name\":tftypes.String<\"prometheus-server\">, \"namespace\":tftypes.String<\"monitoring\">, \"ownerReferences\":tftypes.List[tftypes.Object[\"apiVersion\":tftypes.String, \"blockOwnerDeletion\":tftypes.Bool, \"controller\":tftypes.Bool, \"kind\":tftypes.String, \"name\":tftypes.String, \"uid\":tftypes.String]]<unknown>, \"resourceVersion\":tftypes.String<unknown>, \"selfLink\":tftypes.String<unknown>, \"uid\":tftypes.String<unknown>>, \"spec\":tftypes.Object[\"allocateLoadBalancerNodePorts\":tftypes.Bool, \"clusterIP\":tftypes.String, \"clusterIPs\":tftypes.List[tftypes.String], \"externalIPs\":tftypes.List[tftypes.String], \"externalName\":tftypes.String, \"externalTrafficPolicy\":tftypes.String, \"healthCheckNodePort\":tftypes.Number, \"internalTrafficPolicy\":tftypes.String, \"ipFamilies\":tftypes.List[tftypes.String], \"ipFamilyPolicy\":tftypes.String, \"loadBalancerClass\":tftypes.String, \"loadBalancerIP\":tftypes.String, \"loadBalancerSourceRanges\":tftypes.List[tftypes.String], \"ports\":tftypes.List[tftypes.Object[\"appProtocol\":tftypes.String, \"name\":tftypes.String, \"nodePort\":tftypes.Number, \"port\":tftypes.Number, \"protocol\":tftypes.String, \"targetPort\":tftypes.String]], \"publishNotReadyAddresses\":tftypes.Bool, \"selector\":tftypes.Map[tftypes.String], \"sessionAffinity\":tftypes.String, \"sessionAffinityConfig\":tftypes.Object[\"clientIP\":tftypes.Object[\"timeoutSeconds\":tftypes.Number]], \"trafficDistribution\":tftypes.String, \"type\":tftypes.String]<\"allocateLoadBalancerNodePorts\":tftypes.Bool<unknown>, \"clusterIP\":tftypes.String<unknown>, \"clusterIPs\":tftypes.List[tftypes.String]<unknown>, \"externalIPs\":tftypes.List[tftypes.String]<unknown>, \"externalName\":tftypes.String<unknown>, \"externalTrafficPolicy\":tftypes.String<unknown>, \"healthCheckNodePort\":tftypes.Number<unknown>, \"internalTrafficPolicy\":tftypes.String<unknown>, \"ipFamilies\":tftypes.List[tftypes.String]<unknown>, \"ipFamilyPolicy\":tftypes.String<unknown>, \"loadBalancerClass\":tftypes.String<unknown>, \"loadBalancerIP\":tftypes.String<unknown>, \"loadBalancerSourceRanges\":tftypes.List[tftypes.String]<unknown>, \"ports\":tftypes.List[tftypes.Object[\"appProtocol\":tftypes.String, \"name\":tftypes.String, \"nodePort\":tftypes.Number, \"port\":tftypes.Number, \"protocol\":tftypes.String, \"targetPort\":tftypes.String]]<tftypes.Object[\"appProtocol\":tftypes.String, \"name\":tftypes.String, \"nodePort\":tftypes.Number, \"port\":tftypes.Number, \"protocol\":tftypes.String, \"targetPort\":tftypes.String]<\"appProtocol\":tftypes.String<unknown>, \"name\":tftypes.String<unknown>, \"nodePort\":tftypes.Number<unknown>, \"port\":tftypes.Number<\"9090\">, \"protocol\":tftypes.String<\"TCP\">, \"targetPort\":tftypes.String<\"9090\">>>, \"publishNotReadyAddresses\":tftypes.Bool<unknown>, \"selector\":tftypes.Map[tftypes.String]<\"app\":tftypes.String<\"prometheus\">>, \"sessionAffinity\":tftypes.String<unknown>, \"sessionAffinityConfig\":tftypes.Object[\"clientIP\":tftypes.Object[\"timeoutSeconds\":tftypes.Number]]<\"clientIP\":tftypes.Object[\"timeoutSeconds\":tftypes.Number]<\"timeoutSeconds\":tftypes.Number<unknown>>>, \"trafficDistribution\":tftypes.String<unknown>, \"type\":tftypes.String<\"LoadBalancer\">>>"
2025-11-16T15:59:03.823Z [DEBUG] provider.terraform-provider-kubernetes_v2.38.0_x5: 2025-11-16T15:59:03.823Z [DEBUG] [PlanUpdateResource]: OAPI type="tftypes.Object[\"apiVersion\":tftypes.String, \"kind\":tftypes.String, \"metadata\":tftypes.Object[\"annotations\":tftypes.Map[tftypes.String], \"creationTimestamp\":tftypes.String, \"deletionGracePeriodSeconds\":tftypes.Number, \"deletionTimestamp\":tftypes.String, \"finalizers\":tftypes.List[tftypes.String], \"generateName\":tftypes.String, \"generation\":tftypes.Number, \"labels\":tftypes.Map[tftypes.String], \"managedFields\":tftypes.Tuple[tftypes.Object[\"apiVersion\":tftypes.String, \"fieldsType\":tftypes.String, \"fieldsV1\":tftypes.DynamicPseudoType, \"manager\":tftypes.String, \"operation\":tftypes.String, \"subresource\":tftypes.String, \"time\":tftypes.String]], \"name\":tftypes.String, \"namespace\":tftypes.String, \"ownerReferences\":tftypes.List[tftypes.Object[\"apiVersion\":tftypes.String, \"blockOwnerDeletion\":tftypes.Bool, \"controller\":tftypes.Bool, \"kind\":tftypes.String, \"name\":tftypes.String, \"uid\":tftypes.String]], \"resourceVersion\":tftypes.String, \"selfLink\":tftypes.String, \"uid\":tftypes.String], \"spec\":tftypes.Object[\"allocateLoadBalancerNodePorts\":tftypes.Bool, \"clusterIP\":tftypes.String, \"clusterIPs\":tftypes.List[tftypes.String], \"externalIPs\":tftypes.List[tftypes.String], \"externalName\":tftypes.String, \"externalTrafficPolicy\":tftypes.String, \"healthCheckNodePort\":tftypes.Number, \"internalTrafficPolicy\":tftypes.String, \"ipFamilies\":tftypes.List[tftypes.String], \"ipFamilyPolicy\":tftypes.String, \"loadBalancerClass\":tftypes.String, \"loadBalancerIP\":tftypes.String, \"loadBalancerSourceRanges\":tftypes.List[tftypes.String], \"ports\":tftypes.List[tftypes.Object[\"appProtocol\":tftypes.String, \"name\":tftypes.String, \"nodePort\":tftypes.Number, \"port\":tftypes.Number, \"protocol\":tftypes.String, \"targetPort\":tftypes.String]], \"publishNotReadyAddresses\":tftypes.Bool, \"selector\":tftypes.Map[tftypes.String], \"sessionAffinity\":tftypes.String, \"sessionAffinityConfig\":tftypes.Object[\"clientIP\":tftypes.Object[\"timeoutSeconds\":tftypes.Number]], \"trafficDistribution\":tftypes.String, \"type\":tftypes.String]]"
2025-11-16T15:59:03.823Z [DEBUG] provider.terraform-provider-kubernetes_v2.38.0_x5: 2025-11-16T15:59:03.823Z [DEBUG] [PlanResourceChange]: morphed manifest="tftypes.Object[\"apiVersion\":tftypes.String, \"kind\":tftypes.String, \"metadata\":tftypes.Object[\"annotations\":tftypes.Map[tftypes.String], \"creationTimestamp\":tftypes.String, \"deletionGracePeriodSeconds\":tftypes.Number, \"deletionTimestamp\":tftypes.String, \"finalizers\":tftypes.List[tftypes.String], \"generateName\":tftypes.String, \"generation\":tftypes.Number, \"labels\":tftypes.Map[tftypes.String], \"managedFields\":tftypes.Tuple[tftypes.Object[\"apiVersion\":tftypes.String, \"fieldsType\":tftypes.String, \"fieldsV1\":tftypes.DynamicPseudoType, \"manager\":tftypes.String, \"operation\":tftypes.String, \"subresource\":tftypes.String, \"time\":tftypes.String]], \"name\":tftypes.String, \"namespace\":tftypes.String, \"ownerReferences\":tftypes.List[tftypes.Object[\"apiVersion\":tftypes.String, \"blockOwnerDeletion\":tftypes.Bool, \"controller\":tftypes.Bool, \"kind\":tftypes.String, \"name\":tftypes.String, \"uid\":tftypes.String]], \"resourceVersion\":tftypes.String, \"selfLink\":tftypes.String, \"uid\":tftypes.String], \"spec\":tftypes.Object[\"allocateLoadBalancerNodePorts\":tftypes.Bool, \"clusterIP\":tftypes.String, \"clusterIPs\":tftypes.List[tftypes.String], \"externalIPs\":tftypes.List[tftypes.String], \"externalName\":tftypes.String, \"externalTrafficPolicy\":tftypes.String, \"healthCheckNodePort\":tftypes.Number, \"internalTrafficPolicy\":tftypes.String, \"ipFamilies\":tftypes.List[tftypes.String], \"ipFamilyPolicy\":tftypes.String, \"loadBalancerClass\":tftypes.String, \"loadBalancerIP\":tftypes.String, \"loadBalancerSourceRanges\":tftypes.List[tftypes.String], \"ports\":tftypes.List[tftypes.Object[\"appProtocol\":tftypes.String, \"name\":tftypes.String, \"nodePort\":tftypes.Number, \"port\":tftypes.Number, \"protocol\":tftypes.String, \"targetPort\":tftypes.String]], \"publishNotReadyAddresses\":tftypes.Bool, \"selector\":tftypes.Map[tftypes.String], \"sessionAffinity\":tftypes.String, \"sessionAffinityConfig\":tftypes.Object[\"clientIP\":tftypes.Object[\"timeoutSeconds\":tftypes.Number]], \"trafficDistribution\":tftypes.String, \"type\":tftypes.String]]<\"apiVersion\":tftypes.String<\"v1\">, \"kind\":tftypes.String<\"Service\">, \"metadata\":tftypes.Object[\"annotations\":tftypes.Map[tftypes.String], \"creationTimestamp\":tftypes.String, \"deletionGracePeriodSeconds\":tftypes.Number, \"deletionTimestamp\":tftypes.String, \"finalizers\":tftypes.List[tftypes.String], \"generateName\":tftypes.String, \"generation\":tftypes.Number, \"labels\":tftypes.Map[tftypes.String], \"managedFields\":tftypes.Tuple[tftypes.Object[\"apiVersion\":tftypes.String, \"fieldsType\":tftypes.String, \"fieldsV1\":tftypes.DynamicPseudoType, \"manager\":tftypes.String, \"operation\":tftypes.String, \"subresource\":tftypes.String, \"time\":tftypes.String]], \"name\":tftypes.String, \"namespace\":tftypes.String, \"ownerReferences\":tftypes.List[tftypes.Object[\"apiVersion\":tftypes.String, \"blockOwnerDeletion\":tftypes.Bool, \"controller\":tftypes.Bool, \"kind\":tftypes.String, \"name\":tftypes.String, \"uid\":tftypes.String]], \"resourceVersion\":tftypes.String, \"selfLink\":tftypes.String, \"uid\":tftypes.String]<\"annotations\":tftypes.Map[tftypes.String]<null>, \"creationTimestamp\":tftypes.String<null>, \"deletionGracePeriodSeconds\":tftypes.Number<null>, \"deletionTimestamp\":tftypes.String<null>, \"finalizers\":tftypes.List[tftypes.String]<null>, \"generateName\":tftypes.String<null>, \"generation\":tftypes.Number<null>, \"labels\":tftypes.Map[tftypes.String]<null>, \"managedFields\":tftypes.Tuple[tftypes.Object[\"apiVersion\":tftypes.String, \"fieldsType\":tftypes.String, \"fieldsV1\":tftypes.DynamicPseudoType, \"manager\":tftypes.String, \"operation\":tftypes.String, \"subresource\":tftypes.String, \"time\":tftypes.String]]<null>, \"name\":tftypes.String<\"grafana\">, \"namespace\":tftypes.String<\"monitoring\">, \"ownerReferences\":tftypes.List[tftypes.Object[\"apiVersion\":tftypes.String, \"blockOwnerDeletion\":tftypes.Bool, \"controller\":tftypes.Bool, \"kind\":tftypes.String, \"name\":tftypes.String, \"uid\":tftypes.String]]<null>, \"resourceVersion\":tftypes.String<null>, \"selfLink\":tftypes.String<null>, \"uid\":tftypes.String<null>>, \"spec\":tftypes.Object[\"allocateLoadBalancerNodePorts\":tftypes.Bool, \"clusterIP\":tftypes.String, \"clusterIPs\":tftypes.List[tftypes.String], \"externalIPs\":tftypes.List[tftypes.String], \"externalName\":tftypes.String, \"externalTrafficPolicy\":tftypes.String, \"healthCheckNodePort\":tftypes.Number, \"internalTrafficPolicy\":tftypes.String, \"ipFamilies\":tftypes.List[tftypes.String], \"ipFamilyPolicy\":tftypes.String, \"loadBalancerClass\":tftypes.String, \"loadBalancerIP\":tftypes.String, \"loadBalancerSourceRanges\":tftypes.List[tftypes.String], \"ports\":tftypes.List[tftypes.Object[\"appProtocol\":tftypes.String, \"name\":tftypes.String, \"nodePort\":tftypes.Number, \"port\":tftypes.Number, \"protocol\":tftypes.String, \"targetPort\":tftypes.String]], \"publishNotReadyAddresses\":tftypes.Bool, \"selector\":tftypes.Map[tftypes.String], \"sessionAffinity\":tftypes.String, \"sessionAffinityConfig\":tftypes.Object[\"clientIP\":tftypes.Object[\"timeoutSeconds\":tftypes.Number]], \"trafficDistribution\":tftypes.String, \"type\":tftypes.String]<\"allocateLoadBalancerNodePorts\":tftypes.Bool<null>, \"clusterIP\":tftypes.String<null>, \"clusterIPs\":tftypes.List[tftypes.String]<null>, \"externalIPs\":tftypes.List[tftypes.String]<null>, \"externalName\":tftypes.String<null>, \"externalTrafficPolicy\":tftypes.String<null>, \"healthCheckNodePort\":tftypes.Number<null>, \"internalTrafficPolicy\":tftypes.String<null>, \"ipFamilies\":tftypes.List[tftypes.String]<null>, \"ipFamilyPolicy\":tftypes.String<null>, \"loadBalancerClass\":tftypes.String<null>, \"loadBalancerIP\":tftypes.String<null>, \"loadBalancerSourceRanges\":tftypes.List[tftypes.String]<null>, \"ports\":tftypes.List[tftypes.Object[\"appProtocol\":tftypes.String, \"name\":tftypes.String, \"nodePort\":tftypes.Number, \"port\":tftypes.Number, \"protocol\":tftypes.String, \"targetPort\":tftypes.String]]<tftypes.Object[\"appProtocol\":tftypes.String, \"name\":tftypes.String, \"nodePort\":tftypes.Number, \"port\":tftypes.Number, \"protocol\":tftypes.String, \"targetPort\":tftypes.String]<\"appProtocol\":tftypes.String<null>, \"name\":tftypes.String<null>, \"nodePort\":tftypes.Number<null>, \"port\":tftypes.Number<\"80\">, \"protocol\":tftypes.String<\"TCP\">, \"targetPort\":tftypes.String<\"80\">>>, \"publishNotReadyAddresses\":tftypes.Bool<null>, \"selector\":tftypes.Map[tftypes.String]<\"app\":tftypes.String<\"grafana\">>, \"sessionAffinity\":tftypes.String<null>, \"sessionAffinityConfig\":tftypes.Object[\"clientIP\":tftypes.Object[\"timeoutSeconds\":tftypes.Number]]<null>, \"trafficDistribution\":tftypes.String<null>, \"type\":tftypes.String<\"LoadBalancer\">>>"
2025-11-16T15:59:03.823Z [DEBUG] provider.terraform-provider-kubernetes_v2.38.0_x5: 2025-11-16T15:59:03.823Z [DEBUG] [PlanResourceChange]: backfilled manifest="tftypes.Object[\"apiVersion\":tftypes.String, \"kind\":tftypes.String, \"metadata\":tftypes.Object[\"annotations\":tftypes.Map[tftypes.String], \"creationTimestamp\":tftypes.String, \"deletionGracePeriodSeconds\":tftypes.Number, \"deletionTimestamp\":tftypes.String, \"finalizers\":tftypes.List[tftypes.String], \"generateName\":tftypes.String, \"generation\":tftypes.Number, \"labels\":tftypes.Map[tftypes.String], \"managedFields\":tftypes.Tuple[tftypes.Object[\"apiVersion\":tftypes.String, \"fieldsType\":tftypes.String, \"fieldsV1\":tftypes.DynamicPseudoType, \"manager\":tftypes.String, \"operation\":tftypes.String, \"subresource\":tftypes.String, \"time\":tftypes.String]], \"name\":tftypes.String, \"namespace\":tftypes.String, \"ownerReferences\":tftypes.List[tftypes.Object[\"apiVersion\":tftypes.String, \"blockOwnerDeletion\":tftypes.Bool, \"controller\":tftypes.Bool, \"kind\":tftypes.String, \"name\":tftypes.String, \"uid\":tftypes.String]], \"resourceVersion\":tftypes.String, \"selfLink\":tftypes.String, \"uid\":tftypes.String], \"spec\":tftypes.Object[\"allocateLoadBalancerNodePorts\":tftypes.Bool, \"clusterIP\":tftypes.String, \"clusterIPs\":tftypes.List[tftypes.String], \"externalIPs\":tftypes.List[tftypes.String], \"externalName\":tftypes.String, \"externalTrafficPolicy\":tftypes.String, \"healthCheckNodePort\":tftypes.Number, \"internalTrafficPolicy\":tftypes.String, \"ipFamilies\":tftypes.List[tftypes.String], \"ipFamilyPolicy\":tftypes.String, \"loadBalancerClass\":tftypes.String, \"loadBalancerIP\":tftypes.String, \"loadBalancerSourceRanges\":tftypes.List[tftypes.String], \"ports\":tftypes.List[tftypes.Object[\"appProtocol\":tftypes.String, \"name\":tftypes.String, \"nodePort\":tftypes.Number, \"port\":tftypes.Number, \"protocol\":tftypes.String, \"targetPort\":tftypes.String]], \"publishNotReadyAddresses\":tftypes.Bool, \"selector\":tftypes.Map[tftypes.String], \"sessionAffinity\":tftypes.String, \"sessionAffinityConfig\":tftypes.Object[\"clientIP\":tftypes.Object[\"timeoutSeconds\":tftypes.Number]], \"trafficDistribution\":tftypes.String, \"type\":tftypes.String]]<\"apiVersion\":tftypes.String<\"v1\">, \"kind\":tftypes.String<\"Service\">, \"metadata\":tftypes.Object[\"annotations\":tftypes.Map[tftypes.String], \"creationTimestamp\":tftypes.String, \"deletionGracePeriodSeconds\":tftypes.Number, \"deletionTimestamp\":tftypes.String, \"finalizers\":tftypes.List[tftypes.String], \"generateName\":tftypes.String, \"generation\":tftypes.Number, \"labels\":tftypes.Map[tftypes.String], \"managedFields\":tftypes.Tuple[tftypes.Object[\"apiVersion\":tftypes.String, \"fieldsType\":tftypes.String, \"fieldsV1\":tftypes.DynamicPseudoType, \"manager\":tftypes.String, \"operation\":tftypes.String, \"subresource\":tftypes.String, \"time\":tftypes.String]], \"name\":tftypes.String, \"namespace\":tftypes.String, \"ownerReferences\":tftypes.List[tftypes.Object[\"apiVersion\":tftypes.String, \"blockOwnerDeletion\":tftypes.Bool, \"controller\":tftypes.Bool, \"kind\":tftypes.String, \"name\":tftypes.String, \"uid\":tftypes.String]], \"resourceVersion\":tftypes.String, \"selfLink\":tftypes.String, \"uid\":tftypes.String]<\"annotations\":tftypes.Map[tftypes.String]<unknown>, \"creationTimestamp\":tftypes.String<unknown>, \"deletionGracePeriodSeconds\":tftypes.Number<unknown>, \"deletionTimestamp\":tftypes.String<unknown>, \"finalizers\":tftypes.List[tftypes.String]<unknown>, \"generateName\":tftypes.String<unknown>, \"generation\":tftypes.Number<unknown>, \"labels\":tftypes.Map[tftypes.String]<unknown>, \"managedFields\":tftypes.Tuple[tftypes.Object[\"apiVersion\":tftypes.String, \"fieldsType\":tftypes.String, \"fieldsV1\":tftypes.DynamicPseudoType, \"manager\":tftypes.String, \"operation\":tftypes.String, \"subresource\":tftypes.String, \"time\":tftypes.String]]<unknown>, \"name\":tftypes.String<\"grafana\">, \"namespace\":tftypes.String<\"monitoring\">, \"ownerReferences\":tftypes.List[tftypes.Object[\"apiVersion\":tftypes.String, \"blockOwnerDeletion\":tftypes.Bool, \"controller\":tftypes.Bool, \"kind\":tftypes.String, \"name\":tftypes.String, \"uid\":tftypes.String]]<unknown>, \"resourceVersion\":tftypes.String<unknown>, \"selfLink\":tftypes.String<unknown>, \"uid\":tftypes.String<unknown>>, \"spec\":tftypes.Object[\"allocateLoadBalancerNodePorts\":tftypes.Bool, \"clusterIP\":tftypes.String, \"clusterIPs\":tftypes.List[tftypes.String], \"externalIPs\":tftypes.List[tftypes.String], \"externalName\":tftypes.String, \"externalTrafficPolicy\":tftypes.String, \"healthCheckNodePort\":tftypes.Number, \"internalTrafficPolicy\":tftypes.String, \"ipFamilies\":tftypes.List[tftypes.String], \"ipFamilyPolicy\":tftypes.String, \"loadBalancerClass\":tftypes.String, \"loadBalancerIP\":tftypes.String, \"loadBalancerSourceRanges\":tftypes.List[tftypes.String], \"ports\":tftypes.List[tftypes.Object[\"appProtocol\":tftypes.String, \"name\":tftypes.String, \"nodePort\":tftypes.Number, \"port\":tftypes.Number, \"protocol\":tftypes.String, \"targetPort\":tftypes.String]], \"publishNotReadyAddresses\":tftypes.Bool, \"selector\":tftypes.Map[tftypes.String], \"sessionAffinity\":tftypes.String, \"sessionAffinityConfig\":tftypes.Object[\"clientIP\":tftypes.Object[\"timeoutSeconds\":tftypes.Number]], \"trafficDistribution\":tftypes.String, \"type\":tftypes.String]<\"allocateLoadBalancerNodePorts\":tftypes.Bool<unknown>, \"clusterIP\":tftypes.String<unknown>, \"clusterIPs\":tftypes.List[tftypes.String]<unknown>, \"externalIPs\":tftypes.List[tftypes.String]<unknown>, \"externalName\":tftypes.String<unknown>, \"externalTrafficPolicy\":tftypes.String<unknown>, \"healthCheckNodePort\":tftypes.Number<unknown>, \"internalTrafficPolicy\":tftypes.String<unknown>, \"ipFamilies\":tftypes.List[tftypes.String]<unknown>, \"ipFamilyPolicy\":tftypes.String<unknown>, \"loadBalancerClass\":tftypes.String<unknown>, \"loadBalancerIP\":tftypes.String<unknown>, \"loadBalancerSourceRanges\":tftypes.List[tftypes.String]<unknown>, \"ports\":tftypes.List[tftypes.Object[\"appProtocol\":tftypes.String, \"name\":tftypes.String, \"nodePort\":tftypes.Number, \"port\":tftypes.Number, \"protocol\":tftypes.String, \"targetPort\":tftypes.String]]<tftypes.Object[\"appProtocol\":tftypes.String, \"name\":tftypes.String, \"nodePort\":tftypes.Number, \"port\":tftypes.Number, \"protocol\":tftypes.String, \"targetPort\":tftypes.String]<\"appProtocol\":tftypes.String<unknown>, \"name\":tftypes.String<unknown>, \"nodePort\":tftypes.Number<unknown>, \"port\":tftypes.Number<\"80\">, \"protocol\":tftypes.String<\"TCP\">, \"targetPort\":tftypes.String<\"80\">>>, \"publishNotReadyAddresses\":tftypes.Bool<unknown>, \"selector\":tftypes.Map[tftypes.String]<\"app\":tftypes.String<\"grafana\">>, \"sessionAffinity\":tftypes.String<unknown>, \"sessionAffinityConfig\":tftypes.Object[\"clientIP\":tftypes.Object[\"timeoutSeconds\":tftypes.Number]]<\"clientIP\":tftypes.Object[\"timeoutSeconds\":tftypes.Number]<\"timeoutSeconds\":tftypes.Number<unknown>>>, \"trafficDistribution\":tftypes.String<unknown>, \"type\":tftypes.String<\"LoadBalancer\">>>"
2025-11-16T15:59:03.827Z [DEBUG] provider.stdio: received EOF, stopping recv loop: err="rpc error: code = Unavailable desc = error reading from server: EOF"
2025-11-16T15:59:03.837Z [INFO]  provider: plugin process exited: plugin=.terraform/providers/registry.terraform.io/hashicorp/kubernetes/2.38.0/linux_amd64/terraform-provider-kubernetes_v2.38.0_x5 id=173067
2025-11-16T15:59:03.837Z [DEBUG] provider: plugin exited
2025-11-16T15:59:03.910Z [INFO]  provider.terraform-provider-helm_v2.17.0_x5: 2025/11/16 15:59:03 [DEBUG] [resourceDiff: kube-prometheus-stack] Got chart kube-prometheus-stack version 60.3.0: timestamp=2025-11-16T15:59:03.910Z
2025-11-16T15:59:03.910Z [INFO]  provider.terraform-provider-helm_v2.17.0_x5: 2025/11/16 15:59:03 [DEBUG] [resourceDiff: kube-prometheus-stack] Release validated: timestamp=2025-11-16T15:59:03.910Z
2025-11-16T15:59:03.910Z [INFO]  provider.terraform-provider-helm_v2.17.0_x5: 2025/11/16 15:59:03 [DEBUG] [resourceDiff: kube-prometheus-stack] setting version to 60.3.0: timestamp=2025-11-16T15:59:03.910Z
2025-11-16T15:59:03.910Z [INFO]  provider.terraform-provider-helm_v2.17.0_x5: 2025/11/16 15:59:03 [DEBUG] [resourceDiff: kube-prometheus-stack] Done: timestamp=2025-11-16T15:59:03.910Z
2025-11-16T15:59:03.912Z [WARN]  Provider "registry.terraform.io/hashicorp/helm" produced an invalid plan for helm_release.kps, but we are tolerating it because it is using the legacy plugin SDK.
    The following problems may be the cause of any confusing errors from downstream operations:
      - .reuse_values: planned value cty.False for a non-computed attribute
      - .dependency_update: planned value cty.False for a non-computed attribute
      - .force_update: planned value cty.False for a non-computed attribute
      - .render_subchart_notes: planned value cty.True for a non-computed attribute
      - .disable_crd_hooks: planned value cty.False for a non-computed attribute
      - .disable_openapi_validation: planned value cty.False for a non-computed attribute
      - .replace: planned value cty.False for a non-computed attribute
      - .wait_for_jobs: planned value cty.False for a non-computed attribute
      - .max_history: planned value cty.NumberIntVal(0) for a non-computed attribute
      - .recreate_pods: planned value cty.False for a non-computed attribute
      - .verify: planned value cty.False for a non-computed attribute
      - .wait: planned value cty.True for a non-computed attribute
      - .pass_credentials: planned value cty.False for a non-computed attribute
      - .reset_values: planned value cty.False for a non-computed attribute
      - .skip_crds: planned value cty.False for a non-computed attribute
      - .atomic: planned value cty.False for a non-computed attribute
      - .create_namespace: planned value cty.False for a non-computed attribute
      - .disable_webhooks: planned value cty.False for a non-computed attribute
      - .timeout: planned value cty.NumberIntVal(300) for a non-computed attribute
      - .lint: planned value cty.False for a non-computed attribute
2025-11-16T15:59:03.914Z [DEBUG] provider.stdio: received EOF, stopping recv loop: err="rpc error: code = Unavailable desc = error reading from server: EOF"
2025-11-16T15:59:03.924Z [INFO]  provider: plugin process exited: plugin=.terraform/providers/registry.terraform.io/hashicorp/helm/2.17.0/linux_amd64/terraform-provider-helm_v2.17.0_x5 id=173076
2025-11-16T15:59:03.924Z [DEBUG] provider: plugin exited
2025-11-16T15:59:03.924Z [DEBUG] building apply graph to check for errors
2025-11-16T15:59:03.924Z [DEBUG] Resource state not found for node "helm_release.kps", instance helm_release.kps
2025-11-16T15:59:03.925Z [DEBUG] ProviderTransformer: "helm_release.kps (expand)" (*terraform.nodeExpandApplyableResource) needs provider["registry.terraform.io/hashicorp/helm"]
2025-11-16T15:59:03.925Z [DEBUG] ProviderTransformer: "helm_release.kps" (*terraform.NodeApplyableResourceInstance) needs provider["registry.terraform.io/hashicorp/helm"]
2025-11-16T15:59:03.925Z [DEBUG] ProviderTransformer: "kubernetes_namespace.monitoring (expand)" (*terraform.nodeExpandApplyableResource) needs provider["registry.terraform.io/hashicorp/kubernetes"]
2025-11-16T15:59:03.925Z [DEBUG] ProviderTransformer: "kubernetes_manifest.grafana_service (expand)" (*terraform.nodeExpandApplyableResource) needs provider["registry.terraform.io/hashicorp/kubernetes"]
2025-11-16T15:59:03.925Z [DEBUG] ProviderTransformer: "kubernetes_manifest.prometheus_service (expand)" (*terraform.nodeExpandApplyableResource) needs provider["registry.terraform.io/hashicorp/kubernetes"]
2025-11-16T15:59:03.925Z [DEBUG] ReferenceTransformer: "helm_release.kps" references: [kubernetes_namespace.monitoring (expand) kubernetes_namespace.monitoring (expand)]
2025-11-16T15:59:03.925Z [DEBUG] ReferenceTransformer: "provider[\"registry.terraform.io/hashicorp/helm\"]" references: []
2025-11-16T15:59:03.925Z [DEBUG] ReferenceTransformer: "provider[\"registry.terraform.io/hashicorp/kubernetes\"]" references: []
2025-11-16T15:59:03.925Z [DEBUG] ReferenceTransformer: "kubernetes_manifest.prometheus_service (expand)" references: []
2025-11-16T15:59:03.925Z [DEBUG] ReferenceTransformer: "helm_release.kps (expand)" references: [kubernetes_namespace.monitoring (expand) kubernetes_namespace.monitoring (expand)]
2025-11-16T15:59:03.925Z [DEBUG] ReferenceTransformer: "output.grafana_infos (expand)" references: []
2025-11-16T15:59:03.925Z [DEBUG] ReferenceTransformer: "output.prometheus_url (expand)" references: []
2025-11-16T15:59:03.925Z [DEBUG] ReferenceTransformer: "kubernetes_namespace.monitoring (expand)" references: []
2025-11-16T15:59:03.925Z [DEBUG] ReferenceTransformer: "kubernetes_manifest.grafana_service (expand)" references: []
2025-11-16T15:59:03.926Z [DEBUG] pruneUnusedNodes: kubernetes_manifest.prometheus_service (expand) is no longer needed, removing
2025-11-16T15:59:03.926Z [DEBUG] pruneUnusedNodes: kubernetes_manifest.grafana_service (expand) is no longer needed, removing
2025-11-16T15:59:03.945Z [INFO]  backend/local: apply calling Apply
2025-11-16T15:59:03.945Z [DEBUG] Building and walking apply graph for NormalMode plan
2025-11-16T15:59:03.946Z [DEBUG] Resource state not found for node "helm_release.kps", instance helm_release.kps
2025-11-16T15:59:03.946Z [DEBUG] ProviderTransformer: "kubernetes_namespace.monitoring (expand)" (*terraform.nodeExpandApplyableResource) needs provider["registry.terraform.io/hashicorp/kubernetes"]
2025-11-16T15:59:03.946Z [DEBUG] ProviderTransformer: "kubernetes_manifest.prometheus_service (expand)" (*terraform.nodeExpandApplyableResource) needs provider["registry.terraform.io/hashicorp/kubernetes"]
2025-11-16T15:59:03.946Z [DEBUG] ProviderTransformer: "kubernetes_manifest.grafana_service (expand)" (*terraform.nodeExpandApplyableResource) needs provider["registry.terraform.io/hashicorp/kubernetes"]
2025-11-16T15:59:03.946Z [DEBUG] ProviderTransformer: "helm_release.kps (expand)" (*terraform.nodeExpandApplyableResource) needs provider["registry.terraform.io/hashicorp/helm"]
2025-11-16T15:59:03.946Z [DEBUG] ProviderTransformer: "helm_release.kps" (*terraform.NodeApplyableResourceInstance) needs provider["registry.terraform.io/hashicorp/helm"]
2025-11-16T15:59:03.947Z [DEBUG] ReferenceTransformer: "provider[\"registry.terraform.io/hashicorp/helm\"]" references: []
2025-11-16T15:59:03.947Z [DEBUG] ReferenceTransformer: "kubernetes_namespace.monitoring (expand)" references: []
2025-11-16T15:59:03.947Z [DEBUG] ReferenceTransformer: "kubernetes_manifest.prometheus_service (expand)" references: []
2025-11-16T15:59:03.947Z [DEBUG] ReferenceTransformer: "kubernetes_manifest.grafana_service (expand)" references: []
2025-11-16T15:59:03.947Z [DEBUG] ReferenceTransformer: "output.grafana_infos (expand)" references: []
2025-11-16T15:59:03.947Z [DEBUG] ReferenceTransformer: "helm_release.kps (expand)" references: [kubernetes_namespace.monitoring (expand) kubernetes_namespace.monitoring (expand)]
2025-11-16T15:59:03.947Z [DEBUG] ReferenceTransformer: "output.prometheus_url (expand)" references: []
2025-11-16T15:59:03.948Z [DEBUG] ReferenceTransformer: "helm_release.kps" references: [kubernetes_namespace.monitoring (expand) kubernetes_namespace.monitoring (expand)]
2025-11-16T15:59:03.948Z [DEBUG] ReferenceTransformer: "provider[\"registry.terraform.io/hashicorp/kubernetes\"]" references: []
2025-11-16T15:59:03.948Z [DEBUG] pruneUnusedNodes: kubernetes_manifest.prometheus_service (expand) is no longer needed, removing
2025-11-16T15:59:03.949Z [DEBUG] pruneUnusedNodes: kubernetes_manifest.grafana_service (expand) is no longer needed, removing
2025-11-16T15:59:03.949Z [DEBUG] Starting graph walk: walkApply
2025-11-16T15:59:03.949Z [DEBUG] created provider logger: level=debug
2025-11-16T15:59:03.950Z [INFO]  provider: configuring client automatic mTLS
2025-11-16T15:59:03.962Z [DEBUG] provider: starting plugin: path=.terraform/providers/registry.terraform.io/hashicorp/helm/2.17.0/linux_amd64/terraform-provider-helm_v2.17.0_x5 args=[".terraform/providers/registry.terraform.io/hashicorp/helm/2.17.0/linux_amd64/terraform-provider-helm_v2.17.0_x5"]
2025-11-16T15:59:03.962Z [DEBUG] provider: plugin started: path=.terraform/providers/registry.terraform.io/hashicorp/helm/2.17.0/linux_amd64/terraform-provider-helm_v2.17.0_x5 pid=173086
2025-11-16T15:59:03.963Z [DEBUG] provider: waiting for RPC address: plugin=.terraform/providers/registry.terraform.io/hashicorp/helm/2.17.0/linux_amd64/terraform-provider-helm_v2.17.0_x5
2025-11-16T15:59:04.001Z [INFO]  provider.terraform-provider-helm_v2.17.0_x5: configuring server automatic mTLS: timestamp=2025-11-16T15:59:04.001Z
2025-11-16T15:59:04.035Z [DEBUG] provider: using plugin: version=5
2025-11-16T15:59:04.035Z [DEBUG] provider.terraform-provider-helm_v2.17.0_x5: plugin address: address=/tmp/plugin3321701478 network=unix timestamp=2025-11-16T15:59:04.034Z
2025-11-16T15:59:04.056Z [DEBUG] created provider logger: level=debug
2025-11-16T15:59:04.056Z [INFO]  provider: configuring client automatic mTLS
2025-11-16T15:59:04.058Z [WARN]  ValidateProviderConfig from "provider[\"registry.terraform.io/hashicorp/helm\"]" changed the config value, but that value is unused
2025-11-16T15:59:04.069Z [DEBUG] provider: starting plugin: path=.terraform/providers/registry.terraform.io/hashicorp/kubernetes/2.38.0/linux_amd64/terraform-provider-kubernetes_v2.38.0_x5 args=[".terraform/providers/registry.terraform.io/hashicorp/kubernetes/2.38.0/linux_amd64/terraform-provider-kubernetes_v2.38.0_x5"]
2025-11-16T15:59:04.069Z [DEBUG] provider: plugin started: path=.terraform/providers/registry.terraform.io/hashicorp/kubernetes/2.38.0/linux_amd64/terraform-provider-kubernetes_v2.38.0_x5 pid=173095
2025-11-16T15:59:04.069Z [DEBUG] provider: waiting for RPC address: plugin=.terraform/providers/registry.terraform.io/hashicorp/kubernetes/2.38.0/linux_amd64/terraform-provider-kubernetes_v2.38.0_x5
2025-11-16T15:59:04.123Z [INFO]  provider.terraform-provider-kubernetes_v2.38.0_x5: configuring server automatic mTLS: timestamp=2025-11-16T15:59:04.123Z
2025-11-16T15:59:04.154Z [DEBUG] provider: using plugin: version=5
2025-11-16T15:59:04.154Z [DEBUG] provider.terraform-provider-kubernetes_v2.38.0_x5: plugin address: address=/tmp/plugin3475944169 network=unix timestamp=2025-11-16T15:59:04.154Z
2025-11-16T15:59:04.179Z [INFO]  provider.terraform-provider-helm_v2.17.0_x5: 2025/11/16 15:59:04 [DEBUG] Experiments enabled: []: timestamp=2025-11-16T15:59:04.179Z
2025-11-16T15:59:04.197Z [DEBUG] provider.terraform-provider-kubernetes_v2.38.0_x5: 2025/11/16 15:59:04 [DEBUG] Using kubeconfig: /root/.kube/config
2025-11-16T15:59:04.199Z [DEBUG] provider.terraform-provider-kubernetes_v2.38.0_x5: 2025/11/16 15:59:04 [DEBUG] Enabling HTTP requests/responses tracing
2025-11-16T15:59:04.201Z [DEBUG] provider.stdio: received EOF, stopping recv loop: err="rpc error: code = Unavailable desc = error reading from server: EOF"
2025-11-16T15:59:04.204Z [INFO]  provider: plugin process exited: plugin=.terraform/providers/registry.terraform.io/hashicorp/kubernetes/2.38.0/linux_amd64/terraform-provider-kubernetes_v2.38.0_x5 id=173095
2025-11-16T15:59:04.204Z [DEBUG] provider: plugin exited
2025-11-16T15:59:04.214Z [INFO]  provider.terraform-provider-helm_v2.17.0_x5: 2025/11/16 15:59:04 [DEBUG] [resourceDiff: kube-prometheus-stack] Start: timestamp=2025-11-16T15:59:04.214Z
2025-11-16T15:59:04.214Z [INFO]  provider.terraform-provider-helm_v2.17.0_x5: 2025/11/16 15:59:04 [DEBUG] [resourceDiff: kube-prometheus-stack] upgrade_install is enabled: false: timestamp=2025-11-16T15:59:04.214Z
2025-11-16T15:59:04.214Z [INFO]  provider.terraform-provider-helm_v2.17.0_x5: 2025/11/16 15:59:04 [DEBUG] [resourceDiff: kube-prometheus-stack] targetVersion for release kube-prometheus-stack: '60.3.0': timestamp=2025-11-16T15:59:04.214Z
2025-11-16T15:59:04.214Z [INFO]  provider.terraform-provider-helm_v2.17.0_x5: 2025/11/16 15:59:04 [DEBUG] [INFO] GetHelmConfiguration start: timestamp=2025-11-16T15:59:04.214Z
2025-11-16T15:59:04.214Z [INFO]  provider.terraform-provider-helm_v2.17.0_x5: 2025/11/16 15:59:04 [DEBUG] Using kubeconfig: /root/.kube/config: timestamp=2025-11-16T15:59:04.214Z
2025-11-16T15:59:04.214Z [INFO]  provider.terraform-provider-helm_v2.17.0_x5: 2025/11/16 15:59:04 [INFO] Successfully initialized kubernetes config: timestamp=2025-11-16T15:59:04.214Z
2025-11-16T15:59:04.214Z [INFO]  provider.terraform-provider-helm_v2.17.0_x5: 2025/11/16 15:59:04 [DEBUG] [INFO] GetHelmConfiguration success: timestamp=2025-11-16T15:59:04.214Z
2025-11-16T15:59:06.242Z [INFO]  provider.terraform-provider-helm_v2.17.0_x5: 2025/11/16 15:59:06 [DEBUG] [resourceDiff: kube-prometheus-stack] Got chart kube-prometheus-stack version 60.3.0: timestamp=2025-11-16T15:59:06.242Z
2025-11-16T15:59:06.242Z [INFO]  provider.terraform-provider-helm_v2.17.0_x5: 2025/11/16 15:59:06 [DEBUG] [resourceDiff: kube-prometheus-stack] Release validated: timestamp=2025-11-16T15:59:06.242Z
2025-11-16T15:59:06.242Z [INFO]  provider.terraform-provider-helm_v2.17.0_x5: 2025/11/16 15:59:06 [DEBUG] [resourceDiff: kube-prometheus-stack] setting version to 60.3.0: timestamp=2025-11-16T15:59:06.242Z
2025-11-16T15:59:06.242Z [INFO]  provider.terraform-provider-helm_v2.17.0_x5: 2025/11/16 15:59:06 [DEBUG] [resourceDiff: kube-prometheus-stack] Done: timestamp=2025-11-16T15:59:06.242Z
2025-11-16T15:59:06.243Z [WARN]  Provider "registry.terraform.io/hashicorp/helm" produced an invalid plan for helm_release.kps, but we are tolerating it because it is using the legacy plugin SDK.
    The following problems may be the cause of any confusing errors from downstream operations:
      - .timeout: planned value cty.NumberIntVal(300) for a non-computed attribute
      - .atomic: planned value cty.False for a non-computed attribute
      - .create_namespace: planned value cty.False for a non-computed attribute
      - .disable_webhooks: planned value cty.False for a non-computed attribute
      - .lint: planned value cty.False for a non-computed attribute
      - .render_subchart_notes: planned value cty.True for a non-computed attribute
      - .reuse_values: planned value cty.False for a non-computed attribute
      - .dependency_update: planned value cty.False for a non-computed attribute
      - .force_update: planned value cty.False for a non-computed attribute
      - .replace: planned value cty.False for a non-computed attribute
      - .disable_crd_hooks: planned value cty.False for a non-computed attribute
      - .disable_openapi_validation: planned value cty.False for a non-computed attribute
      - .wait_for_jobs: planned value cty.False for a non-computed attribute
      - .max_history: planned value cty.NumberIntVal(0) for a non-computed attribute
      - .recreate_pods: planned value cty.False for a non-computed attribute
      - .verify: planned value cty.False for a non-computed attribute
      - .wait: planned value cty.True for a non-computed attribute
      - .skip_crds: planned value cty.False for a non-computed attribute
      - .pass_credentials: planned value cty.False for a non-computed attribute
      - .reset_values: planned value cty.False for a non-computed attribute
2025-11-16T15:59:06.243Z [INFO]  Starting apply for helm_release.kps
2025-11-16T15:59:06.244Z [DEBUG] helm_release.kps: applying the planned Create change
2025-11-16T15:59:06.245Z [INFO]  provider.terraform-provider-helm_v2.17.0_x5: 2025/11/16 15:59:06 [DEBUG] setting computed for "metadata" from ComputedKeys: timestamp=2025-11-16T15:59:06.245Z
2025-11-16T15:59:06.245Z [INFO]  provider.terraform-provider-helm_v2.17.0_x5: 2025/11/16 15:59:06 [DEBUG] [resourceReleaseCreate: kube-prometheus-stack] Started: timestamp=2025-11-16T15:59:06.245Z
2025-11-16T15:59:06.245Z [INFO]  provider.terraform-provider-helm_v2.17.0_x5: 2025/11/16 15:59:06 [DEBUG] [resourceReleaseCreate: kube-prometheus-stack] Getting helm configuration: timestamp=2025-11-16T15:59:06.245Z
2025-11-16T15:59:06.245Z [INFO]  provider.terraform-provider-helm_v2.17.0_x5: 2025/11/16 15:59:06 [DEBUG] [INFO] GetHelmConfiguration start: timestamp=2025-11-16T15:59:06.245Z
2025-11-16T15:59:06.245Z [INFO]  provider.terraform-provider-helm_v2.17.0_x5: 2025/11/16 15:59:06 [DEBUG] Using kubeconfig: /root/.kube/config: timestamp=2025-11-16T15:59:06.245Z
2025-11-16T15:59:06.246Z [INFO]  provider.terraform-provider-helm_v2.17.0_x5: 2025/11/16 15:59:06 [INFO] Successfully initialized kubernetes config: timestamp=2025-11-16T15:59:06.245Z
2025-11-16T15:59:06.246Z [INFO]  provider.terraform-provider-helm_v2.17.0_x5: 2025/11/16 15:59:06 [DEBUG] [INFO] GetHelmConfiguration success: timestamp=2025-11-16T15:59:06.246Z
2025-11-16T15:59:06.246Z [INFO]  provider.terraform-provider-helm_v2.17.0_x5: 2025/11/16 15:59:06 [DEBUG] [resourceReleaseCreate: kube-prometheus-stack] Getting chart: timestamp=2025-11-16T15:59:06.246Z
2025-11-16T15:59:08.178Z [INFO]  provider.terraform-provider-helm_v2.17.0_x5: 2025/11/16 15:59:08 [DEBUG] [resourceReleaseCreate: kube-prometheus-stack] Preparing for installation: timestamp=2025-11-16T15:59:08.178Z
2025-11-16T15:59:08.179Z [INFO]  provider.terraform-provider-helm_v2.17.0_x5: 2025/11/16 15:59:08 ---[ values.yaml ]-----------------------------------
adminPassword: admin
adminUser: admin
alertmanager:
  enabled: false
kubeStateMetrics:
  enabled: true
  resources:
    limits:
      cpu: 300m
      memory: 256Mi
    requests:
      cpu: 100m
      memory: 128Mi
  securityContext:
    allowPrivilegeEscalation: false
    capabilities:
      drop:
      - ALL
    readOnlyRootFilesystem: true
    runAsNonRoot: true
    runAsUser: 65534
nodeExporter:
  enabled: true
  hostIPC: false
  hostNetwork: false
  hostPID: false
  resources:
    limits:
      cpu: 200m
      memory: 256Mi
    requests:
      cpu: 50m
      memory: 64Mi
  securityContext:
    allowPrivilegeEscalation: false
    capabilities:
      drop:
      - ALL
    readOnlyRootFilesystem: true
    runAsNonRoot: true
    runAsUser: 65534
persistence:
  enabled: true
  size: 2Gi
prometheus:
  prometheusSpec:
    containers:
    - name: prometheus
      resources:
        limits:
          cpu: "1"
          memory: 1Gi
        requests:
          cpu: 200m
          memory: 512Mi
      securityContext:
        allowPrivilegeEscalation: false
        capabilities:
          drop:
          - ALL
        readOnlyRootFilesystem: true
        runAsNonRoot: true
        runAsUser: 65534
    podMonitorSelectorNilUsesHelmValues: false
    probeSelectorNilUsesHelmValues: false
    securityContext:
      fsGroup: 65534
      runAsGroup: 65534
      runAsNonRoot: true
      runAsUser: 65534
      seccompProfile:
        type: RuntimeDefault
    serviceMonitorSelectorNilUsesHelmValues: false
resources:
  limits:
    cpu: "1"
    memory: 512Mi
  requests:
    cpu: 200m
    memory: 256Mi
securityContext:
  allowPrivilegeEscalation: false
  capabilities:
    drop:
    - ALL
  readOnlyRootFilesystem: true
  runAsNonRoot: true
  runAsUser: 65534
service:
  nodePort: 30300
  type: NodePort
serviceAccount:
  automountServiceAccountToken: false
sidecar:
  dashboards:
    enabled: false
  datasources:
    enabled: false: timestamp=2025-11-16T15:59:08.179Z
2025-11-16T15:59:08.179Z [INFO]  provider.terraform-provider-helm_v2.17.0_x5: 2025/11/16 15:59:08 [DEBUG] [resourceReleaseCreate: kube-prometheus-stack] Installing chart: timestamp=2025-11-16T15:59:08.179Z
2025-11-16T15:59:08.400Z [INFO]  provider.terraform-provider-helm_v2.17.0_x5: 2025/11/16 15:59:08 [DEBUG] creating 1 resource(s): timestamp=2025-11-16T15:59:08.399Z
2025-11-16T15:59:08.593Z [INFO]  provider.terraform-provider-helm_v2.17.0_x5: 2025/11/16 15:59:08 [DEBUG] CRD alertmanagerconfigs.monitoring.coreos.com is already present. Skipping.: timestamp=2025-11-16T15:59:08.593Z
2025-11-16T15:59:08.708Z [INFO]  provider.terraform-provider-helm_v2.17.0_x5: 2025/11/16 15:59:08 [DEBUG] creating 1 resource(s): timestamp=2025-11-16T15:59:08.708Z
2025-11-16T15:59:08.855Z [INFO]  provider.terraform-provider-helm_v2.17.0_x5: 2025/11/16 15:59:08 [DEBUG] CRD alertmanagers.monitoring.coreos.com is already present. Skipping.: timestamp=2025-11-16T15:59:08.855Z
2025-11-16T15:59:08.915Z [INFO]  provider.terraform-provider-helm_v2.17.0_x5: 2025/11/16 15:59:08 [DEBUG] creating 1 resource(s): timestamp=2025-11-16T15:59:08.915Z
2025-11-16T15:59:08.956Z [INFO]  provider.terraform-provider-helm_v2.17.0_x5: 2025/11/16 15:59:08 [DEBUG] CRD podmonitors.monitoring.coreos.com is already present. Skipping.: timestamp=2025-11-16T15:59:08.956Z
2025-11-16T15:59:09.014Z [INFO]  provider.terraform-provider-helm_v2.17.0_x5: 2025/11/16 15:59:09 [DEBUG] creating 1 resource(s): timestamp=2025-11-16T15:59:09.013Z
2025-11-16T15:59:09.054Z [INFO]  provider.terraform-provider-helm_v2.17.0_x5: 2025/11/16 15:59:09 [DEBUG] CRD probes.monitoring.coreos.com is already present. Skipping.: timestamp=2025-11-16T15:59:09.054Z
2025-11-16T15:59:09.151Z [INFO]  provider.terraform-provider-helm_v2.17.0_x5: 2025/11/16 15:59:09 [DEBUG] creating 1 resource(s): timestamp=2025-11-16T15:59:09.150Z
2025-11-16T15:59:09.317Z [INFO]  provider.terraform-provider-helm_v2.17.0_x5: 2025/11/16 15:59:09 [DEBUG] CRD prometheusagents.monitoring.coreos.com is already present. Skipping.: timestamp=2025-11-16T15:59:09.317Z
2025-11-16T15:59:09.421Z [INFO]  provider.terraform-provider-helm_v2.17.0_x5: 2025/11/16 15:59:09 [DEBUG] creating 1 resource(s): timestamp=2025-11-16T15:59:09.421Z
2025-11-16T15:59:09.578Z [INFO]  provider.terraform-provider-helm_v2.17.0_x5: 2025/11/16 15:59:09 [DEBUG] CRD prometheuses.monitoring.coreos.com is already present. Skipping.: timestamp=2025-11-16T15:59:09.578Z
2025-11-16T15:59:09.633Z [INFO]  provider.terraform-provider-helm_v2.17.0_x5: 2025/11/16 15:59:09 [DEBUG] creating 1 resource(s): timestamp=2025-11-16T15:59:09.633Z
2025-11-16T15:59:09.664Z [INFO]  provider.terraform-provider-helm_v2.17.0_x5: 2025/11/16 15:59:09 [DEBUG] CRD prometheusrules.monitoring.coreos.com is already present. Skipping.: timestamp=2025-11-16T15:59:09.664Z
2025-11-16T15:59:09.747Z [INFO]  provider.terraform-provider-helm_v2.17.0_x5: 2025/11/16 15:59:09 [DEBUG] creating 1 resource(s): timestamp=2025-11-16T15:59:09.747Z
2025-11-16T15:59:09.798Z [INFO]  provider.terraform-provider-helm_v2.17.0_x5: 2025/11/16 15:59:09 [DEBUG] CRD scrapeconfigs.monitoring.coreos.com is already present. Skipping.: timestamp=2025-11-16T15:59:09.798Z
2025-11-16T15:59:09.855Z [INFO]  provider.terraform-provider-helm_v2.17.0_x5: 2025/11/16 15:59:09 [DEBUG] creating 1 resource(s): timestamp=2025-11-16T15:59:09.855Z
2025-11-16T15:59:09.893Z [INFO]  provider.terraform-provider-helm_v2.17.0_x5: 2025/11/16 15:59:09 [DEBUG] CRD servicemonitors.monitoring.coreos.com is already present. Skipping.: timestamp=2025-11-16T15:59:09.893Z
2025-11-16T15:59:09.992Z [INFO]  provider.terraform-provider-helm_v2.17.0_x5: 2025/11/16 15:59:09 [DEBUG] creating 1 resource(s): timestamp=2025-11-16T15:59:09.991Z
2025-11-16T15:59:10.112Z [INFO]  provider.terraform-provider-helm_v2.17.0_x5: 2025/11/16 15:59:10 [DEBUG] CRD thanosrulers.monitoring.coreos.com is already present. Skipping.: timestamp=2025-11-16T15:59:10.111Z
2025-11-16T15:59:24.762Z [INFO]  provider.terraform-provider-helm_v2.17.0_x5: 2025/11/16 15:59:24 [DEBUG] Starting delete for "kube-prometheus-stack-admission" ServiceAccount: timestamp=2025-11-16T15:59:24.761Z
2025-11-16T15:59:24.788Z [INFO]  provider.terraform-provider-helm_v2.17.0_x5: 2025/11/16 15:59:24 [DEBUG] Ignoring delete failure for "kube-prometheus-stack-admission" /v1, Kind=ServiceAccount: serviceaccounts "kube-prometheus-stack-admission" not found: timestamp=2025-11-16T15:59:24.788Z
2025-11-16T15:59:24.788Z [INFO]  provider.terraform-provider-helm_v2.17.0_x5: 2025/11/16 15:59:24 [DEBUG] beginning wait for 1 resources to be deleted with timeout of 5m0s: timestamp=2025-11-16T15:59:24.788Z
2025-11-16T15:59:25.176Z [INFO]  provider.terraform-provider-helm_v2.17.0_x5: 2025/11/16 15:59:25 [DEBUG] creating 1 resource(s): timestamp=2025-11-16T15:59:25.176Z
2025-11-16T15:59:25.258Z [INFO]  provider.terraform-provider-helm_v2.17.0_x5: 2025/11/16 15:59:25 [DEBUG] Starting delete for "kube-prometheus-stack-admission" ClusterRole: timestamp=2025-11-16T15:59:25.258Z
2025-11-16T15:59:25.285Z [INFO]  provider.terraform-provider-helm_v2.17.0_x5: 2025/11/16 15:59:25 [DEBUG] Ignoring delete failure for "kube-prometheus-stack-admission" rbac.authorization.k8s.io/v1, Kind=ClusterRole: clusterroles.rbac.authorization.k8s.io "kube-prometheus-stack-admission" not found: timestamp=2025-11-16T15:59:25.285Z
2025-11-16T15:59:25.285Z [INFO]  provider.terraform-provider-helm_v2.17.0_x5: 2025/11/16 15:59:25 [DEBUG] beginning wait for 1 resources to be deleted with timeout of 5m0s: timestamp=2025-11-16T15:59:25.285Z
2025-11-16T15:59:25.634Z [INFO]  provider.terraform-provider-helm_v2.17.0_x5: 2025/11/16 15:59:25 [DEBUG] creating 1 resource(s): timestamp=2025-11-16T15:59:25.634Z
2025-11-16T15:59:25.719Z [INFO]  provider.terraform-provider-helm_v2.17.0_x5: 2025/11/16 15:59:25 [DEBUG] Starting delete for "kube-prometheus-stack-admission" ClusterRoleBinding: timestamp=2025-11-16T15:59:25.719Z
2025-11-16T15:59:25.746Z [INFO]  provider.terraform-provider-helm_v2.17.0_x5: 2025/11/16 15:59:25 [DEBUG] Ignoring delete failure for "kube-prometheus-stack-admission" rbac.authorization.k8s.io/v1, Kind=ClusterRoleBinding: clusterrolebindings.rbac.authorization.k8s.io "kube-prometheus-stack-admission" not found: timestamp=2025-11-16T15:59:25.746Z
2025-11-16T15:59:25.746Z [INFO]  provider.terraform-provider-helm_v2.17.0_x5: 2025/11/16 15:59:25 [DEBUG] beginning wait for 1 resources to be deleted with timeout of 5m0s: timestamp=2025-11-16T15:59:25.746Z
2025-11-16T15:59:26.100Z [INFO]  provider.terraform-provider-helm_v2.17.0_x5: 2025/11/16 15:59:26 [DEBUG] creating 1 resource(s): timestamp=2025-11-16T15:59:26.100Z
2025-11-16T15:59:26.189Z [INFO]  provider.terraform-provider-helm_v2.17.0_x5: 2025/11/16 15:59:26 [DEBUG] Starting delete for "kube-prometheus-stack-admission" Role: timestamp=2025-11-16T15:59:26.189Z
2025-11-16T15:59:26.216Z [INFO]  provider.terraform-provider-helm_v2.17.0_x5: 2025/11/16 15:59:26 [DEBUG] Ignoring delete failure for "kube-prometheus-stack-admission" rbac.authorization.k8s.io/v1, Kind=Role: roles.rbac.authorization.k8s.io "kube-prometheus-stack-admission" not found: timestamp=2025-11-16T15:59:26.216Z
2025-11-16T15:59:26.216Z [INFO]  provider.terraform-provider-helm_v2.17.0_x5: 2025/11/16 15:59:26 [DEBUG] beginning wait for 1 resources to be deleted with timeout of 5m0s: timestamp=2025-11-16T15:59:26.216Z
2025-11-16T15:59:26.600Z [INFO]  provider.terraform-provider-helm_v2.17.0_x5: 2025/11/16 15:59:26 [DEBUG] creating 1 resource(s): timestamp=2025-11-16T15:59:26.600Z
2025-11-16T15:59:26.684Z [INFO]  provider.terraform-provider-helm_v2.17.0_x5: 2025/11/16 15:59:26 [DEBUG] Starting delete for "kube-prometheus-stack-admission" RoleBinding: timestamp=2025-11-16T15:59:26.684Z
2025-11-16T15:59:26.710Z [INFO]  provider.terraform-provider-helm_v2.17.0_x5: 2025/11/16 15:59:26 [DEBUG] Ignoring delete failure for "kube-prometheus-stack-admission" rbac.authorization.k8s.io/v1, Kind=RoleBinding: rolebindings.rbac.authorization.k8s.io "kube-prometheus-stack-admission" not found: timestamp=2025-11-16T15:59:26.710Z
2025-11-16T15:59:26.711Z [INFO]  provider.terraform-provider-helm_v2.17.0_x5: 2025/11/16 15:59:26 [DEBUG] beginning wait for 1 resources to be deleted with timeout of 5m0s: timestamp=2025-11-16T15:59:26.710Z
2025-11-16T15:59:27.070Z [INFO]  provider.terraform-provider-helm_v2.17.0_x5: 2025/11/16 15:59:27 [DEBUG] creating 1 resource(s): timestamp=2025-11-16T15:59:27.070Z
2025-11-16T15:59:27.161Z [INFO]  provider.terraform-provider-helm_v2.17.0_x5: 2025/11/16 15:59:27 [DEBUG] Starting delete for "kube-prometheus-stack-admission-create" Job: timestamp=2025-11-16T15:59:27.161Z
2025-11-16T15:59:27.187Z [INFO]  provider.terraform-provider-helm_v2.17.0_x5: 2025/11/16 15:59:27 [DEBUG] Ignoring delete failure for "kube-prometheus-stack-admission-create" batch/v1, Kind=Job: jobs.batch "kube-prometheus-stack-admission-create" not found: timestamp=2025-11-16T15:59:27.187Z
2025-11-16T15:59:27.187Z [INFO]  provider.terraform-provider-helm_v2.17.0_x5: 2025/11/16 15:59:27 [DEBUG] beginning wait for 1 resources to be deleted with timeout of 5m0s: timestamp=2025-11-16T15:59:27.187Z
2025-11-16T15:59:27.596Z [INFO]  provider.terraform-provider-helm_v2.17.0_x5: 2025/11/16 15:59:27 [DEBUG] creating 1 resource(s): timestamp=2025-11-16T15:59:27.596Z
2025-11-16T15:59:27.626Z [INFO]  provider.terraform-provider-helm_v2.17.0_x5: 2025/11/16 15:59:27 [DEBUG] Watching for changes to Job kube-prometheus-stack-admission-create with timeout of 5m0s: timestamp=2025-11-16T15:59:27.626Z
2025-11-16T15:59:27.661Z [INFO]  provider.terraform-provider-helm_v2.17.0_x5: 2025/11/16 15:59:27 [DEBUG] Add/Modify event for kube-prometheus-stack-admission-create: ADDED: timestamp=2025-11-16T15:59:27.661Z
2025-11-16T15:59:27.661Z [INFO]  provider.terraform-provider-helm_v2.17.0_x5: 2025/11/16 15:59:27 [DEBUG] kube-prometheus-stack-admission-create: Jobs active: 0, jobs failed: 0, jobs succeeded: 0: timestamp=2025-11-16T15:59:27.661Z
2025-11-16T15:59:27.680Z [INFO]  provider.terraform-provider-helm_v2.17.0_x5: 2025/11/16 15:59:27 [DEBUG] Add/Modify event for kube-prometheus-stack-admission-create: MODIFIED: timestamp=2025-11-16T15:59:27.680Z
2025-11-16T15:59:27.680Z [INFO]  provider.terraform-provider-helm_v2.17.0_x5: 2025/11/16 15:59:27 [DEBUG] kube-prometheus-stack-admission-create: Jobs active: 1, jobs failed: 0, jobs succeeded: 0: timestamp=2025-11-16T15:59:27.680Z
2025-11-16T15:59:31.474Z [INFO]  provider.terraform-provider-helm_v2.17.0_x5: 2025/11/16 15:59:31 [DEBUG] Add/Modify event for kube-prometheus-stack-admission-create: MODIFIED: timestamp=2025-11-16T15:59:31.474Z
2025-11-16T15:59:31.474Z [INFO]  provider.terraform-provider-helm_v2.17.0_x5: 2025/11/16 15:59:31 [DEBUG] kube-prometheus-stack-admission-create: Jobs active: 0, jobs failed: 0, jobs succeeded: 0: timestamp=2025-11-16T15:59:31.474Z
2025-11-16T15:59:31.494Z [INFO]  provider.terraform-provider-helm_v2.17.0_x5: 2025/11/16 15:59:31 [DEBUG] Add/Modify event for kube-prometheus-stack-admission-create: MODIFIED: timestamp=2025-11-16T15:59:31.494Z
2025-11-16T15:59:31.572Z [INFO]  provider.terraform-provider-helm_v2.17.0_x5: 2025/11/16 15:59:31 [DEBUG] Starting delete for "kube-prometheus-stack-admission" ServiceAccount: timestamp=2025-11-16T15:59:31.572Z
2025-11-16T15:59:31.601Z [INFO]  provider.terraform-provider-helm_v2.17.0_x5: 2025/11/16 15:59:31 [DEBUG] beginning wait for 1 resources to be deleted with timeout of 5m0s: timestamp=2025-11-16T15:59:31.601Z
2025-11-16T15:59:31.710Z [INFO]  provider.terraform-provider-helm_v2.17.0_x5: 2025/11/16 15:59:31 [DEBUG] Starting delete for "kube-prometheus-stack-admission" ClusterRole: timestamp=2025-11-16T15:59:31.709Z
2025-11-16T15:59:31.739Z [INFO]  provider.terraform-provider-helm_v2.17.0_x5: 2025/11/16 15:59:31 [DEBUG] beginning wait for 1 resources to be deleted with timeout of 5m0s: timestamp=2025-11-16T15:59:31.738Z
2025-11-16T15:59:31.820Z [INFO]  provider.terraform-provider-helm_v2.17.0_x5: 2025/11/16 15:59:31 [DEBUG] Starting delete for "kube-prometheus-stack-admission" ClusterRoleBinding: timestamp=2025-11-16T15:59:31.820Z
2025-11-16T15:59:31.857Z [INFO]  provider.terraform-provider-helm_v2.17.0_x5: 2025/11/16 15:59:31 [DEBUG] beginning wait for 1 resources to be deleted with timeout of 5m0s: timestamp=2025-11-16T15:59:31.857Z
2025-11-16T15:59:31.938Z [INFO]  provider.terraform-provider-helm_v2.17.0_x5: 2025/11/16 15:59:31 [DEBUG] Starting delete for "kube-prometheus-stack-admission" Role: timestamp=2025-11-16T15:59:31.938Z
2025-11-16T15:59:31.967Z [INFO]  provider.terraform-provider-helm_v2.17.0_x5: 2025/11/16 15:59:31 [DEBUG] beginning wait for 1 resources to be deleted with timeout of 5m0s: timestamp=2025-11-16T15:59:31.966Z
2025-11-16T15:59:32.075Z [INFO]  provider.terraform-provider-helm_v2.17.0_x5: 2025/11/16 15:59:32 [DEBUG] Starting delete for "kube-prometheus-stack-admission" RoleBinding: timestamp=2025-11-16T15:59:32.075Z
2025-11-16T15:59:32.111Z [INFO]  provider.terraform-provider-helm_v2.17.0_x5: 2025/11/16 15:59:32 [DEBUG] beginning wait for 1 resources to be deleted with timeout of 5m0s: timestamp=2025-11-16T15:59:32.111Z
2025-11-16T15:59:32.221Z [INFO]  provider.terraform-provider-helm_v2.17.0_x5: 2025/11/16 15:59:32 [DEBUG] Starting delete for "kube-prometheus-stack-admission-create" Job: timestamp=2025-11-16T15:59:32.221Z
2025-11-16T15:59:32.250Z [INFO]  provider.terraform-provider-helm_v2.17.0_x5: 2025/11/16 15:59:32 [DEBUG] beginning wait for 1 resources to be deleted with timeout of 5m0s: timestamp=2025-11-16T15:59:32.250Z
2025-11-16T15:59:32.303Z [INFO]  provider.terraform-provider-helm_v2.17.0_x5: 2025/11/16 15:59:32 [DEBUG] creating 110 resource(s): timestamp=2025-11-16T15:59:32.302Z
2025-11-16T15:59:32.772Z [WARN]  unexpected data: registry.terraform.io/hashicorp/helm:stderr="W1116 15:59:32.772131  173086 warnings.go:70] would violate PodSecurity \"baseline:latest\": host namespaces (hostNetwork=true, hostPID=true), hostPath volumes (volumes \"proc\", \"sys\", \"root\")"
2025-11-16T15:59:33.000Z [INFO]  provider.terraform-provider-helm_v2.17.0_x5: 2025/11/16 15:59:33 [DEBUG] beginning wait for 110 resources with timeout of 5m0s: timestamp=2025-11-16T15:59:33.000Z
2025-11-16T15:59:33.309Z [INFO]  provider.terraform-provider-helm_v2.17.0_x5: 2025/11/16 15:59:33 [DEBUG] DaemonSet is not ready: monitoring/kube-prometheus-stack-prometheus-node-exporter. 0 out of 1 expected pods have been scheduled: timestamp=2025-11-16T15:59:33.309Z
2025-11-16T15:59:35.302Z [INFO]  provider.terraform-provider-helm_v2.17.0_x5: 2025/11/16 15:59:35 [DEBUG] DaemonSet is not ready: monitoring/kube-prometheus-stack-prometheus-node-exporter. 0 out of 1 expected pods have been scheduled: timestamp=2025-11-16T15:59:35.302Z
2025-11-16T15:59:37.303Z [INFO]  provider.terraform-provider-helm_v2.17.0_x5: 2025/11/16 15:59:37 [DEBUG] DaemonSet is not ready: monitoring/kube-prometheus-stack-prometheus-node-exporter. 0 out of 1 expected pods have been scheduled: timestamp=2025-11-16T15:59:37.302Z
2025-11-16T15:59:39.300Z [INFO]  provider.terraform-provider-helm_v2.17.0_x5: 2025/11/16 15:59:39 [DEBUG] DaemonSet is not ready: monitoring/kube-prometheus-stack-prometheus-node-exporter. 0 out of 1 expected pods have been scheduled: timestamp=2025-11-16T15:59:39.300Z
2025-11-16T15:59:41.303Z [INFO]  provider.terraform-provider-helm_v2.17.0_x5: 2025/11/16 15:59:41 [DEBUG] DaemonSet is not ready: monitoring/kube-prometheus-stack-prometheus-node-exporter. 0 out of 1 expected pods have been scheduled: timestamp=2025-11-16T15:59:41.303Z
2025-11-16T15:59:43.312Z [INFO]  provider.terraform-provider-helm_v2.17.0_x5: 2025/11/16 15:59:43 [DEBUG] DaemonSet is not ready: monitoring/kube-prometheus-stack-prometheus-node-exporter. 0 out of 1 expected pods have been scheduled: timestamp=2025-11-16T15:59:43.312Z
2025-11-16T15:59:45.298Z [INFO]  provider.terraform-provider-helm_v2.17.0_x5: 2025/11/16 15:59:45 [DEBUG] DaemonSet is not ready: monitoring/kube-prometheus-stack-prometheus-node-exporter. 0 out of 1 expected pods have been scheduled: timestamp=2025-11-16T15:59:45.297Z
2025-11-16T15:59:47.299Z [INFO]  provider.terraform-provider-helm_v2.17.0_x5: 2025/11/16 15:59:47 [DEBUG] DaemonSet is not ready: monitoring/kube-prometheus-stack-prometheus-node-exporter. 0 out of 1 expected pods have been scheduled: timestamp=2025-11-16T15:59:47.298Z
2025-11-16T15:59:49.308Z [INFO]  provider.terraform-provider-helm_v2.17.0_x5: 2025/11/16 15:59:49 [DEBUG] DaemonSet is not ready: monitoring/kube-prometheus-stack-prometheus-node-exporter. 0 out of 1 expected pods have been scheduled: timestamp=2025-11-16T15:59:49.307Z
2025-11-16T15:59:51.297Z [INFO]  provider.terraform-provider-helm_v2.17.0_x5: 2025/11/16 15:59:51 [DEBUG] DaemonSet is not ready: monitoring/kube-prometheus-stack-prometheus-node-exporter. 0 out of 1 expected pods have been scheduled: timestamp=2025-11-16T15:59:51.297Z
2025-11-16T15:59:53.494Z [INFO]  provider.terraform-provider-helm_v2.17.0_x5: 2025/11/16 15:59:53 [DEBUG] DaemonSet is not ready: monitoring/kube-prometheus-stack-prometheus-node-exporter. 0 out of 1 expected pods have been scheduled: timestamp=2025-11-16T15:59:53.494Z
2025-11-16T15:59:55.299Z [INFO]  provider.terraform-provider-helm_v2.17.0_x5: 2025/11/16 15:59:55 [DEBUG] DaemonSet is not ready: monitoring/kube-prometheus-stack-prometheus-node-exporter. 0 out of 1 expected pods have been scheduled: timestamp=2025-11-16T15:59:55.299Z
2025-11-16T15:59:57.295Z [INFO]  provider.terraform-provider-helm_v2.17.0_x5: 2025/11/16 15:59:57 [DEBUG] DaemonSet is not ready: monitoring/kube-prometheus-stack-prometheus-node-exporter. 0 out of 1 expected pods have been scheduled: timestamp=2025-11-16T15:59:57.295Z
2025-11-16T15:59:59.288Z [INFO]  provider.terraform-provider-helm_v2.17.0_x5: 2025/11/16 15:59:59 [DEBUG] DaemonSet is not ready: monitoring/kube-prometheus-stack-prometheus-node-exporter. 0 out of 1 expected pods have been scheduled: timestamp=2025-11-16T15:59:59.288Z
2025-11-16T16:00:01.298Z [INFO]  provider.terraform-provider-helm_v2.17.0_x5: 2025/11/16 16:00:01 [DEBUG] DaemonSet is not ready: monitoring/kube-prometheus-stack-prometheus-node-exporter. 0 out of 1 expected pods have been scheduled: timestamp=2025-11-16T16:00:01.298Z
2025-11-16T16:00:03.297Z [INFO]  provider.terraform-provider-helm_v2.17.0_x5: 2025/11/16 16:00:03 [DEBUG] DaemonSet is not ready: monitoring/kube-prometheus-stack-prometheus-node-exporter. 0 out of 1 expected pods have been scheduled: timestamp=2025-11-16T16:00:03.297Z
2025-11-16T16:00:05.298Z [INFO]  provider.terraform-provider-helm_v2.17.0_x5: 2025/11/16 16:00:05 [DEBUG] DaemonSet is not ready: monitoring/kube-prometheus-stack-prometheus-node-exporter. 0 out of 1 expected pods have been scheduled: timestamp=2025-11-16T16:00:05.298Z
2025-11-16T16:00:07.292Z [INFO]  provider.terraform-provider-helm_v2.17.0_x5: 2025/11/16 16:00:07 [DEBUG] DaemonSet is not ready: monitoring/kube-prometheus-stack-prometheus-node-exporter. 0 out of 1 expected pods have been scheduled: timestamp=2025-11-16T16:00:07.292Z
2025-11-16T16:00:09.299Z [INFO]  provider.terraform-provider-helm_v2.17.0_x5: 2025/11/16 16:00:09 [DEBUG] DaemonSet is not ready: monitoring/kube-prometheus-stack-prometheus-node-exporter. 0 out of 1 expected pods have been scheduled: timestamp=2025-11-16T16:00:09.298Z
2025-11-16T16:00:11.301Z [INFO]  provider.terraform-provider-helm_v2.17.0_x5: 2025/11/16 16:00:11 [DEBUG] DaemonSet is not ready: monitoring/kube-prometheus-stack-prometheus-node-exporter. 0 out of 1 expected pods have been scheduled: timestamp=2025-11-16T16:00:11.301Z
2025-11-16T16:00:13.301Z [INFO]  provider.terraform-provider-helm_v2.17.0_x5: 2025/11/16 16:00:13 [DEBUG] DaemonSet is not ready: monitoring/kube-prometheus-stack-prometheus-node-exporter. 0 out of 1 expected pods have been scheduled: timestamp=2025-11-16T16:00:13.301Z
2025-11-16T16:00:15.295Z [INFO]  provider.terraform-provider-helm_v2.17.0_x5: 2025/11/16 16:00:15 [DEBUG] DaemonSet is not ready: monitoring/kube-prometheus-stack-prometheus-node-exporter. 0 out of 1 expected pods have been scheduled: timestamp=2025-11-16T16:00:15.295Z
2025-11-16T16:00:17.298Z [INFO]  provider.terraform-provider-helm_v2.17.0_x5: 2025/11/16 16:00:17 [DEBUG] DaemonSet is not ready: monitoring/kube-prometheus-stack-prometheus-node-exporter. 0 out of 1 expected pods have been scheduled: timestamp=2025-11-16T16:00:17.298Z
2025-11-16T16:00:19.296Z [INFO]  provider.terraform-provider-helm_v2.17.0_x5: 2025/11/16 16:00:19 [DEBUG] DaemonSet is not ready: monitoring/kube-prometheus-stack-prometheus-node-exporter. 0 out of 1 expected pods have been scheduled: timestamp=2025-11-16T16:00:19.295Z
2025-11-16T16:00:21.302Z [INFO]  provider.terraform-provider-helm_v2.17.0_x5: 2025/11/16 16:00:21 [DEBUG] DaemonSet is not ready: monitoring/kube-prometheus-stack-prometheus-node-exporter. 0 out of 1 expected pods have been scheduled: timestamp=2025-11-16T16:00:21.302Z
2025-11-16T16:00:23.300Z [INFO]  provider.terraform-provider-helm_v2.17.0_x5: 2025/11/16 16:00:23 [DEBUG] DaemonSet is not ready: monitoring/kube-prometheus-stack-prometheus-node-exporter. 0 out of 1 expected pods have been scheduled: timestamp=2025-11-16T16:00:23.300Z
2025-11-16T16:00:25.295Z [INFO]  provider.terraform-provider-helm_v2.17.0_x5: 2025/11/16 16:00:25 [DEBUG] DaemonSet is not ready: monitoring/kube-prometheus-stack-prometheus-node-exporter. 0 out of 1 expected pods have been scheduled: timestamp=2025-11-16T16:00:25.294Z
2025-11-16T16:00:27.302Z [INFO]  provider.terraform-provider-helm_v2.17.0_x5: 2025/11/16 16:00:27 [DEBUG] DaemonSet is not ready: monitoring/kube-prometheus-stack-prometheus-node-exporter. 0 out of 1 expected pods have been scheduled: timestamp=2025-11-16T16:00:27.301Z
2025-11-16T16:00:29.301Z [INFO]  provider.terraform-provider-helm_v2.17.0_x5: 2025/11/16 16:00:29 [DEBUG] DaemonSet is not ready: monitoring/kube-prometheus-stack-prometheus-node-exporter. 0 out of 1 expected pods have been scheduled: timestamp=2025-11-16T16:00:29.301Z
2025-11-16T16:00:31.298Z [INFO]  provider.terraform-provider-helm_v2.17.0_x5: 2025/11/16 16:00:31 [DEBUG] DaemonSet is not ready: monitoring/kube-prometheus-stack-prometheus-node-exporter. 0 out of 1 expected pods have been scheduled: timestamp=2025-11-16T16:00:31.298Z
2025-11-16T16:00:33.298Z [INFO]  provider.terraform-provider-helm_v2.17.0_x5: 2025/11/16 16:00:33 [DEBUG] DaemonSet is not ready: monitoring/kube-prometheus-stack-prometheus-node-exporter. 0 out of 1 expected pods have been scheduled: timestamp=2025-11-16T16:00:33.298Z
2025-11-16T16:00:35.301Z [INFO]  provider.terraform-provider-helm_v2.17.0_x5: 2025/11/16 16:00:35 [DEBUG] DaemonSet is not ready: monitoring/kube-prometheus-stack-prometheus-node-exporter. 0 out of 1 expected pods have been scheduled: timestamp=2025-11-16T16:00:35.301Z
2025-11-16T16:00:37.294Z [INFO]  provider.terraform-provider-helm_v2.17.0_x5: 2025/11/16 16:00:37 [DEBUG] DaemonSet is not ready: monitoring/kube-prometheus-stack-prometheus-node-exporter. 0 out of 1 expected pods have been scheduled: timestamp=2025-11-16T16:00:37.294Z
2025-11-16T16:00:39.298Z [INFO]  provider.terraform-provider-helm_v2.17.0_x5: 2025/11/16 16:00:39 [DEBUG] DaemonSet is not ready: monitoring/kube-prometheus-stack-prometheus-node-exporter. 0 out of 1 expected pods have been scheduled: timestamp=2025-11-16T16:00:39.298Z
2025-11-16T16:00:41.299Z [INFO]  provider.terraform-provider-helm_v2.17.0_x5: 2025/11/16 16:00:41 [DEBUG] DaemonSet is not ready: monitoring/kube-prometheus-stack-prometheus-node-exporter. 0 out of 1 expected pods have been scheduled: timestamp=2025-11-16T16:00:41.298Z
2025-11-16T16:00:43.297Z [INFO]  provider.terraform-provider-helm_v2.17.0_x5: 2025/11/16 16:00:43 [DEBUG] DaemonSet is not ready: monitoring/kube-prometheus-stack-prometheus-node-exporter. 0 out of 1 expected pods have been scheduled: timestamp=2025-11-16T16:00:43.297Z
2025-11-16T16:00:45.298Z [INFO]  provider.terraform-provider-helm_v2.17.0_x5: 2025/11/16 16:00:45 [DEBUG] DaemonSet is not ready: monitoring/kube-prometheus-stack-prometheus-node-exporter. 0 out of 1 expected pods have been scheduled: timestamp=2025-11-16T16:00:45.298Z
2025-11-16T16:00:47.298Z [INFO]  provider.terraform-provider-helm_v2.17.0_x5: 2025/11/16 16:00:47 [DEBUG] DaemonSet is not ready: monitoring/kube-prometheus-stack-prometheus-node-exporter. 0 out of 1 expected pods have been scheduled: timestamp=2025-11-16T16:00:47.298Z
2025-11-16T16:00:49.298Z [INFO]  provider.terraform-provider-helm_v2.17.0_x5: 2025/11/16 16:00:49 [DEBUG] DaemonSet is not ready: monitoring/kube-prometheus-stack-prometheus-node-exporter. 0 out of 1 expected pods have been scheduled: timestamp=2025-11-16T16:00:49.298Z
2025-11-16T16:00:51.297Z [INFO]  provider.terraform-provider-helm_v2.17.0_x5: 2025/11/16 16:00:51 [DEBUG] DaemonSet is not ready: monitoring/kube-prometheus-stack-prometheus-node-exporter. 0 out of 1 expected pods have been scheduled: timestamp=2025-11-16T16:00:51.297Z
2025-11-16T16:00:53.297Z [INFO]  provider.terraform-provider-helm_v2.17.0_x5: 2025/11/16 16:00:53 [DEBUG] DaemonSet is not ready: monitoring/kube-prometheus-stack-prometheus-node-exporter. 0 out of 1 expected pods have been scheduled: timestamp=2025-11-16T16:00:53.297Z
2025-11-16T16:00:55.297Z [INFO]  provider.terraform-provider-helm_v2.17.0_x5: 2025/11/16 16:00:55 [DEBUG] DaemonSet is not ready: monitoring/kube-prometheus-stack-prometheus-node-exporter. 0 out of 1 expected pods have been scheduled: timestamp=2025-11-16T16:00:55.297Z
2025-11-16T16:00:57.296Z [INFO]  provider.terraform-provider-helm_v2.17.0_x5: 2025/11/16 16:00:57 [DEBUG] DaemonSet is not ready: monitoring/kube-prometheus-stack-prometheus-node-exporter. 0 out of 1 expected pods have been scheduled: timestamp=2025-11-16T16:00:57.296Z
2025-11-16T16:00:59.297Z [INFO]  provider.terraform-provider-helm_v2.17.0_x5: 2025/11/16 16:00:59 [DEBUG] DaemonSet is not ready: monitoring/kube-prometheus-stack-prometheus-node-exporter. 0 out of 1 expected pods have been scheduled: timestamp=2025-11-16T16:00:59.297Z
2025-11-16T16:01:01.295Z [INFO]  provider.terraform-provider-helm_v2.17.0_x5: 2025/11/16 16:01:01 [DEBUG] DaemonSet is not ready: monitoring/kube-prometheus-stack-prometheus-node-exporter. 0 out of 1 expected pods have been scheduled: timestamp=2025-11-16T16:01:01.295Z
2025-11-16T16:01:03.305Z [INFO]  provider.terraform-provider-helm_v2.17.0_x5: 2025/11/16 16:01:03 [DEBUG] DaemonSet is not ready: monitoring/kube-prometheus-stack-prometheus-node-exporter. 0 out of 1 expected pods have been scheduled: timestamp=2025-11-16T16:01:03.305Z
2025-11-16T16:01:05.300Z [INFO]  provider.terraform-provider-helm_v2.17.0_x5: 2025/11/16 16:01:05 [DEBUG] DaemonSet is not ready: monitoring/kube-prometheus-stack-prometheus-node-exporter. 0 out of 1 expected pods have been scheduled: timestamp=2025-11-16T16:01:05.300Z
2025-11-16T16:01:07.298Z [INFO]  provider.terraform-provider-helm_v2.17.0_x5: 2025/11/16 16:01:07 [DEBUG] DaemonSet is not ready: monitoring/kube-prometheus-stack-prometheus-node-exporter. 0 out of 1 expected pods have been scheduled: timestamp=2025-11-16T16:01:07.298Z
2025-11-16T16:01:09.293Z [INFO]  provider.terraform-provider-helm_v2.17.0_x5: 2025/11/16 16:01:09 [DEBUG] DaemonSet is not ready: monitoring/kube-prometheus-stack-prometheus-node-exporter. 0 out of 1 expected pods have been scheduled: timestamp=2025-11-16T16:01:09.293Z
2025-11-16T16:01:11.297Z [INFO]  provider.terraform-provider-helm_v2.17.0_x5: 2025/11/16 16:01:11 [DEBUG] DaemonSet is not ready: monitoring/kube-prometheus-stack-prometheus-node-exporter. 0 out of 1 expected pods have been scheduled: timestamp=2025-11-16T16:01:11.296Z
2025-11-16T16:01:13.304Z [INFO]  provider.terraform-provider-helm_v2.17.0_x5: 2025/11/16 16:01:13 [DEBUG] DaemonSet is not ready: monitoring/kube-prometheus-stack-prometheus-node-exporter. 0 out of 1 expected pods have been scheduled: timestamp=2025-11-16T16:01:13.303Z
2025-11-16T16:01:15.298Z [INFO]  provider.terraform-provider-helm_v2.17.0_x5: 2025/11/16 16:01:15 [DEBUG] DaemonSet is not ready: monitoring/kube-prometheus-stack-prometheus-node-exporter. 0 out of 1 expected pods have been scheduled: timestamp=2025-11-16T16:01:15.298Z
2025-11-16T16:01:17.296Z [INFO]  provider.terraform-provider-helm_v2.17.0_x5: 2025/11/16 16:01:17 [DEBUG] DaemonSet is not ready: monitoring/kube-prometheus-stack-prometheus-node-exporter. 0 out of 1 expected pods have been scheduled: timestamp=2025-11-16T16:01:17.296Z
2025-11-16T16:01:19.301Z [INFO]  provider.terraform-provider-helm_v2.17.0_x5: 2025/11/16 16:01:19 [DEBUG] DaemonSet is not ready: monitoring/kube-prometheus-stack-prometheus-node-exporter. 0 out of 1 expected pods have been scheduled: timestamp=2025-11-16T16:01:19.301Z
2025-11-16T16:01:21.294Z [INFO]  provider.terraform-provider-helm_v2.17.0_x5: 2025/11/16 16:01:21 [DEBUG] DaemonSet is not ready: monitoring/kube-prometheus-stack-prometheus-node-exporter. 0 out of 1 expected pods have been scheduled: timestamp=2025-11-16T16:01:21.294Z
2025-11-16T16:01:23.305Z [INFO]  provider.terraform-provider-helm_v2.17.0_x5: 2025/11/16 16:01:23 [DEBUG] DaemonSet is not ready: monitoring/kube-prometheus-stack-prometheus-node-exporter. 0 out of 1 expected pods have been scheduled: timestamp=2025-11-16T16:01:23.305Z
2025-11-16T16:01:25.301Z [INFO]  provider.terraform-provider-helm_v2.17.0_x5: 2025/11/16 16:01:25 [DEBUG] DaemonSet is not ready: monitoring/kube-prometheus-stack-prometheus-node-exporter. 0 out of 1 expected pods have been scheduled: timestamp=2025-11-16T16:01:25.301Z
2025-11-16T16:01:27.294Z [INFO]  provider.terraform-provider-helm_v2.17.0_x5: 2025/11/16 16:01:27 [DEBUG] DaemonSet is not ready: monitoring/kube-prometheus-stack-prometheus-node-exporter. 0 out of 1 expected pods have been scheduled: timestamp=2025-11-16T16:01:27.294Z
2025-11-16T16:01:29.296Z [INFO]  provider.terraform-provider-helm_v2.17.0_x5: 2025/11/16 16:01:29 [DEBUG] DaemonSet is not ready: monitoring/kube-prometheus-stack-prometheus-node-exporter. 0 out of 1 expected pods have been scheduled: timestamp=2025-11-16T16:01:29.296Z
2025-11-16T16:01:31.299Z [INFO]  provider.terraform-provider-helm_v2.17.0_x5: 2025/11/16 16:01:31 [DEBUG] DaemonSet is not ready: monitoring/kube-prometheus-stack-prometheus-node-exporter. 0 out of 1 expected pods have been scheduled: timestamp=2025-11-16T16:01:31.299Z
2025-11-16T16:01:33.294Z [INFO]  provider.terraform-provider-helm_v2.17.0_x5: 2025/11/16 16:01:33 [DEBUG] DaemonSet is not ready: monitoring/kube-prometheus-stack-prometheus-node-exporter. 0 out of 1 expected pods have been scheduled: timestamp=2025-11-16T16:01:33.294Z
2025-11-16T16:01:35.298Z [INFO]  provider.terraform-provider-helm_v2.17.0_x5: 2025/11/16 16:01:35 [DEBUG] DaemonSet is not ready: monitoring/kube-prometheus-stack-prometheus-node-exporter. 0 out of 1 expected pods have been scheduled: timestamp=2025-11-16T16:01:35.297Z
2025-11-16T16:01:37.295Z [INFO]  provider.terraform-provider-helm_v2.17.0_x5: 2025/11/16 16:01:37 [DEBUG] DaemonSet is not ready: monitoring/kube-prometheus-stack-prometheus-node-exporter. 0 out of 1 expected pods have been scheduled: timestamp=2025-11-16T16:01:37.295Z
2025-11-16T16:01:39.288Z [INFO]  provider.terraform-provider-helm_v2.17.0_x5: 2025/11/16 16:01:39 [DEBUG] DaemonSet is not ready: monitoring/kube-prometheus-stack-prometheus-node-exporter. 0 out of 1 expected pods have been scheduled: timestamp=2025-11-16T16:01:39.288Z
2025-11-16T16:01:41.295Z [INFO]  provider.terraform-provider-helm_v2.17.0_x5: 2025/11/16 16:01:41 [DEBUG] DaemonSet is not ready: monitoring/kube-prometheus-stack-prometheus-node-exporter. 0 out of 1 expected pods have been scheduled: timestamp=2025-11-16T16:01:41.294Z
2025-11-16T16:01:43.308Z [INFO]  provider.terraform-provider-helm_v2.17.0_x5: 2025/11/16 16:01:43 [DEBUG] DaemonSet is not ready: monitoring/kube-prometheus-stack-prometheus-node-exporter. 0 out of 1 expected pods have been scheduled: timestamp=2025-11-16T16:01:43.308Z
2025-11-16T16:01:45.292Z [INFO]  provider.terraform-provider-helm_v2.17.0_x5: 2025/11/16 16:01:45 [DEBUG] DaemonSet is not ready: monitoring/kube-prometheus-stack-prometheus-node-exporter. 0 out of 1 expected pods have been scheduled: timestamp=2025-11-16T16:01:45.292Z
2025-11-16T16:01:47.290Z [INFO]  provider.terraform-provider-helm_v2.17.0_x5: 2025/11/16 16:01:47 [DEBUG] DaemonSet is not ready: monitoring/kube-prometheus-stack-prometheus-node-exporter. 0 out of 1 expected pods have been scheduled: timestamp=2025-11-16T16:01:47.289Z
2025-11-16T16:01:49.295Z [INFO]  provider.terraform-provider-helm_v2.17.0_x5: 2025/11/16 16:01:49 [DEBUG] DaemonSet is not ready: monitoring/kube-prometheus-stack-prometheus-node-exporter. 0 out of 1 expected pods have been scheduled: timestamp=2025-11-16T16:01:49.295Z
2025-11-16T16:01:51.292Z [INFO]  provider.terraform-provider-helm_v2.17.0_x5: 2025/11/16 16:01:51 [DEBUG] DaemonSet is not ready: monitoring/kube-prometheus-stack-prometheus-node-exporter. 0 out of 1 expected pods have been scheduled: timestamp=2025-11-16T16:01:51.292Z
2025-11-16T16:01:53.292Z [INFO]  provider.terraform-provider-helm_v2.17.0_x5: 2025/11/16 16:01:53 [DEBUG] DaemonSet is not ready: monitoring/kube-prometheus-stack-prometheus-node-exporter. 0 out of 1 expected pods have been scheduled: timestamp=2025-11-16T16:01:53.292Z
2025-11-16T16:01:55.108Z [WARN]  terraform: Stop called, initiating interrupt sequence
2025-11-16T16:01:55.108Z [WARN]  terraform: run context exists, stopping
2025-11-16T16:01:55.108Z [INFO]  terraform: waiting for graceful stop to complete
2025-11-16T16:01:55.294Z [INFO]  provider.terraform-provider-helm_v2.17.0_x5: 2025/11/16 16:01:55 [DEBUG] DaemonSet is not ready: monitoring/kube-prometheus-stack-prometheus-node-exporter. 0 out of 1 expected pods have been scheduled: timestamp=2025-11-16T16:01:55.294Z
2025-11-16T16:01:55.893Z [WARN]  running operation was forcefully canceled
2025-11-16T16:01:55.894Z [DEBUG] provider.stdio: received EOF, stopping recv loop: err="rpc error: code = Unavailable desc = error reading from server: EOF"
2025-11-16T16:01:55.894Z [ERROR] plugin.(*GRPCProvider).ApplyResourceChange: error="rpc error: code = Unavailable desc = error reading from server: EOF"
2025-11-16T16:01:55.898Z [INFO]  provider: plugin process exited: plugin=.terraform/providers/registry.terraform.io/hashicorp/helm/2.17.0/linux_amd64/terraform-provider-helm_v2.17.0_x5 id=173086
2025-11-16T16:01:55.898Z [DEBUG] provider: plugin exited
2025-11-16T16:02:15.841Z [INFO]  Terraform version: 1.9.8
2025-11-16T16:02:15.841Z [DEBUG] using github.com/hashicorp/go-tfe v1.58.0
2025-11-16T16:02:15.841Z [DEBUG] using github.com/hashicorp/hcl/v2 v2.20.0
2025-11-16T16:02:15.841Z [DEBUG] using github.com/hashicorp/terraform-svchost v0.1.1
2025-11-16T16:02:15.841Z [DEBUG] using github.com/zclconf/go-cty v1.14.4
2025-11-16T16:02:15.841Z [INFO]  Go runtime version: go1.22.7
2025-11-16T16:02:15.841Z [INFO]  CLI args: []string{"terraform", "apply", "--auto-approve"}
2025-11-16T16:02:15.841Z [DEBUG] Attempting to open CLI config file: /root/.terraformrc
2025-11-16T16:02:15.841Z [DEBUG] File doesn't exist, but doesn't need to. Ignoring.
2025-11-16T16:02:15.841Z [DEBUG] ignoring non-existing provider search directory terraform.d/plugins
2025-11-16T16:02:15.841Z [DEBUG] ignoring non-existing provider search directory /root/.terraform.d/plugins
2025-11-16T16:02:15.841Z [DEBUG] ignoring non-existing provider search directory /root/.local/share/terraform/plugins
2025-11-16T16:02:15.841Z [DEBUG] ignoring non-existing provider search directory /usr/local/share/terraform/plugins
2025-11-16T16:02:15.841Z [DEBUG] ignoring non-existing provider search directory /usr/share/terraform/plugins
2025-11-16T16:02:15.841Z [DEBUG] ignoring non-existing provider search directory /var/lib/snapd/desktop/terraform/plugins
2025-11-16T16:02:15.842Z [INFO]  CLI command args: []string{"apply", "--auto-approve"}
2025-11-16T16:02:15.937Z [DEBUG] checking for provisioner in "."
2025-11-16T16:02:15.937Z [DEBUG] checking for provisioner in "/usr/local/bin"
2025-11-16T16:02:15.937Z [INFO]  backend/local: starting Apply operation
2025-11-16T16:02:15.939Z [DEBUG] created provider logger: level=debug
2025-11-16T16:02:15.939Z [INFO]  provider: configuring client automatic mTLS
2025-11-16T16:02:15.956Z [DEBUG] provider: starting plugin: path=.terraform/providers/registry.terraform.io/hashicorp/helm/2.17.0/linux_amd64/terraform-provider-helm_v2.17.0_x5 args=[".terraform/providers/registry.terraform.io/hashicorp/helm/2.17.0/linux_amd64/terraform-provider-helm_v2.17.0_x5"]
2025-11-16T16:02:15.956Z [DEBUG] provider: plugin started: path=.terraform/providers/registry.terraform.io/hashicorp/helm/2.17.0/linux_amd64/terraform-provider-helm_v2.17.0_x5 pid=173216
2025-11-16T16:02:15.956Z [DEBUG] provider: waiting for RPC address: plugin=.terraform/providers/registry.terraform.io/hashicorp/helm/2.17.0/linux_amd64/terraform-provider-helm_v2.17.0_x5
2025-11-16T16:02:15.977Z [INFO]  provider.terraform-provider-helm_v2.17.0_x5: configuring server automatic mTLS: timestamp=2025-11-16T16:02:15.977Z
2025-11-16T16:02:15.996Z [DEBUG] provider: using plugin: version=5
2025-11-16T16:02:15.996Z [DEBUG] provider.terraform-provider-helm_v2.17.0_x5: plugin address: address=/tmp/plugin3838361663 network=unix timestamp=2025-11-16T16:02:15.996Z
2025-11-16T16:02:16.014Z [DEBUG] provider.stdio: received EOF, stopping recv loop: err="rpc error: code = Unavailable desc = error reading from server: EOF"
2025-11-16T16:02:16.015Z [INFO]  provider: plugin process exited: plugin=.terraform/providers/registry.terraform.io/hashicorp/helm/2.17.0/linux_amd64/terraform-provider-helm_v2.17.0_x5 id=173216
2025-11-16T16:02:16.015Z [DEBUG] provider: plugin exited
2025-11-16T16:02:16.015Z [DEBUG] created provider logger: level=debug
2025-11-16T16:02:16.015Z [INFO]  provider: configuring client automatic mTLS
2025-11-16T16:02:16.023Z [DEBUG] provider: starting plugin: path=.terraform/providers/registry.terraform.io/hashicorp/kubernetes/2.38.0/linux_amd64/terraform-provider-kubernetes_v2.38.0_x5 args=[".terraform/providers/registry.terraform.io/hashicorp/kubernetes/2.38.0/linux_amd64/terraform-provider-kubernetes_v2.38.0_x5"]
2025-11-16T16:02:16.023Z [DEBUG] provider: plugin started: path=.terraform/providers/registry.terraform.io/hashicorp/kubernetes/2.38.0/linux_amd64/terraform-provider-kubernetes_v2.38.0_x5 pid=173225
2025-11-16T16:02:16.023Z [DEBUG] provider: waiting for RPC address: plugin=.terraform/providers/registry.terraform.io/hashicorp/kubernetes/2.38.0/linux_amd64/terraform-provider-kubernetes_v2.38.0_x5
2025-11-16T16:02:16.061Z [INFO]  provider.terraform-provider-kubernetes_v2.38.0_x5: configuring server automatic mTLS: timestamp=2025-11-16T16:02:16.061Z
2025-11-16T16:02:16.079Z [DEBUG] provider: using plugin: version=5
2025-11-16T16:02:16.079Z [DEBUG] provider.terraform-provider-kubernetes_v2.38.0_x5: plugin address: address=/tmp/plugin3305892304 network=unix timestamp=2025-11-16T16:02:16.079Z
2025-11-16T16:02:16.176Z [DEBUG] provider.stdio: received EOF, stopping recv loop: err="rpc error: code = Unavailable desc = error reading from server: EOF"
2025-11-16T16:02:16.179Z [INFO]  provider: plugin process exited: plugin=.terraform/providers/registry.terraform.io/hashicorp/kubernetes/2.38.0/linux_amd64/terraform-provider-kubernetes_v2.38.0_x5 id=173225
2025-11-16T16:02:16.179Z [DEBUG] provider: plugin exited
2025-11-16T16:02:16.179Z [DEBUG] Building and walking validate graph
2025-11-16T16:02:16.179Z [DEBUG] ProviderTransformer: "kubernetes_namespace.monitoring" (*terraform.NodeValidatableResource) needs provider["registry.terraform.io/hashicorp/kubernetes"]
2025-11-16T16:02:16.179Z [DEBUG] ProviderTransformer: "kubernetes_manifest.prometheus_service" (*terraform.NodeValidatableResource) needs provider["registry.terraform.io/hashicorp/kubernetes"]
2025-11-16T16:02:16.179Z [DEBUG] ProviderTransformer: "kubernetes_manifest.grafana_service" (*terraform.NodeValidatableResource) needs provider["registry.terraform.io/hashicorp/kubernetes"]
2025-11-16T16:02:16.179Z [DEBUG] ProviderTransformer: "helm_release.kps" (*terraform.NodeValidatableResource) needs provider["registry.terraform.io/hashicorp/helm"]
2025-11-16T16:02:16.180Z [DEBUG] ReferenceTransformer: "kubernetes_namespace.monitoring" references: []
2025-11-16T16:02:16.180Z [DEBUG] ReferenceTransformer: "kubernetes_manifest.prometheus_service" references: []
2025-11-16T16:02:16.180Z [DEBUG] ReferenceTransformer: "kubernetes_manifest.grafana_service" references: []
2025-11-16T16:02:16.180Z [DEBUG] ReferenceTransformer: "helm_release.kps" references: [kubernetes_namespace.monitoring kubernetes_namespace.monitoring]
2025-11-16T16:02:16.180Z [DEBUG] ReferenceTransformer: "output.grafana_infos (expand)" references: []
2025-11-16T16:02:16.180Z [DEBUG] ReferenceTransformer: "output.prometheus_url (expand)" references: []
2025-11-16T16:02:16.180Z [DEBUG] ReferenceTransformer: "provider[\"registry.terraform.io/hashicorp/kubernetes\"]" references: []
2025-11-16T16:02:16.180Z [DEBUG] ReferenceTransformer: "provider[\"registry.terraform.io/hashicorp/helm\"]" references: []
2025-11-16T16:02:16.180Z [DEBUG] Starting graph walk: walkValidate
2025-11-16T16:02:16.180Z [DEBUG] created provider logger: level=debug
2025-11-16T16:02:16.180Z [INFO]  provider: configuring client automatic mTLS
2025-11-16T16:02:16.188Z [DEBUG] provider: starting plugin: path=.terraform/providers/registry.terraform.io/hashicorp/kubernetes/2.38.0/linux_amd64/terraform-provider-kubernetes_v2.38.0_x5 args=[".terraform/providers/registry.terraform.io/hashicorp/kubernetes/2.38.0/linux_amd64/terraform-provider-kubernetes_v2.38.0_x5"]
2025-11-16T16:02:16.189Z [DEBUG] provider: plugin started: path=.terraform/providers/registry.terraform.io/hashicorp/kubernetes/2.38.0/linux_amd64/terraform-provider-kubernetes_v2.38.0_x5 pid=173234
2025-11-16T16:02:16.189Z [DEBUG] provider: waiting for RPC address: plugin=.terraform/providers/registry.terraform.io/hashicorp/kubernetes/2.38.0/linux_amd64/terraform-provider-kubernetes_v2.38.0_x5
2025-11-16T16:02:16.230Z [INFO]  provider.terraform-provider-kubernetes_v2.38.0_x5: configuring server automatic mTLS: timestamp=2025-11-16T16:02:16.230Z
2025-11-16T16:02:16.248Z [DEBUG] provider.terraform-provider-kubernetes_v2.38.0_x5: plugin address: address=/tmp/plugin3317812138 network=unix timestamp=2025-11-16T16:02:16.248Z
2025-11-16T16:02:16.248Z [DEBUG] provider: using plugin: version=5
2025-11-16T16:02:16.267Z [DEBUG] created provider logger: level=debug
2025-11-16T16:02:16.267Z [INFO]  provider: configuring client automatic mTLS
2025-11-16T16:02:16.278Z [DEBUG] provider: starting plugin: path=.terraform/providers/registry.terraform.io/hashicorp/helm/2.17.0/linux_amd64/terraform-provider-helm_v2.17.0_x5 args=[".terraform/providers/registry.terraform.io/hashicorp/helm/2.17.0/linux_amd64/terraform-provider-helm_v2.17.0_x5"]
2025-11-16T16:02:16.278Z [DEBUG] provider: plugin started: path=.terraform/providers/registry.terraform.io/hashicorp/helm/2.17.0/linux_amd64/terraform-provider-helm_v2.17.0_x5 pid=173243
2025-11-16T16:02:16.278Z [DEBUG] provider: waiting for RPC address: plugin=.terraform/providers/registry.terraform.io/hashicorp/helm/2.17.0/linux_amd64/terraform-provider-helm_v2.17.0_x5
2025-11-16T16:02:16.311Z [INFO]  provider.terraform-provider-helm_v2.17.0_x5: configuring server automatic mTLS: timestamp=2025-11-16T16:02:16.311Z
2025-11-16T16:02:16.330Z [DEBUG] provider: using plugin: version=5
2025-11-16T16:02:16.330Z [DEBUG] provider.terraform-provider-helm_v2.17.0_x5: plugin address: address=/tmp/plugin3527869040 network=unix timestamp=2025-11-16T16:02:16.330Z
2025-11-16T16:02:16.348Z [DEBUG] skipping FixUpBlockAttrs
2025-11-16T16:02:16.349Z [DEBUG] skipping FixUpBlockAttrs
2025-11-16T16:02:16.356Z [DEBUG] provider.stdio: received EOF, stopping recv loop: err="rpc error: code = Unavailable desc = error reading from server: EOF"
2025-11-16T16:02:16.359Z [INFO]  provider: plugin process exited: plugin=.terraform/providers/registry.terraform.io/hashicorp/kubernetes/2.38.0/linux_amd64/terraform-provider-kubernetes_v2.38.0_x5 id=173234
2025-11-16T16:02:16.359Z [DEBUG] provider: plugin exited
2025-11-16T16:02:16.362Z [DEBUG] provider.stdio: received EOF, stopping recv loop: err="rpc error: code = Unavailable desc = error reading from server: EOF"
2025-11-16T16:02:16.363Z [INFO]  provider: plugin process exited: plugin=.terraform/providers/registry.terraform.io/hashicorp/helm/2.17.0/linux_amd64/terraform-provider-helm_v2.17.0_x5 id=173243
2025-11-16T16:02:16.363Z [DEBUG] provider: plugin exited
2025-11-16T16:02:16.363Z [INFO]  backend/local: apply calling Plan
2025-11-16T16:02:16.363Z [DEBUG] Building and walking plan graph for NormalMode
2025-11-16T16:02:16.364Z [DEBUG] ProviderTransformer: "kubernetes_namespace.monitoring (expand)" (*terraform.nodeExpandPlannableResource) needs provider["registry.terraform.io/hashicorp/kubernetes"]
2025-11-16T16:02:16.364Z [DEBUG] ProviderTransformer: "kubernetes_manifest.prometheus_service (expand)" (*terraform.nodeExpandPlannableResource) needs provider["registry.terraform.io/hashicorp/kubernetes"]
2025-11-16T16:02:16.364Z [DEBUG] ProviderTransformer: "kubernetes_manifest.grafana_service (expand)" (*terraform.nodeExpandPlannableResource) needs provider["registry.terraform.io/hashicorp/kubernetes"]
2025-11-16T16:02:16.364Z [DEBUG] ProviderTransformer: "helm_release.kps (expand)" (*terraform.nodeExpandPlannableResource) needs provider["registry.terraform.io/hashicorp/helm"]
2025-11-16T16:02:16.364Z [DEBUG] ReferenceTransformer: "provider[\"registry.terraform.io/hashicorp/kubernetes\"]" references: []
2025-11-16T16:02:16.364Z [DEBUG] ReferenceTransformer: "kubernetes_namespace.monitoring (expand)" references: []
2025-11-16T16:02:16.364Z [DEBUG] ReferenceTransformer: "kubernetes_manifest.prometheus_service (expand)" references: []
2025-11-16T16:02:16.364Z [DEBUG] ReferenceTransformer: "kubernetes_manifest.grafana_service (expand)" references: []
2025-11-16T16:02:16.364Z [DEBUG] ReferenceTransformer: "helm_release.kps (expand)" references: [kubernetes_namespace.monitoring (expand) kubernetes_namespace.monitoring (expand)]
2025-11-16T16:02:16.364Z [DEBUG] ReferenceTransformer: "output.grafana_infos (expand)" references: []
2025-11-16T16:02:16.364Z [DEBUG] ReferenceTransformer: "output.prometheus_url (expand)" references: []
2025-11-16T16:02:16.364Z [DEBUG] ReferenceTransformer: "provider[\"registry.terraform.io/hashicorp/helm\"]" references: []
2025-11-16T16:02:16.365Z [DEBUG] Starting graph walk: walkPlan
2025-11-16T16:02:16.365Z [DEBUG] created provider logger: level=debug
2025-11-16T16:02:16.365Z [INFO]  provider: configuring client automatic mTLS
2025-11-16T16:02:16.373Z [DEBUG] provider: starting plugin: path=.terraform/providers/registry.terraform.io/hashicorp/kubernetes/2.38.0/linux_amd64/terraform-provider-kubernetes_v2.38.0_x5 args=[".terraform/providers/registry.terraform.io/hashicorp/kubernetes/2.38.0/linux_amd64/terraform-provider-kubernetes_v2.38.0_x5"]
2025-11-16T16:02:16.373Z [DEBUG] provider: plugin started: path=.terraform/providers/registry.terraform.io/hashicorp/kubernetes/2.38.0/linux_amd64/terraform-provider-kubernetes_v2.38.0_x5 pid=173252
2025-11-16T16:02:16.373Z [DEBUG] provider: waiting for RPC address: plugin=.terraform/providers/registry.terraform.io/hashicorp/kubernetes/2.38.0/linux_amd64/terraform-provider-kubernetes_v2.38.0_x5
2025-11-16T16:02:16.415Z [INFO]  provider.terraform-provider-kubernetes_v2.38.0_x5: configuring server automatic mTLS: timestamp=2025-11-16T16:02:16.415Z
2025-11-16T16:02:16.435Z [DEBUG] provider: using plugin: version=5
2025-11-16T16:02:16.435Z [DEBUG] provider.terraform-provider-kubernetes_v2.38.0_x5: plugin address: address=/tmp/plugin197273690 network=unix timestamp=2025-11-16T16:02:16.435Z
2025-11-16T16:02:16.449Z [DEBUG] created provider logger: level=debug
2025-11-16T16:02:16.449Z [INFO]  provider: configuring client automatic mTLS
2025-11-16T16:02:16.457Z [DEBUG] provider: starting plugin: path=.terraform/providers/registry.terraform.io/hashicorp/helm/2.17.0/linux_amd64/terraform-provider-helm_v2.17.0_x5 args=[".terraform/providers/registry.terraform.io/hashicorp/helm/2.17.0/linux_amd64/terraform-provider-helm_v2.17.0_x5"]
2025-11-16T16:02:16.457Z [DEBUG] provider: plugin started: path=.terraform/providers/registry.terraform.io/hashicorp/helm/2.17.0/linux_amd64/terraform-provider-helm_v2.17.0_x5 pid=173260
2025-11-16T16:02:16.457Z [DEBUG] provider: waiting for RPC address: plugin=.terraform/providers/registry.terraform.io/hashicorp/helm/2.17.0/linux_amd64/terraform-provider-helm_v2.17.0_x5
2025-11-16T16:02:16.485Z [INFO]  provider.terraform-provider-helm_v2.17.0_x5: configuring server automatic mTLS: timestamp=2025-11-16T16:02:16.485Z
2025-11-16T16:02:16.511Z [DEBUG] provider: using plugin: version=5
2025-11-16T16:02:16.511Z [DEBUG] provider.terraform-provider-helm_v2.17.0_x5: plugin address: address=/tmp/plugin2937023121 network=unix timestamp=2025-11-16T16:02:16.510Z
2025-11-16T16:02:16.530Z [DEBUG] provider.terraform-provider-kubernetes_v2.38.0_x5: 2025/11/16 16:02:16 [DEBUG] Using kubeconfig: /root/.kube/config
2025-11-16T16:02:16.531Z [WARN]  ValidateProviderConfig from "provider[\"registry.terraform.io/hashicorp/helm\"]" changed the config value, but that value is unused
2025-11-16T16:02:16.532Z [DEBUG] provider.terraform-provider-kubernetes_v2.38.0_x5: 2025/11/16 16:02:16 [DEBUG] Enabling HTTP requests/responses tracing
2025-11-16T16:02:16.534Z [INFO]  provider.terraform-provider-helm_v2.17.0_x5: 2025/11/16 16:02:16 [DEBUG] Experiments enabled: []: timestamp=2025-11-16T16:02:16.533Z
2025-11-16T16:02:16.534Z [DEBUG] ReferenceTransformer: "kubernetes_manifest.prometheus_service" references: []
2025-11-16T16:02:16.534Z [DEBUG] ReferenceTransformer: "kubernetes_manifest.grafana_service" references: []
2025-11-16T16:02:16.534Z [DEBUG] ReferenceTransformer: "kubernetes_namespace.monitoring" references: []
2025-11-16T16:02:16.534Z [DEBUG] UpgradeResourceState: ignoring dynamic block: map[string]interface {}{"type":[]interface {}{"object", map[string]interface {}{"apiVersion":"string", "kind":"string", "metadata":[]interface {}{"object", map[string]interface {}{"name":"string", "namespace":"string"}}, "spec":[]interface {}{"object", map[string]interface {}{"ports":[]interface {}{"tuple", []interface {}{[]interface {}{"object", map[string]interface {}{"port":"number", "protocol":"string", "targetPort":"number"}}}}, "selector":[]interface {}{"object", map[string]interface {}{"app":"string"}}, "type":"string"}}}}, "value":map[string]interface {}{"apiVersion":"v1", "kind":"Service", "metadata":map[string]interface {}{"name":"prometheus-server", "namespace":"monitoring"}, "spec":map[string]interface {}{"ports":[]interface {}{map[string]interface {}{"port":9090, "protocol":"TCP", "targetPort":9090}}, "selector":map[string]interface {}{"app":"prometheus"}, "type":"LoadBalancer"}}}
2025-11-16T16:02:16.534Z [DEBUG] UpgradeResourceState: ignoring dynamic block: map[string]interface {}{"type":[]interface {}{"object", map[string]interface {}{"apiVersion":"string", "kind":"string", "metadata":[]interface {}{"object", map[string]interface {}{"annotations":[]interface {}{"map", "string"}, "creationTimestamp":"string", "deletionGracePeriodSeconds":"number", "deletionTimestamp":"string", "finalizers":[]interface {}{"list", "string"}, "generateName":"string", "generation":"number", "labels":[]interface {}{"map", "string"}, "managedFields":[]interface {}{"tuple", []interface {}{[]interface {}{"object", map[string]interface {}{"apiVersion":"string", "fieldsType":"string", "fieldsV1":"dynamic", "manager":"string", "operation":"string", "subresource":"string", "time":"string"}}}}, "name":"string", "namespace":"string", "ownerReferences":[]interface {}{"list", []interface {}{"object", map[string]interface {}{"apiVersion":"string", "blockOwnerDeletion":"bool", "controller":"bool", "kind":"string", "name":"string", "uid":"string"}}}, "resourceVersion":"string", "selfLink":"string", "uid":"string"}}, "spec":[]interface {}{"object", map[string]interface {}{"allocateLoadBalancerNodePorts":"bool", "clusterIP":"string", "clusterIPs":[]interface {}{"list", "string"}, "externalIPs":[]interface {}{"list", "string"}, "externalName":"string", "externalTrafficPolicy":"string", "healthCheckNodePort":"number", "internalTrafficPolicy":"string", "ipFamilies":[]interface {}{"list", "string"}, "ipFamilyPolicy":"string", "loadBalancerClass":"string", "loadBalancerIP":"string", "loadBalancerSourceRanges":[]interface {}{"list", "string"}, "ports":[]interface {}{"list", []interface {}{"object", map[string]interface {}{"appProtocol":"string", "name":"string", "nodePort":"number", "port":"number", "protocol":"string", "targetPort":"string"}}}, "publishNotReadyAddresses":"bool", "selector":[]interface {}{"map", "string"}, "sessionAffinity":"string", "sessionAffinityConfig":[]interface {}{"object", map[string]interface {}{"clientIP":[]interface {}{"object", map[string]interface {}{"timeoutSeconds":"number"}}}}, "trafficDistribution":"string", "type":"string"}}}}, "value":map[string]interface {}{"apiVersion":"v1", "kind":"Service", "metadata":map[string]interface {}{"annotations":interface {}(nil), "creationTimestamp":interface {}(nil), "deletionGracePeriodSeconds":interface {}(nil), "deletionTimestamp":interface {}(nil), "finalizers":interface {}(nil), "generateName":interface {}(nil), "generation":interface {}(nil), "labels":interface {}(nil), "managedFields":interface {}(nil), "name":"prometheus-server", "namespace":"monitoring", "ownerReferences":interface {}(nil), "resourceVersion":interface {}(nil), "selfLink":interface {}(nil), "uid":interface {}(nil)}, "spec":map[string]interface {}{"allocateLoadBalancerNodePorts":true, "clusterIP":"10.109.87.174", "clusterIPs":[]interface {}{"10.109.87.174"}, "externalIPs":interface {}(nil), "externalName":interface {}(nil), "externalTrafficPolicy":"Cluster", "healthCheckNodePort":interface {}(nil), "internalTrafficPolicy":"Cluster", "ipFamilies":[]interface {}{"IPv4"}, "ipFamilyPolicy":"SingleStack", "loadBalancerClass":interface {}(nil), "loadBalancerIP":interface {}(nil), "loadBalancerSourceRanges":interface {}(nil), "ports":[]interface {}{map[string]interface {}{"appProtocol":interface {}(nil), "name":interface {}(nil), "nodePort":32426, "port":9090, "protocol":"TCP", "targetPort":"9090"}}, "publishNotReadyAddresses":interface {}(nil), "selector":map[string]interface {}{"app":"prometheus"}, "sessionAffinity":"None", "sessionAffinityConfig":map[string]interface {}{"clientIP":map[string]interface {}{"timeoutSeconds":interface {}(nil)}}, "trafficDistribution":interface {}(nil), "type":"LoadBalancer"}}}
2025-11-16T16:02:16.535Z [DEBUG] UpgradeResourceState: ignoring dynamic block: map[string]interface {}{"type":[]interface {}{"object", map[string]interface {}{"apiVersion":"string", "kind":"string", "metadata":[]interface {}{"object", map[string]interface {}{"name":"string", "namespace":"string"}}, "spec":[]interface {}{"object", map[string]interface {}{"ports":[]interface {}{"tuple", []interface {}{[]interface {}{"object", map[string]interface {}{"port":"number", "protocol":"string", "targetPort":"number"}}}}, "selector":[]interface {}{"object", map[string]interface {}{"app":"string"}}, "type":"string"}}}}, "value":map[string]interface {}{"apiVersion":"v1", "kind":"Service", "metadata":map[string]interface {}{"name":"grafana", "namespace":"monitoring"}, "spec":map[string]interface {}{"ports":[]interface {}{map[string]interface {}{"port":80, "protocol":"TCP", "targetPort":80}}, "selector":map[string]interface {}{"app":"grafana"}, "type":"LoadBalancer"}}}
2025-11-16T16:02:16.535Z [DEBUG] UpgradeResourceState: ignoring dynamic block: map[string]interface {}{"type":[]interface {}{"object", map[string]interface {}{"apiVersion":"string", "kind":"string", "metadata":[]interface {}{"object", map[string]interface {}{"annotations":[]interface {}{"map", "string"}, "creationTimestamp":"string", "deletionGracePeriodSeconds":"number", "deletionTimestamp":"string", "finalizers":[]interface {}{"list", "string"}, "generateName":"string", "generation":"number", "labels":[]interface {}{"map", "string"}, "managedFields":[]interface {}{"tuple", []interface {}{[]interface {}{"object", map[string]interface {}{"apiVersion":"string", "fieldsType":"string", "fieldsV1":"dynamic", "manager":"string", "operation":"string", "subresource":"string", "time":"string"}}}}, "name":"string", "namespace":"string", "ownerReferences":[]interface {}{"list", []interface {}{"object", map[string]interface {}{"apiVersion":"string", "blockOwnerDeletion":"bool", "controller":"bool", "kind":"string", "name":"string", "uid":"string"}}}, "resourceVersion":"string", "selfLink":"string", "uid":"string"}}, "spec":[]interface {}{"object", map[string]interface {}{"allocateLoadBalancerNodePorts":"bool", "clusterIP":"string", "clusterIPs":[]interface {}{"list", "string"}, "externalIPs":[]interface {}{"list", "string"}, "externalName":"string", "externalTrafficPolicy":"string", "healthCheckNodePort":"number", "internalTrafficPolicy":"string", "ipFamilies":[]interface {}{"list", "string"}, "ipFamilyPolicy":"string", "loadBalancerClass":"string", "loadBalancerIP":"string", "loadBalancerSourceRanges":[]interface {}{"list", "string"}, "ports":[]interface {}{"list", []interface {}{"object", map[string]interface {}{"appProtocol":"string", "name":"string", "nodePort":"number", "port":"number", "protocol":"string", "targetPort":"string"}}}, "publishNotReadyAddresses":"bool", "selector":[]interface {}{"map", "string"}, "sessionAffinity":"string", "sessionAffinityConfig":[]interface {}{"object", map[string]interface {}{"clientIP":[]interface {}{"object", map[string]interface {}{"timeoutSeconds":"number"}}}}, "trafficDistribution":"string", "type":"string"}}}}, "value":map[string]interface {}{"apiVersion":"v1", "kind":"Service", "metadata":map[string]interface {}{"annotations":interface {}(nil), "creationTimestamp":interface {}(nil), "deletionGracePeriodSeconds":interface {}(nil), "deletionTimestamp":interface {}(nil), "finalizers":interface {}(nil), "generateName":interface {}(nil), "generation":interface {}(nil), "labels":interface {}(nil), "managedFields":interface {}(nil), "name":"grafana", "namespace":"monitoring", "ownerReferences":interface {}(nil), "resourceVersion":interface {}(nil), "selfLink":interface {}(nil), "uid":interface {}(nil)}, "spec":map[string]interface {}{"allocateLoadBalancerNodePorts":true, "clusterIP":"10.111.54.2", "clusterIPs":[]interface {}{"10.111.54.2"}, "externalIPs":interface {}(nil), "externalName":interface {}(nil), "externalTrafficPolicy":"Cluster", "healthCheckNodePort":interface {}(nil), "internalTrafficPolicy":"Cluster", "ipFamilies":[]interface {}{"IPv4"}, "ipFamilyPolicy":"SingleStack", "loadBalancerClass":interface {}(nil), "loadBalancerIP":interface {}(nil), "loadBalancerSourceRanges":interface {}(nil), "ports":[]interface {}{map[string]interface {}{"appProtocol":interface {}(nil), "name":interface {}(nil), "nodePort":30407, "port":80, "protocol":"TCP", "targetPort":"80"}}, "publishNotReadyAddresses":interface {}(nil), "selector":map[string]interface {}{"app":"grafana"}, "sessionAffinity":"None", "sessionAffinityConfig":map[string]interface {}{"clientIP":map[string]interface {}{"timeoutSeconds":interface {}(nil)}}, "trafficDistribution":interface {}(nil), "type":"LoadBalancer"}}}
2025-11-16T16:02:16.539Z [DEBUG] provider.terraform-provider-kubernetes_v2.38.0_x5: 2025/11/16 16:02:16 [INFO] Checking namespace monitoring
2025-11-16T16:02:16.539Z [DEBUG] provider.terraform-provider-kubernetes_v2.38.0_x5: Sending HTTP Request: tf_http_req_method=GET tf_http_trans_id=1254f1d6-9651-c19a-b823-e3c9e7aacf06 User-Agent="HashiCorp/1.0 Terraform/1.9.8" new_logger_warning="This log was generated by a subsystem logger that wasn't created before being used. Use tflog.NewSubsystem to create this logger before it is used." tf_http_op_type=request @caller=github.com/hashicorp/terraform-plugin-sdk/v2@v2.37.0/helper/logging/logging_http_transport.go:160 tf_http_req_version=HTTP/1.1 Accept="application/json, */*" Host=91.98.16.184:6443 tf_http_req_uri=/api/v1/namespaces/monitoring @module=kubernetes.Kubernetes Accept-Encoding=gzip tf_http_req_body="" timestamp=2025-11-16T16:02:16.539Z
2025-11-16T16:02:16.639Z [DEBUG] provider.terraform-provider-kubernetes_v2.38.0_x5: Received HTTP Response: new_logger_warning="This log was generated by a subsystem logger that wasn't created before being used. Use tflog.NewSubsystem to create this logger before it is used." tf_http_op_type=response tf_http_res_status_code=200 Audit-Id=ca79f971-117c-4b1c-ba2c-0727357cc855 tf_http_res_version=HTTP/2.0 @caller=github.com/hashicorp/terraform-plugin-sdk/v2@v2.37.0/helper/logging/logging_http_transport.go:160 @module=kubernetes.Kubernetes Date="Sun, 16 Nov 2025 16:02:16 GMT" Cache-Control="no-cache, private"
  tf_http_res_body=
  | {"kind":"Namespace","apiVersion":"v1","metadata":{"name":"monitoring","uid":"1fce642b-ebce-427a-ae8e-07b0b653b297","resourceVersion":"2016275","creationTimestamp":"2025-11-16T10:59:25Z","labels":{"kubernetes.io/metadata.name":"monitoring","pod-security.kubernetes.io/audit":"restricted","pod-security.kubernetes.io/enforce":"baseline"},"managedFields":[{"manager":"HashiCorp","operation":"Update","apiVersion":"v1","time":"2025-11-16T10:59:25Z","fieldsType":"FieldsV1","fieldsV1":{"f:metadata":{"f:labels":{".":{},"f:kubernetes.io/metadata.name":{},"f:pod-security.kubernetes.io/audit":{},"f:pod-security.kubernetes.io/enforce":{}}}}}]},"spec":{"finalizers":["kubernetes"]},"status":{"phase":"Active"}}
   X-Kubernetes-Pf-Flowschema-Uid=24ef9050-0ff9-4e4e-b810-9e682b32e548 X-Kubernetes-Pf-Prioritylevel-Uid=debe343a-fda0-4702-9e46-7980016434a2 tf_http_res_status_reason="200 OK" tf_http_trans_id=1254f1d6-9651-c19a-b823-e3c9e7aacf06 Content-Length=703 Content-Type=application/json timestamp=2025-11-16T16:02:16.639Z
2025-11-16T16:02:16.640Z [DEBUG] provider.terraform-provider-kubernetes_v2.38.0_x5: 2025/11/16 16:02:16 [INFO] Namespace monitoring exists
2025-11-16T16:02:16.640Z [DEBUG] provider.terraform-provider-kubernetes_v2.38.0_x5: 2025/11/16 16:02:16 [INFO] Reading namespace monitoring
2025-11-16T16:02:16.640Z [DEBUG] provider.terraform-provider-kubernetes_v2.38.0_x5: Sending HTTP Request: tf_http_req_body="" tf_http_req_method=GET @module=kubernetes.Kubernetes Host=91.98.16.184:6443 new_logger_warning="This log was generated by a subsystem logger that wasn't created before being used. Use tflog.NewSubsystem to create this logger before it is used." tf_http_op_type=request Accept="application/json, */*" @caller=github.com/hashicorp/terraform-plugin-sdk/v2@v2.37.0/helper/logging/logging_http_transport.go:160 Accept-Encoding=gzip User-Agent="HashiCorp/1.0 Terraform/1.9.8" tf_http_req_uri=/api/v1/namespaces/monitoring tf_http_req_version=HTTP/1.1 tf_http_trans_id=eb4d63e9-01aa-d93b-823c-7f4dd5b6086c timestamp=2025-11-16T16:02:16.640Z
2025-11-16T16:02:16.667Z [DEBUG] provider.terraform-provider-kubernetes_v2.38.0_x5: Received HTTP Response: Content-Type=application/json X-Kubernetes-Pf-Flowschema-Uid=24ef9050-0ff9-4e4e-b810-9e682b32e548 new_logger_warning="This log was generated by a subsystem logger that wasn't created before being used. Use tflog.NewSubsystem to create this logger before it is used." @caller=github.com/hashicorp/terraform-plugin-sdk/v2@v2.37.0/helper/logging/logging_http_transport.go:160 X-Kubernetes-Pf-Prioritylevel-Uid=debe343a-fda0-4702-9e46-7980016434a2 tf_http_res_status_reason="200 OK" Audit-Id=c722b449-bee4-4455-83d5-ee90d1934256 tf_http_op_type=response
  tf_http_res_body=
  | {"kind":"Namespace","apiVersion":"v1","metadata":{"name":"monitoring","uid":"1fce642b-ebce-427a-ae8e-07b0b653b297","resourceVersion":"2016275","creationTimestamp":"2025-11-16T10:59:25Z","labels":{"kubernetes.io/metadata.name":"monitoring","pod-security.kubernetes.io/audit":"restricted","pod-security.kubernetes.io/enforce":"baseline"},"managedFields":[{"manager":"HashiCorp","operation":"Update","apiVersion":"v1","time":"2025-11-16T10:59:25Z","fieldsType":"FieldsV1","fieldsV1":{"f:metadata":{"f:labels":{".":{},"f:kubernetes.io/metadata.name":{},"f:pod-security.kubernetes.io/audit":{},"f:pod-security.kubernetes.io/enforce":{}}}}}]},"spec":{"finalizers":["kubernetes"]},"status":{"phase":"Active"}}
   tf_http_res_status_code=200 tf_http_res_version=HTTP/2.0 Cache-Control="no-cache, private" Content-Length=703 Date="Sun, 16 Nov 2025 16:02:16 GMT" tf_http_trans_id=eb4d63e9-01aa-d93b-823c-7f4dd5b6086c @module=kubernetes.Kubernetes timestamp=2025-11-16T16:02:16.666Z
2025-11-16T16:02:16.667Z [DEBUG] provider.terraform-provider-kubernetes_v2.38.0_x5: 2025/11/16 16:02:16 [INFO] Received namespace: &v1.Namespace{TypeMeta:v1.TypeMeta{Kind:"", APIVersion:""}, ObjectMeta:v1.ObjectMeta{Name:"monitoring", GenerateName:"", Namespace:"", SelfLink:"", UID:"1fce642b-ebce-427a-ae8e-07b0b653b297", ResourceVersion:"2016275", Generation:0, CreationTimestamp:time.Date(2025, time.November, 16, 10, 59, 25, 0, time.Local), DeletionTimestamp:<nil>, DeletionGracePeriodSeconds:(*int64)(nil), Labels:map[string]string{"kubernetes.io/metadata.name":"monitoring", "pod-security.kubernetes.io/audit":"restricted", "pod-security.kubernetes.io/enforce":"baseline"}, Annotations:map[string]string(nil), OwnerReferences:[]v1.OwnerReference(nil), Finalizers:[]string(nil), ManagedFields:[]v1.ManagedFieldsEntry{v1.ManagedFieldsEntry{Manager:"HashiCorp", Operation:"Update", APIVersion:"v1", Time:time.Date(2025, time.November, 16, 10, 59, 25, 0, time.Local), FieldsType:"FieldsV1", FieldsV1:(*v1.FieldsV1)(0xc00119bbc0), Subresource:""}}}, Spec:v1.NamespaceSpec{Finalizers:[]v1.FinalizerName{"kubernetes"}}, Status:v1.NamespaceStatus{Phase:"Active", Conditions:[]v1.NamespaceCondition(nil)}}
2025-11-16T16:02:16.672Z [WARN]  Provider "registry.terraform.io/hashicorp/kubernetes" produced an invalid plan for kubernetes_namespace.monitoring, but we are tolerating it because it is using the legacy plugin SDK.
    The following problems may be the cause of any confusing errors from downstream operations:
      - .wait_for_default_service_account: planned value cty.False for a non-computed attribute
      - .metadata[0].annotations: planned value cty.MapValEmpty(cty.String) for a non-computed attribute
      - .metadata[0].generate_name: planned value cty.StringVal("") for a non-computed attribute
2025-11-16T16:02:16.673Z [DEBUG] Resource instance state not found for node "helm_release.kps", instance helm_release.kps
2025-11-16T16:02:16.673Z [DEBUG] ReferenceTransformer: "helm_release.kps" references: []
2025-11-16T16:02:16.673Z [DEBUG] refresh: helm_release.kps: no state, so not refreshing
2025-11-16T16:02:16.680Z [INFO]  provider.terraform-provider-helm_v2.17.0_x5: 2025/11/16 16:02:16 [DEBUG] [resourceDiff: kube-prometheus-stack] Start: timestamp=2025-11-16T16:02:16.680Z
2025-11-16T16:02:16.680Z [INFO]  provider.terraform-provider-helm_v2.17.0_x5: 2025/11/16 16:02:16 [DEBUG] [resourceDiff: kube-prometheus-stack] upgrade_install is enabled: false: timestamp=2025-11-16T16:02:16.680Z
2025-11-16T16:02:16.680Z [INFO]  provider.terraform-provider-helm_v2.17.0_x5: 2025/11/16 16:02:16 [DEBUG] [resourceDiff: kube-prometheus-stack] targetVersion for release kube-prometheus-stack: '60.3.0': timestamp=2025-11-16T16:02:16.680Z
2025-11-16T16:02:16.680Z [INFO]  provider.terraform-provider-helm_v2.17.0_x5: 2025/11/16 16:02:16 [DEBUG] [INFO] GetHelmConfiguration start: timestamp=2025-11-16T16:02:16.680Z
2025-11-16T16:02:16.680Z [INFO]  provider.terraform-provider-helm_v2.17.0_x5: 2025/11/16 16:02:16 [DEBUG] Using kubeconfig: /root/.kube/config: timestamp=2025-11-16T16:02:16.680Z
2025-11-16T16:02:16.681Z [INFO]  provider.terraform-provider-helm_v2.17.0_x5: 2025/11/16 16:02:16 [INFO] Successfully initialized kubernetes config: timestamp=2025-11-16T16:02:16.681Z
2025-11-16T16:02:16.681Z [INFO]  provider.terraform-provider-helm_v2.17.0_x5: 2025/11/16 16:02:16 [DEBUG] [INFO] GetHelmConfiguration success: timestamp=2025-11-16T16:02:16.681Z
2025-11-16T16:02:18.661Z [DEBUG] provider.terraform-provider-kubernetes_v2.38.0_x5: 2025-11-16T16:02:18.660Z [DEBUG] [UpgradeResourceState]: morphed object="tftypes.Object[\"apiVersion\":tftypes.String, \"kind\":tftypes.String, \"metadata\":tftypes.Object[\"annotations\":tftypes.Map[tftypes.String], \"creationTimestamp\":tftypes.String, \"deletionGracePeriodSeconds\":tftypes.Number, \"deletionTimestamp\":tftypes.String, \"finalizers\":tftypes.List[tftypes.String], \"generateName\":tftypes.String, \"generation\":tftypes.Number, \"labels\":tftypes.Map[tftypes.String], \"managedFields\":tftypes.Tuple[tftypes.Object[\"apiVersion\":tftypes.String, \"fieldsType\":tftypes.String, \"fieldsV1\":tftypes.DynamicPseudoType, \"manager\":tftypes.String, \"operation\":tftypes.String, \"subresource\":tftypes.String, \"time\":tftypes.String]], \"name\":tftypes.String, \"namespace\":tftypes.String, \"ownerReferences\":tftypes.List[tftypes.Object[\"apiVersion\":tftypes.String, \"blockOwnerDeletion\":tftypes.Bool, \"controller\":tftypes.Bool, \"kind\":tftypes.String, \"name\":tftypes.String, \"uid\":tftypes.String]], \"resourceVersion\":tftypes.String, \"selfLink\":tftypes.String, \"uid\":tftypes.String], \"spec\":tftypes.Object[\"allocateLoadBalancerNodePorts\":tftypes.Bool, \"clusterIP\":tftypes.String, \"clusterIPs\":tftypes.List[tftypes.String], \"externalIPs\":tftypes.List[tftypes.String], \"externalName\":tftypes.String, \"externalTrafficPolicy\":tftypes.String, \"healthCheckNodePort\":tftypes.Number, \"internalTrafficPolicy\":tftypes.String, \"ipFamilies\":tftypes.List[tftypes.String], \"ipFamilyPolicy\":tftypes.String, \"loadBalancerClass\":tftypes.String, \"loadBalancerIP\":tftypes.String, \"loadBalancerSourceRanges\":tftypes.List[tftypes.String], \"ports\":tftypes.List[tftypes.Object[\"appProtocol\":tftypes.String, \"name\":tftypes.String, \"nodePort\":tftypes.Number, \"port\":tftypes.Number, \"protocol\":tftypes.String, \"targetPort\":tftypes.String]], \"publishNotReadyAddresses\":tftypes.Bool, \"selector\":tftypes.Map[tftypes.String], \"sessionAffinity\":tftypes.String, \"sessionAffinityConfig\":tftypes.Object[\"clientIP\":tftypes.Object[\"timeoutSeconds\":tftypes.Number]], \"trafficDistribution\":tftypes.String, \"type\":tftypes.String]]<\"apiVersion\":tftypes.String<\"v1\">, \"kind\":tftypes.String<\"Service\">, \"metadata\":tftypes.Object[\"annotations\":tftypes.Map[tftypes.String], \"creationTimestamp\":tftypes.String, \"deletionGracePeriodSeconds\":tftypes.Number, \"deletionTimestamp\":tftypes.String, \"finalizers\":tftypes.List[tftypes.String], \"generateName\":tftypes.String, \"generation\":tftypes.Number, \"labels\":tftypes.Map[tftypes.String], \"managedFields\":tftypes.Tuple[tftypes.Object[\"apiVersion\":tftypes.String, \"fieldsType\":tftypes.String, \"fieldsV1\":tftypes.DynamicPseudoType, \"manager\":tftypes.String, \"operation\":tftypes.String, \"subresource\":tftypes.String, \"time\":tftypes.String]], \"name\":tftypes.String, \"namespace\":tftypes.String, \"ownerReferences\":tftypes.List[tftypes.Object[\"apiVersion\":tftypes.String, \"blockOwnerDeletion\":tftypes.Bool, \"controller\":tftypes.Bool, \"kind\":tftypes.String, \"name\":tftypes.String, \"uid\":tftypes.String]], \"resourceVersion\":tftypes.String, \"selfLink\":tftypes.String, \"uid\":tftypes.String]<\"annotations\":tftypes.Map[tftypes.String]<null>, \"creationTimestamp\":tftypes.String<null>, \"deletionGracePeriodSeconds\":tftypes.Number<null>, \"deletionTimestamp\":tftypes.String<null>, \"finalizers\":tftypes.List[tftypes.String]<null>, \"generateName\":tftypes.String<null>, \"generation\":tftypes.Number<null>, \"labels\":tftypes.Map[tftypes.String]<null>, \"managedFields\":tftypes.Tuple[tftypes.Object[\"apiVersion\":tftypes.String, \"fieldsType\":tftypes.String, \"fieldsV1\":tftypes.DynamicPseudoType, \"manager\":tftypes.String, \"operation\":tftypes.String, \"subresource\":tftypes.String, \"time\":tftypes.String]]<null>, \"name\":tftypes.String<\"prometheus-server\">, \"namespace\":tftypes.String<\"monitoring\">, \"ownerReferences\":tftypes.List[tftypes.Object[\"apiVersion\":tftypes.String, \"blockOwnerDeletion\":tftypes.Bool, \"controller\":tftypes.Bool, \"kind\":tftypes.String, \"name\":tftypes.String, \"uid\":tftypes.String]]<null>, \"resourceVersion\":tftypes.String<null>, \"selfLink\":tftypes.String<null>, \"uid\":tftypes.String<null>>, \"spec\":tftypes.Object[\"allocateLoadBalancerNodePorts\":tftypes.Bool, \"clusterIP\":tftypes.String, \"clusterIPs\":tftypes.List[tftypes.String], \"externalIPs\":tftypes.List[tftypes.String], \"externalName\":tftypes.String, \"externalTrafficPolicy\":tftypes.String, \"healthCheckNodePort\":tftypes.Number, \"internalTrafficPolicy\":tftypes.String, \"ipFamilies\":tftypes.List[tftypes.String], \"ipFamilyPolicy\":tftypes.String, \"loadBalancerClass\":tftypes.String, \"loadBalancerIP\":tftypes.String, \"loadBalancerSourceRanges\":tftypes.List[tftypes.String], \"ports\":tftypes.List[tftypes.Object[\"appProtocol\":tftypes.String, \"name\":tftypes.String, \"nodePort\":tftypes.Number, \"port\":tftypes.Number, \"protocol\":tftypes.String, \"targetPort\":tftypes.String]], \"publishNotReadyAddresses\":tftypes.Bool, \"selector\":tftypes.Map[tftypes.String], \"sessionAffinity\":tftypes.String, \"sessionAffinityConfig\":tftypes.Object[\"clientIP\":tftypes.Object[\"timeoutSeconds\":tftypes.Number]], \"trafficDistribution\":tftypes.String, \"type\":tftypes.String]<\"allocateLoadBalancerNodePorts\":tftypes.Bool<\"true\">, \"clusterIP\":tftypes.String<\"10.109.87.174\">, \"clusterIPs\":tftypes.List[tftypes.String]<tftypes.String<\"10.109.87.174\">>, \"externalIPs\":tftypes.List[tftypes.String]<null>, \"externalName\":tftypes.String<null>, \"externalTrafficPolicy\":tftypes.String<\"Cluster\">, \"healthCheckNodePort\":tftypes.Number<null>, \"internalTrafficPolicy\":tftypes.String<\"Cluster\">, \"ipFamilies\":tftypes.List[tftypes.String]<tftypes.String<\"IPv4\">>, \"ipFamilyPolicy\":tftypes.String<\"SingleStack\">, \"loadBalancerClass\":tftypes.String<null>, \"loadBalancerIP\":tftypes.String<null>, \"loadBalancerSourceRanges\":tftypes.List[tftypes.String]<null>, \"ports\":tftypes.List[tftypes.Object[\"appProtocol\":tftypes.String, \"name\":tftypes.String, \"nodePort\":tftypes.Number, \"port\":tftypes.Number, \"protocol\":tftypes.String, \"targetPort\":tftypes.String]]<tftypes.Object[\"appProtocol\":tftypes.String, \"name\":tftypes.String, \"nodePort\":tftypes.Number, \"port\":tftypes.Number, \"protocol\":tftypes.String, \"targetPort\":tftypes.String]<\"appProtocol\":tftypes.String<null>, \"name\":tftypes.String<null>, \"nodePort\":tftypes.Number<\"32426\">, \"port\":tftypes.Number<\"9090\">, \"protocol\":tftypes.String<\"TCP\">, \"targetPort\":tftypes.String<\"9090\">>>, \"publishNotReadyAddresses\":tftypes.Bool<null>, \"selector\":tftypes.Map[tftypes.String]<\"app\":tftypes.String<\"prometheus\">>, \"sessionAffinity\":tftypes.String<\"None\">, \"sessionAffinityConfig\":tftypes.Object[\"clientIP\":tftypes.Object[\"timeoutSeconds\":tftypes.Number]]<\"clientIP\":tftypes.Object[\"timeoutSeconds\":tftypes.Number]<\"timeoutSeconds\":tftypes.Number<null>>>, \"trafficDistribution\":tftypes.String<null>, \"type\":tftypes.String<\"LoadBalancer\">>>"
2025-11-16T16:02:18.664Z [DEBUG] provider.terraform-provider-kubernetes_v2.38.0_x5: 2025-11-16T16:02:18.664Z [DEBUG] [UpgradeResourceState]: morphed object="tftypes.Object[\"apiVersion\":tftypes.String, \"kind\":tftypes.String, \"metadata\":tftypes.Object[\"annotations\":tftypes.Map[tftypes.String], \"creationTimestamp\":tftypes.String, \"deletionGracePeriodSeconds\":tftypes.Number, \"deletionTimestamp\":tftypes.String, \"finalizers\":tftypes.List[tftypes.String], \"generateName\":tftypes.String, \"generation\":tftypes.Number, \"labels\":tftypes.Map[tftypes.String], \"managedFields\":tftypes.Tuple[tftypes.Object[\"apiVersion\":tftypes.String, \"fieldsType\":tftypes.String, \"fieldsV1\":tftypes.DynamicPseudoType, \"manager\":tftypes.String, \"operation\":tftypes.String, \"subresource\":tftypes.String, \"time\":tftypes.String]], \"name\":tftypes.String, \"namespace\":tftypes.String, \"ownerReferences\":tftypes.List[tftypes.Object[\"apiVersion\":tftypes.String, \"blockOwnerDeletion\":tftypes.Bool, \"controller\":tftypes.Bool, \"kind\":tftypes.String, \"name\":tftypes.String, \"uid\":tftypes.String]], \"resourceVersion\":tftypes.String, \"selfLink\":tftypes.String, \"uid\":tftypes.String], \"spec\":tftypes.Object[\"allocateLoadBalancerNodePorts\":tftypes.Bool, \"clusterIP\":tftypes.String, \"clusterIPs\":tftypes.List[tftypes.String], \"externalIPs\":tftypes.List[tftypes.String], \"externalName\":tftypes.String, \"externalTrafficPolicy\":tftypes.String, \"healthCheckNodePort\":tftypes.Number, \"internalTrafficPolicy\":tftypes.String, \"ipFamilies\":tftypes.List[tftypes.String], \"ipFamilyPolicy\":tftypes.String, \"loadBalancerClass\":tftypes.String, \"loadBalancerIP\":tftypes.String, \"loadBalancerSourceRanges\":tftypes.List[tftypes.String], \"ports\":tftypes.List[tftypes.Object[\"appProtocol\":tftypes.String, \"name\":tftypes.String, \"nodePort\":tftypes.Number, \"port\":tftypes.Number, \"protocol\":tftypes.String, \"targetPort\":tftypes.String]], \"publishNotReadyAddresses\":tftypes.Bool, \"selector\":tftypes.Map[tftypes.String], \"sessionAffinity\":tftypes.String, \"sessionAffinityConfig\":tftypes.Object[\"clientIP\":tftypes.Object[\"timeoutSeconds\":tftypes.Number]], \"trafficDistribution\":tftypes.String, \"type\":tftypes.String]]<\"apiVersion\":tftypes.String<\"v1\">, \"kind\":tftypes.String<\"Service\">, \"metadata\":tftypes.Object[\"annotations\":tftypes.Map[tftypes.String], \"creationTimestamp\":tftypes.String, \"deletionGracePeriodSeconds\":tftypes.Number, \"deletionTimestamp\":tftypes.String, \"finalizers\":tftypes.List[tftypes.String], \"generateName\":tftypes.String, \"generation\":tftypes.Number, \"labels\":tftypes.Map[tftypes.String], \"managedFields\":tftypes.Tuple[tftypes.Object[\"apiVersion\":tftypes.String, \"fieldsType\":tftypes.String, \"fieldsV1\":tftypes.DynamicPseudoType, \"manager\":tftypes.String, \"operation\":tftypes.String, \"subresource\":tftypes.String, \"time\":tftypes.String]], \"name\":tftypes.String, \"namespace\":tftypes.String, \"ownerReferences\":tftypes.List[tftypes.Object[\"apiVersion\":tftypes.String, \"blockOwnerDeletion\":tftypes.Bool, \"controller\":tftypes.Bool, \"kind\":tftypes.String, \"name\":tftypes.String, \"uid\":tftypes.String]], \"resourceVersion\":tftypes.String, \"selfLink\":tftypes.String, \"uid\":tftypes.String]<\"annotations\":tftypes.Map[tftypes.String]<null>, \"creationTimestamp\":tftypes.String<null>, \"deletionGracePeriodSeconds\":tftypes.Number<null>, \"deletionTimestamp\":tftypes.String<null>, \"finalizers\":tftypes.List[tftypes.String]<null>, \"generateName\":tftypes.String<null>, \"generation\":tftypes.Number<null>, \"labels\":tftypes.Map[tftypes.String]<null>, \"managedFields\":tftypes.Tuple[tftypes.Object[\"apiVersion\":tftypes.String, \"fieldsType\":tftypes.String, \"fieldsV1\":tftypes.DynamicPseudoType, \"manager\":tftypes.String, \"operation\":tftypes.String, \"subresource\":tftypes.String, \"time\":tftypes.String]]<null>, \"name\":tftypes.String<\"grafana\">, \"namespace\":tftypes.String<\"monitoring\">, \"ownerReferences\":tftypes.List[tftypes.Object[\"apiVersion\":tftypes.String, \"blockOwnerDeletion\":tftypes.Bool, \"controller\":tftypes.Bool, \"kind\":tftypes.String, \"name\":tftypes.String, \"uid\":tftypes.String]]<null>, \"resourceVersion\":tftypes.String<null>, \"selfLink\":tftypes.String<null>, \"uid\":tftypes.String<null>>, \"spec\":tftypes.Object[\"allocateLoadBalancerNodePorts\":tftypes.Bool, \"clusterIP\":tftypes.String, \"clusterIPs\":tftypes.List[tftypes.String], \"externalIPs\":tftypes.List[tftypes.String], \"externalName\":tftypes.String, \"externalTrafficPolicy\":tftypes.String, \"healthCheckNodePort\":tftypes.Number, \"internalTrafficPolicy\":tftypes.String, \"ipFamilies\":tftypes.List[tftypes.String], \"ipFamilyPolicy\":tftypes.String, \"loadBalancerClass\":tftypes.String, \"loadBalancerIP\":tftypes.String, \"loadBalancerSourceRanges\":tftypes.List[tftypes.String], \"ports\":tftypes.List[tftypes.Object[\"appProtocol\":tftypes.String, \"name\":tftypes.String, \"nodePort\":tftypes.Number, \"port\":tftypes.Number, \"protocol\":tftypes.String, \"targetPort\":tftypes.String]], \"publishNotReadyAddresses\":tftypes.Bool, \"selector\":tftypes.Map[tftypes.String], \"sessionAffinity\":tftypes.String, \"sessionAffinityConfig\":tftypes.Object[\"clientIP\":tftypes.Object[\"timeoutSeconds\":tftypes.Number]], \"trafficDistribution\":tftypes.String, \"type\":tftypes.String]<\"allocateLoadBalancerNodePorts\":tftypes.Bool<\"true\">, \"clusterIP\":tftypes.String<\"10.111.54.2\">, \"clusterIPs\":tftypes.List[tftypes.String]<tftypes.String<\"10.111.54.2\">>, \"externalIPs\":tftypes.List[tftypes.String]<null>, \"externalName\":tftypes.String<null>, \"externalTrafficPolicy\":tftypes.String<\"Cluster\">, \"healthCheckNodePort\":tftypes.Number<null>, \"internalTrafficPolicy\":tftypes.String<\"Cluster\">, \"ipFamilies\":tftypes.List[tftypes.String]<tftypes.String<\"IPv4\">>, \"ipFamilyPolicy\":tftypes.String<\"SingleStack\">, \"loadBalancerClass\":tftypes.String<null>, \"loadBalancerIP\":tftypes.String<null>, \"loadBalancerSourceRanges\":tftypes.List[tftypes.String]<null>, \"ports\":tftypes.List[tftypes.Object[\"appProtocol\":tftypes.String, \"name\":tftypes.String, \"nodePort\":tftypes.Number, \"port\":tftypes.Number, \"protocol\":tftypes.String, \"targetPort\":tftypes.String]]<tftypes.Object[\"appProtocol\":tftypes.String, \"name\":tftypes.String, \"nodePort\":tftypes.Number, \"port\":tftypes.Number, \"protocol\":tftypes.String, \"targetPort\":tftypes.String]<\"appProtocol\":tftypes.String<null>, \"name\":tftypes.String<null>, \"nodePort\":tftypes.Number<\"30407\">, \"port\":tftypes.Number<\"80\">, \"protocol\":tftypes.String<\"TCP\">, \"targetPort\":tftypes.String<\"80\">>>, \"publishNotReadyAddresses\":tftypes.Bool<null>, \"selector\":tftypes.Map[tftypes.String]<\"app\":tftypes.String<\"grafana\">>, \"sessionAffinity\":tftypes.String<\"None\">, \"sessionAffinityConfig\":tftypes.Object[\"clientIP\":tftypes.Object[\"timeoutSeconds\":tftypes.Number]]<\"clientIP\":tftypes.Object[\"timeoutSeconds\":tftypes.Number]<\"timeoutSeconds\":tftypes.Number<null>>>, \"trafficDistribution\":tftypes.String<null>, \"type\":tftypes.String<\"LoadBalancer\">>>"
2025-11-16T16:02:18.699Z [DEBUG] skipping FixUpBlockAttrs
2025-11-16T16:02:18.709Z [DEBUG] provider.terraform-provider-kubernetes_v2.38.0_x5: 2025-11-16T16:02:18.709Z [DEBUG] [PlanUpdateResource]: OAPI type="tftypes.Object[\"apiVersion\":tftypes.String, \"kind\":tftypes.String, \"metadata\":tftypes.Object[\"annotations\":tftypes.Map[tftypes.String], \"creationTimestamp\":tftypes.String, \"deletionGracePeriodSeconds\":tftypes.Number, \"deletionTimestamp\":tftypes.String, \"finalizers\":tftypes.List[tftypes.String], \"generateName\":tftypes.String, \"generation\":tftypes.Number, \"labels\":tftypes.Map[tftypes.String], \"managedFields\":tftypes.Tuple[tftypes.Object[\"apiVersion\":tftypes.String, \"fieldsType\":tftypes.String, \"fieldsV1\":tftypes.DynamicPseudoType, \"manager\":tftypes.String, \"operation\":tftypes.String, \"subresource\":tftypes.String, \"time\":tftypes.String]], \"name\":tftypes.String, \"namespace\":tftypes.String, \"ownerReferences\":tftypes.List[tftypes.Object[\"apiVersion\":tftypes.String, \"blockOwnerDeletion\":tftypes.Bool, \"controller\":tftypes.Bool, \"kind\":tftypes.String, \"name\":tftypes.String, \"uid\":tftypes.String]], \"resourceVersion\":tftypes.String, \"selfLink\":tftypes.String, \"uid\":tftypes.String], \"spec\":tftypes.Object[\"allocateLoadBalancerNodePorts\":tftypes.Bool, \"clusterIP\":tftypes.String, \"clusterIPs\":tftypes.List[tftypes.String], \"externalIPs\":tftypes.List[tftypes.String], \"externalName\":tftypes.String, \"externalTrafficPolicy\":tftypes.String, \"healthCheckNodePort\":tftypes.Number, \"internalTrafficPolicy\":tftypes.String, \"ipFamilies\":tftypes.List[tftypes.String], \"ipFamilyPolicy\":tftypes.String, \"loadBalancerClass\":tftypes.String, \"loadBalancerIP\":tftypes.String, \"loadBalancerSourceRanges\":tftypes.List[tftypes.String], \"ports\":tftypes.List[tftypes.Object[\"appProtocol\":tftypes.String, \"name\":tftypes.String, \"nodePort\":tftypes.Number, \"port\":tftypes.Number, \"protocol\":tftypes.String, \"targetPort\":tftypes.String]], \"publishNotReadyAddresses\":tftypes.Bool, \"selector\":tftypes.Map[tftypes.String], \"sessionAffinity\":tftypes.String, \"sessionAffinityConfig\":tftypes.Object[\"clientIP\":tftypes.Object[\"timeoutSeconds\":tftypes.Number]], \"trafficDistribution\":tftypes.String, \"type\":tftypes.String]]"
2025-11-16T16:02:18.709Z [DEBUG] provider.terraform-provider-kubernetes_v2.38.0_x5: 2025-11-16T16:02:18.709Z [DEBUG] [PlanResourceChange]: morphed manifest="tftypes.Object[\"apiVersion\":tftypes.String, \"kind\":tftypes.String, \"metadata\":tftypes.Object[\"annotations\":tftypes.Map[tftypes.String], \"creationTimestamp\":tftypes.String, \"deletionGracePeriodSeconds\":tftypes.Number, \"deletionTimestamp\":tftypes.String, \"finalizers\":tftypes.List[tftypes.String], \"generateName\":tftypes.String, \"generation\":tftypes.Number, \"labels\":tftypes.Map[tftypes.String], \"managedFields\":tftypes.Tuple[tftypes.Object[\"apiVersion\":tftypes.String, \"fieldsType\":tftypes.String, \"fieldsV1\":tftypes.DynamicPseudoType, \"manager\":tftypes.String, \"operation\":tftypes.String, \"subresource\":tftypes.String, \"time\":tftypes.String]], \"name\":tftypes.String, \"namespace\":tftypes.String, \"ownerReferences\":tftypes.List[tftypes.Object[\"apiVersion\":tftypes.String, \"blockOwnerDeletion\":tftypes.Bool, \"controller\":tftypes.Bool, \"kind\":tftypes.String, \"name\":tftypes.String, \"uid\":tftypes.String]], \"resourceVersion\":tftypes.String, \"selfLink\":tftypes.String, \"uid\":tftypes.String], \"spec\":tftypes.Object[\"allocateLoadBalancerNodePorts\":tftypes.Bool, \"clusterIP\":tftypes.String, \"clusterIPs\":tftypes.List[tftypes.String], \"externalIPs\":tftypes.List[tftypes.String], \"externalName\":tftypes.String, \"externalTrafficPolicy\":tftypes.String, \"healthCheckNodePort\":tftypes.Number, \"internalTrafficPolicy\":tftypes.String, \"ipFamilies\":tftypes.List[tftypes.String], \"ipFamilyPolicy\":tftypes.String, \"loadBalancerClass\":tftypes.String, \"loadBalancerIP\":tftypes.String, \"loadBalancerSourceRanges\":tftypes.List[tftypes.String], \"ports\":tftypes.List[tftypes.Object[\"appProtocol\":tftypes.String, \"name\":tftypes.String, \"nodePort\":tftypes.Number, \"port\":tftypes.Number, \"protocol\":tftypes.String, \"targetPort\":tftypes.String]], \"publishNotReadyAddresses\":tftypes.Bool, \"selector\":tftypes.Map[tftypes.String], \"sessionAffinity\":tftypes.String, \"sessionAffinityConfig\":tftypes.Object[\"clientIP\":tftypes.Object[\"timeoutSeconds\":tftypes.Number]], \"trafficDistribution\":tftypes.String, \"type\":tftypes.String]]<\"apiVersion\":tftypes.String<\"v1\">, \"kind\":tftypes.String<\"Service\">, \"metadata\":tftypes.Object[\"annotations\":tftypes.Map[tftypes.String], \"creationTimestamp\":tftypes.String, \"deletionGracePeriodSeconds\":tftypes.Number, \"deletionTimestamp\":tftypes.String, \"finalizers\":tftypes.List[tftypes.String], \"generateName\":tftypes.String, \"generation\":tftypes.Number, \"labels\":tftypes.Map[tftypes.String], \"managedFields\":tftypes.Tuple[tftypes.Object[\"apiVersion\":tftypes.String, \"fieldsType\":tftypes.String, \"fieldsV1\":tftypes.DynamicPseudoType, \"manager\":tftypes.String, \"operation\":tftypes.String, \"subresource\":tftypes.String, \"time\":tftypes.String]], \"name\":tftypes.String, \"namespace\":tftypes.String, \"ownerReferences\":tftypes.List[tftypes.Object[\"apiVersion\":tftypes.String, \"blockOwnerDeletion\":tftypes.Bool, \"controller\":tftypes.Bool, \"kind\":tftypes.String, \"name\":tftypes.String, \"uid\":tftypes.String]], \"resourceVersion\":tftypes.String, \"selfLink\":tftypes.String, \"uid\":tftypes.String]<\"annotations\":tftypes.Map[tftypes.String]<null>, \"creationTimestamp\":tftypes.String<null>, \"deletionGracePeriodSeconds\":tftypes.Number<null>, \"deletionTimestamp\":tftypes.String<null>, \"finalizers\":tftypes.List[tftypes.String]<null>, \"generateName\":tftypes.String<null>, \"generation\":tftypes.Number<null>, \"labels\":tftypes.Map[tftypes.String]<null>, \"managedFields\":tftypes.Tuple[tftypes.Object[\"apiVersion\":tftypes.String, \"fieldsType\":tftypes.String, \"fieldsV1\":tftypes.DynamicPseudoType, \"manager\":tftypes.String, \"operation\":tftypes.String, \"subresource\":tftypes.String, \"time\":tftypes.String]]<null>, \"name\":tftypes.String<\"prometheus-server\">, \"namespace\":tftypes.String<\"monitoring\">, \"ownerReferences\":tftypes.List[tftypes.Object[\"apiVersion\":tftypes.String, \"blockOwnerDeletion\":tftypes.Bool, \"controller\":tftypes.Bool, \"kind\":tftypes.String, \"name\":tftypes.String, \"uid\":tftypes.String]]<null>, \"resourceVersion\":tftypes.String<null>, \"selfLink\":tftypes.String<null>, \"uid\":tftypes.String<null>>, \"spec\":tftypes.Object[\"allocateLoadBalancerNodePorts\":tftypes.Bool, \"clusterIP\":tftypes.String, \"clusterIPs\":tftypes.List[tftypes.String], \"externalIPs\":tftypes.List[tftypes.String], \"externalName\":tftypes.String, \"externalTrafficPolicy\":tftypes.String, \"healthCheckNodePort\":tftypes.Number, \"internalTrafficPolicy\":tftypes.String, \"ipFamilies\":tftypes.List[tftypes.String], \"ipFamilyPolicy\":tftypes.String, \"loadBalancerClass\":tftypes.String, \"loadBalancerIP\":tftypes.String, \"loadBalancerSourceRanges\":tftypes.List[tftypes.String], \"ports\":tftypes.List[tftypes.Object[\"appProtocol\":tftypes.String, \"name\":tftypes.String, \"nodePort\":tftypes.Number, \"port\":tftypes.Number, \"protocol\":tftypes.String, \"targetPort\":tftypes.String]], \"publishNotReadyAddresses\":tftypes.Bool, \"selector\":tftypes.Map[tftypes.String], \"sessionAffinity\":tftypes.String, \"sessionAffinityConfig\":tftypes.Object[\"clientIP\":tftypes.Object[\"timeoutSeconds\":tftypes.Number]], \"trafficDistribution\":tftypes.String, \"type\":tftypes.String]<\"allocateLoadBalancerNodePorts\":tftypes.Bool<null>, \"clusterIP\":tftypes.String<null>, \"clusterIPs\":tftypes.List[tftypes.String]<null>, \"externalIPs\":tftypes.List[tftypes.String]<null>, \"externalName\":tftypes.String<null>, \"externalTrafficPolicy\":tftypes.String<null>, \"healthCheckNodePort\":tftypes.Number<null>, \"internalTrafficPolicy\":tftypes.String<null>, \"ipFamilies\":tftypes.List[tftypes.String]<null>, \"ipFamilyPolicy\":tftypes.String<null>, \"loadBalancerClass\":tftypes.String<null>, \"loadBalancerIP\":tftypes.String<null>, \"loadBalancerSourceRanges\":tftypes.List[tftypes.String]<null>, \"ports\":tftypes.List[tftypes.Object[\"appProtocol\":tftypes.String, \"name\":tftypes.String, \"nodePort\":tftypes.Number, \"port\":tftypes.Number, \"protocol\":tftypes.String, \"targetPort\":tftypes.String]]<tftypes.Object[\"appProtocol\":tftypes.String, \"name\":tftypes.String, \"nodePort\":tftypes.Number, \"port\":tftypes.Number, \"protocol\":tftypes.String, \"targetPort\":tftypes.String]<\"appProtocol\":tftypes.String<null>, \"name\":tftypes.String<null>, \"nodePort\":tftypes.Number<null>, \"port\":tftypes.Number<\"9090\">, \"protocol\":tftypes.String<\"TCP\">, \"targetPort\":tftypes.String<\"9090\">>>, \"publishNotReadyAddresses\":tftypes.Bool<null>, \"selector\":tftypes.Map[tftypes.String]<\"app\":tftypes.String<\"prometheus\">>, \"sessionAffinity\":tftypes.String<null>, \"sessionAffinityConfig\":tftypes.Object[\"clientIP\":tftypes.Object[\"timeoutSeconds\":tftypes.Number]]<null>, \"trafficDistribution\":tftypes.String<null>, \"type\":tftypes.String<\"LoadBalancer\">>>"
2025-11-16T16:02:18.710Z [DEBUG] provider.terraform-provider-kubernetes_v2.38.0_x5: 2025-11-16T16:02:18.710Z [DEBUG] [PlanResourceChange]: backfilled manifest="tftypes.Object[\"apiVersion\":tftypes.String, \"kind\":tftypes.String, \"metadata\":tftypes.Object[\"annotations\":tftypes.Map[tftypes.String], \"creationTimestamp\":tftypes.String, \"deletionGracePeriodSeconds\":tftypes.Number, \"deletionTimestamp\":tftypes.String, \"finalizers\":tftypes.List[tftypes.String], \"generateName\":tftypes.String, \"generation\":tftypes.Number, \"labels\":tftypes.Map[tftypes.String], \"managedFields\":tftypes.Tuple[tftypes.Object[\"apiVersion\":tftypes.String, \"fieldsType\":tftypes.String, \"fieldsV1\":tftypes.DynamicPseudoType, \"manager\":tftypes.String, \"operation\":tftypes.String, \"subresource\":tftypes.String, \"time\":tftypes.String]], \"name\":tftypes.String, \"namespace\":tftypes.String, \"ownerReferences\":tftypes.List[tftypes.Object[\"apiVersion\":tftypes.String, \"blockOwnerDeletion\":tftypes.Bool, \"controller\":tftypes.Bool, \"kind\":tftypes.String, \"name\":tftypes.String, \"uid\":tftypes.String]], \"resourceVersion\":tftypes.String, \"selfLink\":tftypes.String, \"uid\":tftypes.String], \"spec\":tftypes.Object[\"allocateLoadBalancerNodePorts\":tftypes.Bool, \"clusterIP\":tftypes.String, \"clusterIPs\":tftypes.List[tftypes.String], \"externalIPs\":tftypes.List[tftypes.String], \"externalName\":tftypes.String, \"externalTrafficPolicy\":tftypes.String, \"healthCheckNodePort\":tftypes.Number, \"internalTrafficPolicy\":tftypes.String, \"ipFamilies\":tftypes.List[tftypes.String], \"ipFamilyPolicy\":tftypes.String, \"loadBalancerClass\":tftypes.String, \"loadBalancerIP\":tftypes.String, \"loadBalancerSourceRanges\":tftypes.List[tftypes.String], \"ports\":tftypes.List[tftypes.Object[\"appProtocol\":tftypes.String, \"name\":tftypes.String, \"nodePort\":tftypes.Number, \"port\":tftypes.Number, \"protocol\":tftypes.String, \"targetPort\":tftypes.String]], \"publishNotReadyAddresses\":tftypes.Bool, \"selector\":tftypes.Map[tftypes.String], \"sessionAffinity\":tftypes.String, \"sessionAffinityConfig\":tftypes.Object[\"clientIP\":tftypes.Object[\"timeoutSeconds\":tftypes.Number]], \"trafficDistribution\":tftypes.String, \"type\":tftypes.String]]<\"apiVersion\":tftypes.String<\"v1\">, \"kind\":tftypes.String<\"Service\">, \"metadata\":tftypes.Object[\"annotations\":tftypes.Map[tftypes.String], \"creationTimestamp\":tftypes.String, \"deletionGracePeriodSeconds\":tftypes.Number, \"deletionTimestamp\":tftypes.String, \"finalizers\":tftypes.List[tftypes.String], \"generateName\":tftypes.String, \"generation\":tftypes.Number, \"labels\":tftypes.Map[tftypes.String], \"managedFields\":tftypes.Tuple[tftypes.Object[\"apiVersion\":tftypes.String, \"fieldsType\":tftypes.String, \"fieldsV1\":tftypes.DynamicPseudoType, \"manager\":tftypes.String, \"operation\":tftypes.String, \"subresource\":tftypes.String, \"time\":tftypes.String]], \"name\":tftypes.String, \"namespace\":tftypes.String, \"ownerReferences\":tftypes.List[tftypes.Object[\"apiVersion\":tftypes.String, \"blockOwnerDeletion\":tftypes.Bool, \"controller\":tftypes.Bool, \"kind\":tftypes.String, \"name\":tftypes.String, \"uid\":tftypes.String]], \"resourceVersion\":tftypes.String, \"selfLink\":tftypes.String, \"uid\":tftypes.String]<\"annotations\":tftypes.Map[tftypes.String]<unknown>, \"creationTimestamp\":tftypes.String<unknown>, \"deletionGracePeriodSeconds\":tftypes.Number<unknown>, \"deletionTimestamp\":tftypes.String<unknown>, \"finalizers\":tftypes.List[tftypes.String]<unknown>, \"generateName\":tftypes.String<unknown>, \"generation\":tftypes.Number<unknown>, \"labels\":tftypes.Map[tftypes.String]<unknown>, \"managedFields\":tftypes.Tuple[tftypes.Object[\"apiVersion\":tftypes.String, \"fieldsType\":tftypes.String, \"fieldsV1\":tftypes.DynamicPseudoType, \"manager\":tftypes.String, \"operation\":tftypes.String, \"subresource\":tftypes.String, \"time\":tftypes.String]]<unknown>, \"name\":tftypes.String<\"prometheus-server\">, \"namespace\":tftypes.String<\"monitoring\">, \"ownerReferences\":tftypes.List[tftypes.Object[\"apiVersion\":tftypes.String, \"blockOwnerDeletion\":tftypes.Bool, \"controller\":tftypes.Bool, \"kind\":tftypes.String, \"name\":tftypes.String, \"uid\":tftypes.String]]<unknown>, \"resourceVersion\":tftypes.String<unknown>, \"selfLink\":tftypes.String<unknown>, \"uid\":tftypes.String<unknown>>, \"spec\":tftypes.Object[\"allocateLoadBalancerNodePorts\":tftypes.Bool, \"clusterIP\":tftypes.String, \"clusterIPs\":tftypes.List[tftypes.String], \"externalIPs\":tftypes.List[tftypes.String], \"externalName\":tftypes.String, \"externalTrafficPolicy\":tftypes.String, \"healthCheckNodePort\":tftypes.Number, \"internalTrafficPolicy\":tftypes.String, \"ipFamilies\":tftypes.List[tftypes.String], \"ipFamilyPolicy\":tftypes.String, \"loadBalancerClass\":tftypes.String, \"loadBalancerIP\":tftypes.String, \"loadBalancerSourceRanges\":tftypes.List[tftypes.String], \"ports\":tftypes.List[tftypes.Object[\"appProtocol\":tftypes.String, \"name\":tftypes.String, \"nodePort\":tftypes.Number, \"port\":tftypes.Number, \"protocol\":tftypes.String, \"targetPort\":tftypes.String]], \"publishNotReadyAddresses\":tftypes.Bool, \"selector\":tftypes.Map[tftypes.String], \"sessionAffinity\":tftypes.String, \"sessionAffinityConfig\":tftypes.Object[\"clientIP\":tftypes.Object[\"timeoutSeconds\":tftypes.Number]], \"trafficDistribution\":tftypes.String, \"type\":tftypes.String]<\"allocateLoadBalancerNodePorts\":tftypes.Bool<unknown>, \"clusterIP\":tftypes.String<unknown>, \"clusterIPs\":tftypes.List[tftypes.String]<unknown>, \"externalIPs\":tftypes.List[tftypes.String]<unknown>, \"externalName\":tftypes.String<unknown>, \"externalTrafficPolicy\":tftypes.String<unknown>, \"healthCheckNodePort\":tftypes.Number<unknown>, \"internalTrafficPolicy\":tftypes.String<unknown>, \"ipFamilies\":tftypes.List[tftypes.String]<unknown>, \"ipFamilyPolicy\":tftypes.String<unknown>, \"loadBalancerClass\":tftypes.String<unknown>, \"loadBalancerIP\":tftypes.String<unknown>, \"loadBalancerSourceRanges\":tftypes.List[tftypes.String]<unknown>, \"ports\":tftypes.List[tftypes.Object[\"appProtocol\":tftypes.String, \"name\":tftypes.String, \"nodePort\":tftypes.Number, \"port\":tftypes.Number, \"protocol\":tftypes.String, \"targetPort\":tftypes.String]]<tftypes.Object[\"appProtocol\":tftypes.String, \"name\":tftypes.String, \"nodePort\":tftypes.Number, \"port\":tftypes.Number, \"protocol\":tftypes.String, \"targetPort\":tftypes.String]<\"appProtocol\":tftypes.String<unknown>, \"name\":tftypes.String<unknown>, \"nodePort\":tftypes.Number<unknown>, \"port\":tftypes.Number<\"9090\">, \"protocol\":tftypes.String<\"TCP\">, \"targetPort\":tftypes.String<\"9090\">>>, \"publishNotReadyAddresses\":tftypes.Bool<unknown>, \"selector\":tftypes.Map[tftypes.String]<\"app\":tftypes.String<\"prometheus\">>, \"sessionAffinity\":tftypes.String<unknown>, \"sessionAffinityConfig\":tftypes.Object[\"clientIP\":tftypes.Object[\"timeoutSeconds\":tftypes.Number]]<\"clientIP\":tftypes.Object[\"timeoutSeconds\":tftypes.Number]<\"timeoutSeconds\":tftypes.Number<unknown>>>, \"trafficDistribution\":tftypes.String<unknown>, \"type\":tftypes.String<\"LoadBalancer\">>>"
2025-11-16T16:02:18.714Z [DEBUG] skipping FixUpBlockAttrs
2025-11-16T16:02:18.731Z [DEBUG] provider.terraform-provider-kubernetes_v2.38.0_x5: 2025-11-16T16:02:18.731Z [DEBUG] [PlanUpdateResource]: OAPI type="tftypes.Object[\"apiVersion\":tftypes.String, \"kind\":tftypes.String, \"metadata\":tftypes.Object[\"annotations\":tftypes.Map[tftypes.String], \"creationTimestamp\":tftypes.String, \"deletionGracePeriodSeconds\":tftypes.Number, \"deletionTimestamp\":tftypes.String, \"finalizers\":tftypes.List[tftypes.String], \"generateName\":tftypes.String, \"generation\":tftypes.Number, \"labels\":tftypes.Map[tftypes.String], \"managedFields\":tftypes.Tuple[tftypes.Object[\"apiVersion\":tftypes.String, \"fieldsType\":tftypes.String, \"fieldsV1\":tftypes.DynamicPseudoType, \"manager\":tftypes.String, \"operation\":tftypes.String, \"subresource\":tftypes.String, \"time\":tftypes.String]], \"name\":tftypes.String, \"namespace\":tftypes.String, \"ownerReferences\":tftypes.List[tftypes.Object[\"apiVersion\":tftypes.String, \"blockOwnerDeletion\":tftypes.Bool, \"controller\":tftypes.Bool, \"kind\":tftypes.String, \"name\":tftypes.String, \"uid\":tftypes.String]], \"resourceVersion\":tftypes.String, \"selfLink\":tftypes.String, \"uid\":tftypes.String], \"spec\":tftypes.Object[\"allocateLoadBalancerNodePorts\":tftypes.Bool, \"clusterIP\":tftypes.String, \"clusterIPs\":tftypes.List[tftypes.String], \"externalIPs\":tftypes.List[tftypes.String], \"externalName\":tftypes.String, \"externalTrafficPolicy\":tftypes.String, \"healthCheckNodePort\":tftypes.Number, \"internalTrafficPolicy\":tftypes.String, \"ipFamilies\":tftypes.List[tftypes.String], \"ipFamilyPolicy\":tftypes.String, \"loadBalancerClass\":tftypes.String, \"loadBalancerIP\":tftypes.String, \"loadBalancerSourceRanges\":tftypes.List[tftypes.String], \"ports\":tftypes.List[tftypes.Object[\"appProtocol\":tftypes.String, \"name\":tftypes.String, \"nodePort\":tftypes.Number, \"port\":tftypes.Number, \"protocol\":tftypes.String, \"targetPort\":tftypes.String]], \"publishNotReadyAddresses\":tftypes.Bool, \"selector\":tftypes.Map[tftypes.String], \"sessionAffinity\":tftypes.String, \"sessionAffinityConfig\":tftypes.Object[\"clientIP\":tftypes.Object[\"timeoutSeconds\":tftypes.Number]], \"trafficDistribution\":tftypes.String, \"type\":tftypes.String]]"
2025-11-16T16:02:18.732Z [DEBUG] provider.terraform-provider-kubernetes_v2.38.0_x5: 2025-11-16T16:02:18.732Z [DEBUG] [PlanResourceChange]: morphed manifest="tftypes.Object[\"apiVersion\":tftypes.String, \"kind\":tftypes.String, \"metadata\":tftypes.Object[\"annotations\":tftypes.Map[tftypes.String], \"creationTimestamp\":tftypes.String, \"deletionGracePeriodSeconds\":tftypes.Number, \"deletionTimestamp\":tftypes.String, \"finalizers\":tftypes.List[tftypes.String], \"generateName\":tftypes.String, \"generation\":tftypes.Number, \"labels\":tftypes.Map[tftypes.String], \"managedFields\":tftypes.Tuple[tftypes.Object[\"apiVersion\":tftypes.String, \"fieldsType\":tftypes.String, \"fieldsV1\":tftypes.DynamicPseudoType, \"manager\":tftypes.String, \"operation\":tftypes.String, \"subresource\":tftypes.String, \"time\":tftypes.String]], \"name\":tftypes.String, \"namespace\":tftypes.String, \"ownerReferences\":tftypes.List[tftypes.Object[\"apiVersion\":tftypes.String, \"blockOwnerDeletion\":tftypes.Bool, \"controller\":tftypes.Bool, \"kind\":tftypes.String, \"name\":tftypes.String, \"uid\":tftypes.String]], \"resourceVersion\":tftypes.String, \"selfLink\":tftypes.String, \"uid\":tftypes.String], \"spec\":tftypes.Object[\"allocateLoadBalancerNodePorts\":tftypes.Bool, \"clusterIP\":tftypes.String, \"clusterIPs\":tftypes.List[tftypes.String], \"externalIPs\":tftypes.List[tftypes.String], \"externalName\":tftypes.String, \"externalTrafficPolicy\":tftypes.String, \"healthCheckNodePort\":tftypes.Number, \"internalTrafficPolicy\":tftypes.String, \"ipFamilies\":tftypes.List[tftypes.String], \"ipFamilyPolicy\":tftypes.String, \"loadBalancerClass\":tftypes.String, \"loadBalancerIP\":tftypes.String, \"loadBalancerSourceRanges\":tftypes.List[tftypes.String], \"ports\":tftypes.List[tftypes.Object[\"appProtocol\":tftypes.String, \"name\":tftypes.String, \"nodePort\":tftypes.Number, \"port\":tftypes.Number, \"protocol\":tftypes.String, \"targetPort\":tftypes.String]], \"publishNotReadyAddresses\":tftypes.Bool, \"selector\":tftypes.Map[tftypes.String], \"sessionAffinity\":tftypes.String, \"sessionAffinityConfig\":tftypes.Object[\"clientIP\":tftypes.Object[\"timeoutSeconds\":tftypes.Number]], \"trafficDistribution\":tftypes.String, \"type\":tftypes.String]]<\"apiVersion\":tftypes.String<\"v1\">, \"kind\":tftypes.String<\"Service\">, \"metadata\":tftypes.Object[\"annotations\":tftypes.Map[tftypes.String], \"creationTimestamp\":tftypes.String, \"deletionGracePeriodSeconds\":tftypes.Number, \"deletionTimestamp\":tftypes.String, \"finalizers\":tftypes.List[tftypes.String], \"generateName\":tftypes.String, \"generation\":tftypes.Number, \"labels\":tftypes.Map[tftypes.String], \"managedFields\":tftypes.Tuple[tftypes.Object[\"apiVersion\":tftypes.String, \"fieldsType\":tftypes.String, \"fieldsV1\":tftypes.DynamicPseudoType, \"manager\":tftypes.String, \"operation\":tftypes.String, \"subresource\":tftypes.String, \"time\":tftypes.String]], \"name\":tftypes.String, \"namespace\":tftypes.String, \"ownerReferences\":tftypes.List[tftypes.Object[\"apiVersion\":tftypes.String, \"blockOwnerDeletion\":tftypes.Bool, \"controller\":tftypes.Bool, \"kind\":tftypes.String, \"name\":tftypes.String, \"uid\":tftypes.String]], \"resourceVersion\":tftypes.String, \"selfLink\":tftypes.String, \"uid\":tftypes.String]<\"annotations\":tftypes.Map[tftypes.String]<null>, \"creationTimestamp\":tftypes.String<null>, \"deletionGracePeriodSeconds\":tftypes.Number<null>, \"deletionTimestamp\":tftypes.String<null>, \"finalizers\":tftypes.List[tftypes.String]<null>, \"generateName\":tftypes.String<null>, \"generation\":tftypes.Number<null>, \"labels\":tftypes.Map[tftypes.String]<null>, \"managedFields\":tftypes.Tuple[tftypes.Object[\"apiVersion\":tftypes.String, \"fieldsType\":tftypes.String, \"fieldsV1\":tftypes.DynamicPseudoType, \"manager\":tftypes.String, \"operation\":tftypes.String, \"subresource\":tftypes.String, \"time\":tftypes.String]]<null>, \"name\":tftypes.String<\"grafana\">, \"namespace\":tftypes.String<\"monitoring\">, \"ownerReferences\":tftypes.List[tftypes.Object[\"apiVersion\":tftypes.String, \"blockOwnerDeletion\":tftypes.Bool, \"controller\":tftypes.Bool, \"kind\":tftypes.String, \"name\":tftypes.String, \"uid\":tftypes.String]]<null>, \"resourceVersion\":tftypes.String<null>, \"selfLink\":tftypes.String<null>, \"uid\":tftypes.String<null>>, \"spec\":tftypes.Object[\"allocateLoadBalancerNodePorts\":tftypes.Bool, \"clusterIP\":tftypes.String, \"clusterIPs\":tftypes.List[tftypes.String], \"externalIPs\":tftypes.List[tftypes.String], \"externalName\":tftypes.String, \"externalTrafficPolicy\":tftypes.String, \"healthCheckNodePort\":tftypes.Number, \"internalTrafficPolicy\":tftypes.String, \"ipFamilies\":tftypes.List[tftypes.String], \"ipFamilyPolicy\":tftypes.String, \"loadBalancerClass\":tftypes.String, \"loadBalancerIP\":tftypes.String, \"loadBalancerSourceRanges\":tftypes.List[tftypes.String], \"ports\":tftypes.List[tftypes.Object[\"appProtocol\":tftypes.String, \"name\":tftypes.String, \"nodePort\":tftypes.Number, \"port\":tftypes.Number, \"protocol\":tftypes.String, \"targetPort\":tftypes.String]], \"publishNotReadyAddresses\":tftypes.Bool, \"selector\":tftypes.Map[tftypes.String], \"sessionAffinity\":tftypes.String, \"sessionAffinityConfig\":tftypes.Object[\"clientIP\":tftypes.Object[\"timeoutSeconds\":tftypes.Number]], \"trafficDistribution\":tftypes.String, \"type\":tftypes.String]<\"allocateLoadBalancerNodePorts\":tftypes.Bool<null>, \"clusterIP\":tftypes.String<null>, \"clusterIPs\":tftypes.List[tftypes.String]<null>, \"externalIPs\":tftypes.List[tftypes.String]<null>, \"externalName\":tftypes.String<null>, \"externalTrafficPolicy\":tftypes.String<null>, \"healthCheckNodePort\":tftypes.Number<null>, \"internalTrafficPolicy\":tftypes.String<null>, \"ipFamilies\":tftypes.List[tftypes.String]<null>, \"ipFamilyPolicy\":tftypes.String<null>, \"loadBalancerClass\":tftypes.String<null>, \"loadBalancerIP\":tftypes.String<null>, \"loadBalancerSourceRanges\":tftypes.List[tftypes.String]<null>, \"ports\":tftypes.List[tftypes.Object[\"appProtocol\":tftypes.String, \"name\":tftypes.String, \"nodePort\":tftypes.Number, \"port\":tftypes.Number, \"protocol\":tftypes.String, \"targetPort\":tftypes.String]]<tftypes.Object[\"appProtocol\":tftypes.String, \"name\":tftypes.String, \"nodePort\":tftypes.Number, \"port\":tftypes.Number, \"protocol\":tftypes.String, \"targetPort\":tftypes.String]<\"appProtocol\":tftypes.String<null>, \"name\":tftypes.String<null>, \"nodePort\":tftypes.Number<null>, \"port\":tftypes.Number<\"80\">, \"protocol\":tftypes.String<\"TCP\">, \"targetPort\":tftypes.String<\"80\">>>, \"publishNotReadyAddresses\":tftypes.Bool<null>, \"selector\":tftypes.Map[tftypes.String]<\"app\":tftypes.String<\"grafana\">>, \"sessionAffinity\":tftypes.String<null>, \"sessionAffinityConfig\":tftypes.Object[\"clientIP\":tftypes.Object[\"timeoutSeconds\":tftypes.Number]]<null>, \"trafficDistribution\":tftypes.String<null>, \"type\":tftypes.String<\"LoadBalancer\">>>"
2025-11-16T16:02:18.732Z [DEBUG] provider.terraform-provider-kubernetes_v2.38.0_x5: 2025-11-16T16:02:18.732Z [DEBUG] [PlanResourceChange]: backfilled manifest="tftypes.Object[\"apiVersion\":tftypes.String, \"kind\":tftypes.String, \"metadata\":tftypes.Object[\"annotations\":tftypes.Map[tftypes.String], \"creationTimestamp\":tftypes.String, \"deletionGracePeriodSeconds\":tftypes.Number, \"deletionTimestamp\":tftypes.String, \"finalizers\":tftypes.List[tftypes.String], \"generateName\":tftypes.String, \"generation\":tftypes.Number, \"labels\":tftypes.Map[tftypes.String], \"managedFields\":tftypes.Tuple[tftypes.Object[\"apiVersion\":tftypes.String, \"fieldsType\":tftypes.String, \"fieldsV1\":tftypes.DynamicPseudoType, \"manager\":tftypes.String, \"operation\":tftypes.String, \"subresource\":tftypes.String, \"time\":tftypes.String]], \"name\":tftypes.String, \"namespace\":tftypes.String, \"ownerReferences\":tftypes.List[tftypes.Object[\"apiVersion\":tftypes.String, \"blockOwnerDeletion\":tftypes.Bool, \"controller\":tftypes.Bool, \"kind\":tftypes.String, \"name\":tftypes.String, \"uid\":tftypes.String]], \"resourceVersion\":tftypes.String, \"selfLink\":tftypes.String, \"uid\":tftypes.String], \"spec\":tftypes.Object[\"allocateLoadBalancerNodePorts\":tftypes.Bool, \"clusterIP\":tftypes.String, \"clusterIPs\":tftypes.List[tftypes.String], \"externalIPs\":tftypes.List[tftypes.String], \"externalName\":tftypes.String, \"externalTrafficPolicy\":tftypes.String, \"healthCheckNodePort\":tftypes.Number, \"internalTrafficPolicy\":tftypes.String, \"ipFamilies\":tftypes.List[tftypes.String], \"ipFamilyPolicy\":tftypes.String, \"loadBalancerClass\":tftypes.String, \"loadBalancerIP\":tftypes.String, \"loadBalancerSourceRanges\":tftypes.List[tftypes.String], \"ports\":tftypes.List[tftypes.Object[\"appProtocol\":tftypes.String, \"name\":tftypes.String, \"nodePort\":tftypes.Number, \"port\":tftypes.Number, \"protocol\":tftypes.String, \"targetPort\":tftypes.String]], \"publishNotReadyAddresses\":tftypes.Bool, \"selector\":tftypes.Map[tftypes.String], \"sessionAffinity\":tftypes.String, \"sessionAffinityConfig\":tftypes.Object[\"clientIP\":tftypes.Object[\"timeoutSeconds\":tftypes.Number]], \"trafficDistribution\":tftypes.String, \"type\":tftypes.String]]<\"apiVersion\":tftypes.String<\"v1\">, \"kind\":tftypes.String<\"Service\">, \"metadata\":tftypes.Object[\"annotations\":tftypes.Map[tftypes.String], \"creationTimestamp\":tftypes.String, \"deletionGracePeriodSeconds\":tftypes.Number, \"deletionTimestamp\":tftypes.String, \"finalizers\":tftypes.List[tftypes.String], \"generateName\":tftypes.String, \"generation\":tftypes.Number, \"labels\":tftypes.Map[tftypes.String], \"managedFields\":tftypes.Tuple[tftypes.Object[\"apiVersion\":tftypes.String, \"fieldsType\":tftypes.String, \"fieldsV1\":tftypes.DynamicPseudoType, \"manager\":tftypes.String, \"operation\":tftypes.String, \"subresource\":tftypes.String, \"time\":tftypes.String]], \"name\":tftypes.String, \"namespace\":tftypes.String, \"ownerReferences\":tftypes.List[tftypes.Object[\"apiVersion\":tftypes.String, \"blockOwnerDeletion\":tftypes.Bool, \"controller\":tftypes.Bool, \"kind\":tftypes.String, \"name\":tftypes.String, \"uid\":tftypes.String]], \"resourceVersion\":tftypes.String, \"selfLink\":tftypes.String, \"uid\":tftypes.String]<\"annotations\":tftypes.Map[tftypes.String]<unknown>, \"creationTimestamp\":tftypes.String<unknown>, \"deletionGracePeriodSeconds\":tftypes.Number<unknown>, \"deletionTimestamp\":tftypes.String<unknown>, \"finalizers\":tftypes.List[tftypes.String]<unknown>, \"generateName\":tftypes.String<unknown>, \"generation\":tftypes.Number<unknown>, \"labels\":tftypes.Map[tftypes.String]<unknown>, \"managedFields\":tftypes.Tuple[tftypes.Object[\"apiVersion\":tftypes.String, \"fieldsType\":tftypes.String, \"fieldsV1\":tftypes.DynamicPseudoType, \"manager\":tftypes.String, \"operation\":tftypes.String, \"subresource\":tftypes.String, \"time\":tftypes.String]]<unknown>, \"name\":tftypes.String<\"grafana\">, \"namespace\":tftypes.String<\"monitoring\">, \"ownerReferences\":tftypes.List[tftypes.Object[\"apiVersion\":tftypes.String, \"blockOwnerDeletion\":tftypes.Bool, \"controller\":tftypes.Bool, \"kind\":tftypes.String, \"name\":tftypes.String, \"uid\":tftypes.String]]<unknown>, \"resourceVersion\":tftypes.String<unknown>, \"selfLink\":tftypes.String<unknown>, \"uid\":tftypes.String<unknown>>, \"spec\":tftypes.Object[\"allocateLoadBalancerNodePorts\":tftypes.Bool, \"clusterIP\":tftypes.String, \"clusterIPs\":tftypes.List[tftypes.String], \"externalIPs\":tftypes.List[tftypes.String], \"externalName\":tftypes.String, \"externalTrafficPolicy\":tftypes.String, \"healthCheckNodePort\":tftypes.Number, \"internalTrafficPolicy\":tftypes.String, \"ipFamilies\":tftypes.List[tftypes.String], \"ipFamilyPolicy\":tftypes.String, \"loadBalancerClass\":tftypes.String, \"loadBalancerIP\":tftypes.String, \"loadBalancerSourceRanges\":tftypes.List[tftypes.String], \"ports\":tftypes.List[tftypes.Object[\"appProtocol\":tftypes.String, \"name\":tftypes.String, \"nodePort\":tftypes.Number, \"port\":tftypes.Number, \"protocol\":tftypes.String, \"targetPort\":tftypes.String]], \"publishNotReadyAddresses\":tftypes.Bool, \"selector\":tftypes.Map[tftypes.String], \"sessionAffinity\":tftypes.String, \"sessionAffinityConfig\":tftypes.Object[\"clientIP\":tftypes.Object[\"timeoutSeconds\":tftypes.Number]], \"trafficDistribution\":tftypes.String, \"type\":tftypes.String]<\"allocateLoadBalancerNodePorts\":tftypes.Bool<unknown>, \"clusterIP\":tftypes.String<unknown>, \"clusterIPs\":tftypes.List[tftypes.String]<unknown>, \"externalIPs\":tftypes.List[tftypes.String]<unknown>, \"externalName\":tftypes.String<unknown>, \"externalTrafficPolicy\":tftypes.String<unknown>, \"healthCheckNodePort\":tftypes.Number<unknown>, \"internalTrafficPolicy\":tftypes.String<unknown>, \"ipFamilies\":tftypes.List[tftypes.String]<unknown>, \"ipFamilyPolicy\":tftypes.String<unknown>, \"loadBalancerClass\":tftypes.String<unknown>, \"loadBalancerIP\":tftypes.String<unknown>, \"loadBalancerSourceRanges\":tftypes.List[tftypes.String]<unknown>, \"ports\":tftypes.List[tftypes.Object[\"appProtocol\":tftypes.String, \"name\":tftypes.String, \"nodePort\":tftypes.Number, \"port\":tftypes.Number, \"protocol\":tftypes.String, \"targetPort\":tftypes.String]]<tftypes.Object[\"appProtocol\":tftypes.String, \"name\":tftypes.String, \"nodePort\":tftypes.Number, \"port\":tftypes.Number, \"protocol\":tftypes.String, \"targetPort\":tftypes.String]<\"appProtocol\":tftypes.String<unknown>, \"name\":tftypes.String<unknown>, \"nodePort\":tftypes.Number<unknown>, \"port\":tftypes.Number<\"80\">, \"protocol\":tftypes.String<\"TCP\">, \"targetPort\":tftypes.String<\"80\">>>, \"publishNotReadyAddresses\":tftypes.Bool<unknown>, \"selector\":tftypes.Map[tftypes.String]<\"app\":tftypes.String<\"grafana\">>, \"sessionAffinity\":tftypes.String<unknown>, \"sessionAffinityConfig\":tftypes.Object[\"clientIP\":tftypes.Object[\"timeoutSeconds\":tftypes.Number]]<\"clientIP\":tftypes.Object[\"timeoutSeconds\":tftypes.Number]<\"timeoutSeconds\":tftypes.Number<unknown>>>, \"trafficDistribution\":tftypes.String<unknown>, \"type\":tftypes.String<\"LoadBalancer\">>>"
2025-11-16T16:02:18.737Z [DEBUG] provider.stdio: received EOF, stopping recv loop: err="rpc error: code = Unavailable desc = error reading from server: EOF"
2025-11-16T16:02:18.748Z [INFO]  provider: plugin process exited: plugin=.terraform/providers/registry.terraform.io/hashicorp/kubernetes/2.38.0/linux_amd64/terraform-provider-kubernetes_v2.38.0_x5 id=173252
2025-11-16T16:02:18.748Z [DEBUG] provider: plugin exited
2025-11-16T16:02:18.766Z [INFO]  provider.terraform-provider-helm_v2.17.0_x5: 2025/11/16 16:02:18 [DEBUG] [resourceDiff: kube-prometheus-stack] Got chart kube-prometheus-stack version 60.3.0: timestamp=2025-11-16T16:02:18.766Z
2025-11-16T16:02:18.766Z [INFO]  provider.terraform-provider-helm_v2.17.0_x5: 2025/11/16 16:02:18 [DEBUG] [resourceDiff: kube-prometheus-stack] Release validated: timestamp=2025-11-16T16:02:18.766Z
2025-11-16T16:02:18.766Z [INFO]  provider.terraform-provider-helm_v2.17.0_x5: 2025/11/16 16:02:18 [DEBUG] [resourceDiff: kube-prometheus-stack] setting version to 60.3.0: timestamp=2025-11-16T16:02:18.766Z
2025-11-16T16:02:18.766Z [INFO]  provider.terraform-provider-helm_v2.17.0_x5: 2025/11/16 16:02:18 [DEBUG] [resourceDiff: kube-prometheus-stack] Done: timestamp=2025-11-16T16:02:18.766Z
2025-11-16T16:02:18.767Z [WARN]  Provider "registry.terraform.io/hashicorp/helm" produced an invalid plan for helm_release.kps, but we are tolerating it because it is using the legacy plugin SDK.
    The following problems may be the cause of any confusing errors from downstream operations:
      - .atomic: planned value cty.False for a non-computed attribute
      - .lint: planned value cty.False for a non-computed attribute
      - .render_subchart_notes: planned value cty.True for a non-computed attribute
      - .dependency_update: planned value cty.False for a non-computed attribute
      - .disable_webhooks: planned value cty.False for a non-computed attribute
      - .pass_credentials: planned value cty.False for a non-computed attribute
      - .verify: planned value cty.False for a non-computed attribute
      - .wait_for_jobs: planned value cty.False for a non-computed attribute
      - .disable_crd_hooks: planned value cty.False for a non-computed attribute
      - .timeout: planned value cty.NumberIntVal(300) for a non-computed attribute
      - .wait: planned value cty.True for a non-computed attribute
      - .create_namespace: planned value cty.False for a non-computed attribute
      - .max_history: planned value cty.NumberIntVal(0) for a non-computed attribute
      - .replace: planned value cty.False for a non-computed attribute
      - .disable_openapi_validation: planned value cty.False for a non-computed attribute
      - .reset_values: planned value cty.False for a non-computed attribute
      - .reuse_values: planned value cty.False for a non-computed attribute
      - .recreate_pods: planned value cty.False for a non-computed attribute
      - .force_update: planned value cty.False for a non-computed attribute
      - .skip_crds: planned value cty.False for a non-computed attribute
2025-11-16T16:02:18.768Z [DEBUG] provider.stdio: received EOF, stopping recv loop: err="rpc error: code = Unavailable desc = error reading from server: EOF"
2025-11-16T16:02:18.779Z [INFO]  provider: plugin process exited: plugin=.terraform/providers/registry.terraform.io/hashicorp/helm/2.17.0/linux_amd64/terraform-provider-helm_v2.17.0_x5 id=173260
2025-11-16T16:02:18.779Z [DEBUG] provider: plugin exited
2025-11-16T16:02:18.779Z [DEBUG] building apply graph to check for errors
2025-11-16T16:02:18.779Z [DEBUG] Resource state not found for node "helm_release.kps", instance helm_release.kps
2025-11-16T16:02:18.779Z [DEBUG] ProviderTransformer: "helm_release.kps" (*terraform.NodeApplyableResourceInstance) needs provider["registry.terraform.io/hashicorp/helm"]
2025-11-16T16:02:18.779Z [DEBUG] ProviderTransformer: "helm_release.kps (expand)" (*terraform.nodeExpandApplyableResource) needs provider["registry.terraform.io/hashicorp/helm"]
2025-11-16T16:02:18.779Z [DEBUG] ProviderTransformer: "kubernetes_namespace.monitoring (expand)" (*terraform.nodeExpandApplyableResource) needs provider["registry.terraform.io/hashicorp/kubernetes"]
2025-11-16T16:02:18.779Z [DEBUG] ProviderTransformer: "kubernetes_manifest.grafana_service (expand)" (*terraform.nodeExpandApplyableResource) needs provider["registry.terraform.io/hashicorp/kubernetes"]
2025-11-16T16:02:18.779Z [DEBUG] ProviderTransformer: "kubernetes_manifest.prometheus_service (expand)" (*terraform.nodeExpandApplyableResource) needs provider["registry.terraform.io/hashicorp/kubernetes"]
2025-11-16T16:02:18.780Z [DEBUG] ReferenceTransformer: "helm_release.kps (expand)" references: [kubernetes_namespace.monitoring (expand) kubernetes_namespace.monitoring (expand)]
2025-11-16T16:02:18.780Z [DEBUG] ReferenceTransformer: "kubernetes_namespace.monitoring (expand)" references: []
2025-11-16T16:02:18.780Z [DEBUG] ReferenceTransformer: "output.prometheus_url (expand)" references: []
2025-11-16T16:02:18.780Z [DEBUG] ReferenceTransformer: "helm_release.kps" references: [kubernetes_namespace.monitoring (expand) kubernetes_namespace.monitoring (expand)]
2025-11-16T16:02:18.780Z [DEBUG] ReferenceTransformer: "provider[\"registry.terraform.io/hashicorp/kubernetes\"]" references: []
2025-11-16T16:02:18.780Z [DEBUG] ReferenceTransformer: "kubernetes_manifest.grafana_service (expand)" references: []
2025-11-16T16:02:18.780Z [DEBUG] ReferenceTransformer: "kubernetes_manifest.prometheus_service (expand)" references: []
2025-11-16T16:02:18.780Z [DEBUG] ReferenceTransformer: "output.grafana_infos (expand)" references: []
2025-11-16T16:02:18.780Z [DEBUG] ReferenceTransformer: "provider[\"registry.terraform.io/hashicorp/helm\"]" references: []
2025-11-16T16:02:18.780Z [DEBUG] pruneUnusedNodes: kubernetes_manifest.grafana_service (expand) is no longer needed, removing
2025-11-16T16:02:18.780Z [DEBUG] pruneUnusedNodes: kubernetes_manifest.prometheus_service (expand) is no longer needed, removing
2025-11-16T16:02:18.791Z [INFO]  backend/local: apply calling Apply
2025-11-16T16:02:18.791Z [DEBUG] Building and walking apply graph for NormalMode plan
2025-11-16T16:02:18.791Z [DEBUG] Resource state not found for node "helm_release.kps", instance helm_release.kps
2025-11-16T16:02:18.791Z [DEBUG] ProviderTransformer: "helm_release.kps" (*terraform.NodeApplyableResourceInstance) needs provider["registry.terraform.io/hashicorp/helm"]
2025-11-16T16:02:18.791Z [DEBUG] ProviderTransformer: "helm_release.kps (expand)" (*terraform.nodeExpandApplyableResource) needs provider["registry.terraform.io/hashicorp/helm"]
2025-11-16T16:02:18.791Z [DEBUG] ProviderTransformer: "kubernetes_manifest.grafana_service (expand)" (*terraform.nodeExpandApplyableResource) needs provider["registry.terraform.io/hashicorp/kubernetes"]
2025-11-16T16:02:18.791Z [DEBUG] ProviderTransformer: "kubernetes_namespace.monitoring (expand)" (*terraform.nodeExpandApplyableResource) needs provider["registry.terraform.io/hashicorp/kubernetes"]
2025-11-16T16:02:18.791Z [DEBUG] ProviderTransformer: "kubernetes_manifest.prometheus_service (expand)" (*terraform.nodeExpandApplyableResource) needs provider["registry.terraform.io/hashicorp/kubernetes"]
2025-11-16T16:02:18.791Z [DEBUG] ReferenceTransformer: "kubernetes_namespace.monitoring (expand)" references: []
2025-11-16T16:02:18.791Z [DEBUG] ReferenceTransformer: "kubernetes_manifest.prometheus_service (expand)" references: []
2025-11-16T16:02:18.792Z [DEBUG] ReferenceTransformer: "helm_release.kps" references: [kubernetes_namespace.monitoring (expand) kubernetes_namespace.monitoring (expand)]
2025-11-16T16:02:18.792Z [DEBUG] ReferenceTransformer: "provider[\"registry.terraform.io/hashicorp/kubernetes\"]" references: []
2025-11-16T16:02:18.792Z [DEBUG] ReferenceTransformer: "provider[\"registry.terraform.io/hashicorp/helm\"]" references: []
2025-11-16T16:02:18.792Z [DEBUG] ReferenceTransformer: "helm_release.kps (expand)" references: [kubernetes_namespace.monitoring (expand) kubernetes_namespace.monitoring (expand)]
2025-11-16T16:02:18.792Z [DEBUG] ReferenceTransformer: "kubernetes_manifest.grafana_service (expand)" references: []
2025-11-16T16:02:18.792Z [DEBUG] ReferenceTransformer: "output.grafana_infos (expand)" references: []
2025-11-16T16:02:18.792Z [DEBUG] ReferenceTransformer: "output.prometheus_url (expand)" references: []
2025-11-16T16:02:18.792Z [DEBUG] pruneUnusedNodes: kubernetes_manifest.prometheus_service (expand) is no longer needed, removing
2025-11-16T16:02:18.792Z [DEBUG] pruneUnusedNodes: kubernetes_manifest.grafana_service (expand) is no longer needed, removing
2025-11-16T16:02:18.792Z [DEBUG] Starting graph walk: walkApply
2025-11-16T16:02:18.792Z [DEBUG] created provider logger: level=debug
2025-11-16T16:02:18.792Z [INFO]  provider: configuring client automatic mTLS
2025-11-16T16:02:18.800Z [DEBUG] provider: starting plugin: path=.terraform/providers/registry.terraform.io/hashicorp/helm/2.17.0/linux_amd64/terraform-provider-helm_v2.17.0_x5 args=[".terraform/providers/registry.terraform.io/hashicorp/helm/2.17.0/linux_amd64/terraform-provider-helm_v2.17.0_x5"]
2025-11-16T16:02:18.801Z [DEBUG] provider: plugin started: path=.terraform/providers/registry.terraform.io/hashicorp/helm/2.17.0/linux_amd64/terraform-provider-helm_v2.17.0_x5 pid=173274
2025-11-16T16:02:18.801Z [DEBUG] provider: waiting for RPC address: plugin=.terraform/providers/registry.terraform.io/hashicorp/helm/2.17.0/linux_amd64/terraform-provider-helm_v2.17.0_x5
2025-11-16T16:02:18.826Z [INFO]  provider.terraform-provider-helm_v2.17.0_x5: configuring server automatic mTLS: timestamp=2025-11-16T16:02:18.826Z
2025-11-16T16:02:18.851Z [DEBUG] provider: using plugin: version=5
2025-11-16T16:02:18.851Z [DEBUG] provider.terraform-provider-helm_v2.17.0_x5: plugin address: address=/tmp/plugin3942078641 network=unix timestamp=2025-11-16T16:02:18.851Z
2025-11-16T16:02:18.866Z [DEBUG] created provider logger: level=debug
2025-11-16T16:02:18.866Z [INFO]  provider: configuring client automatic mTLS
2025-11-16T16:02:18.870Z [WARN]  ValidateProviderConfig from "provider[\"registry.terraform.io/hashicorp/helm\"]" changed the config value, but that value is unused
2025-11-16T16:02:18.878Z [DEBUG] provider: starting plugin: path=.terraform/providers/registry.terraform.io/hashicorp/kubernetes/2.38.0/linux_amd64/terraform-provider-kubernetes_v2.38.0_x5 args=[".terraform/providers/registry.terraform.io/hashicorp/kubernetes/2.38.0/linux_amd64/terraform-provider-kubernetes_v2.38.0_x5"]
2025-11-16T16:02:18.878Z [DEBUG] provider: plugin started: path=.terraform/providers/registry.terraform.io/hashicorp/kubernetes/2.38.0/linux_amd64/terraform-provider-kubernetes_v2.38.0_x5 pid=173283
2025-11-16T16:02:18.878Z [DEBUG] provider: waiting for RPC address: plugin=.terraform/providers/registry.terraform.io/hashicorp/kubernetes/2.38.0/linux_amd64/terraform-provider-kubernetes_v2.38.0_x5
2025-11-16T16:02:18.943Z [INFO]  provider.terraform-provider-kubernetes_v2.38.0_x5: configuring server automatic mTLS: timestamp=2025-11-16T16:02:18.943Z
2025-11-16T16:02:18.977Z [DEBUG] provider: using plugin: version=5
2025-11-16T16:02:18.977Z [DEBUG] provider.terraform-provider-kubernetes_v2.38.0_x5: plugin address: address=/tmp/plugin699430578 network=unix timestamp=2025-11-16T16:02:18.977Z
2025-11-16T16:02:19.000Z [INFO]  provider.terraform-provider-helm_v2.17.0_x5: 2025/11/16 16:02:19 [DEBUG] Experiments enabled: []: timestamp=2025-11-16T16:02:19.000Z
2025-11-16T16:02:19.017Z [DEBUG] provider.terraform-provider-kubernetes_v2.38.0_x5: 2025/11/16 16:02:19 [DEBUG] Using kubeconfig: /root/.kube/config
2025-11-16T16:02:19.018Z [DEBUG] provider.terraform-provider-kubernetes_v2.38.0_x5: 2025/11/16 16:02:19 [DEBUG] Enabling HTTP requests/responses tracing
2025-11-16T16:02:19.021Z [DEBUG] provider.stdio: received EOF, stopping recv loop: err="rpc error: code = Unavailable desc = error reading from server: EOF"
2025-11-16T16:02:19.024Z [INFO]  provider: plugin process exited: plugin=.terraform/providers/registry.terraform.io/hashicorp/kubernetes/2.38.0/linux_amd64/terraform-provider-kubernetes_v2.38.0_x5 id=173283
2025-11-16T16:02:19.024Z [DEBUG] provider: plugin exited
2025-11-16T16:02:19.037Z [INFO]  provider.terraform-provider-helm_v2.17.0_x5: 2025/11/16 16:02:19 [DEBUG] [resourceDiff: kube-prometheus-stack] Start: timestamp=2025-11-16T16:02:19.037Z
2025-11-16T16:02:19.037Z [INFO]  provider.terraform-provider-helm_v2.17.0_x5: 2025/11/16 16:02:19 [DEBUG] [resourceDiff: kube-prometheus-stack] upgrade_install is enabled: false: timestamp=2025-11-16T16:02:19.037Z
2025-11-16T16:02:19.037Z [INFO]  provider.terraform-provider-helm_v2.17.0_x5: 2025/11/16 16:02:19 [DEBUG] [resourceDiff: kube-prometheus-stack] targetVersion for release kube-prometheus-stack: '60.3.0': timestamp=2025-11-16T16:02:19.037Z
2025-11-16T16:02:19.037Z [INFO]  provider.terraform-provider-helm_v2.17.0_x5: 2025/11/16 16:02:19 [DEBUG] [INFO] GetHelmConfiguration start: timestamp=2025-11-16T16:02:19.037Z
2025-11-16T16:02:19.037Z [INFO]  provider.terraform-provider-helm_v2.17.0_x5: 2025/11/16 16:02:19 [DEBUG] Using kubeconfig: /root/.kube/config: timestamp=2025-11-16T16:02:19.037Z
2025-11-16T16:02:19.037Z [INFO]  provider.terraform-provider-helm_v2.17.0_x5: 2025/11/16 16:02:19 [INFO] Successfully initialized kubernetes config: timestamp=2025-11-16T16:02:19.037Z
2025-11-16T16:02:19.037Z [INFO]  provider.terraform-provider-helm_v2.17.0_x5: 2025/11/16 16:02:19 [DEBUG] [INFO] GetHelmConfiguration success: timestamp=2025-11-16T16:02:19.037Z
2025-11-16T16:02:21.053Z [INFO]  provider.terraform-provider-helm_v2.17.0_x5: 2025/11/16 16:02:21 [DEBUG] [resourceDiff: kube-prometheus-stack] Got chart kube-prometheus-stack version 60.3.0: timestamp=2025-11-16T16:02:21.053Z
2025-11-16T16:02:21.053Z [INFO]  provider.terraform-provider-helm_v2.17.0_x5: 2025/11/16 16:02:21 [DEBUG] [resourceDiff: kube-prometheus-stack] Release validated: timestamp=2025-11-16T16:02:21.053Z
2025-11-16T16:02:21.053Z [INFO]  provider.terraform-provider-helm_v2.17.0_x5: 2025/11/16 16:02:21 [DEBUG] [resourceDiff: kube-prometheus-stack] setting version to 60.3.0: timestamp=2025-11-16T16:02:21.053Z
2025-11-16T16:02:21.053Z [INFO]  provider.terraform-provider-helm_v2.17.0_x5: 2025/11/16 16:02:21 [DEBUG] [resourceDiff: kube-prometheus-stack] Done: timestamp=2025-11-16T16:02:21.053Z
2025-11-16T16:02:21.054Z [WARN]  Provider "registry.terraform.io/hashicorp/helm" produced an invalid plan for helm_release.kps, but we are tolerating it because it is using the legacy plugin SDK.
    The following problems may be the cause of any confusing errors from downstream operations:
      - .disable_crd_hooks: planned value cty.False for a non-computed attribute
      - .timeout: planned value cty.NumberIntVal(300) for a non-computed attribute
      - .wait: planned value cty.True for a non-computed attribute
      - .create_namespace: planned value cty.False for a non-computed attribute
      - .max_history: planned value cty.NumberIntVal(0) for a non-computed attribute
      - .replace: planned value cty.False for a non-computed attribute
      - .disable_openapi_validation: planned value cty.False for a non-computed attribute
      - .reset_values: planned value cty.False for a non-computed attribute
      - .reuse_values: planned value cty.False for a non-computed attribute
      - .recreate_pods: planned value cty.False for a non-computed attribute
      - .force_update: planned value cty.False for a non-computed attribute
      - .skip_crds: planned value cty.False for a non-computed attribute
      - .atomic: planned value cty.False for a non-computed attribute
      - .lint: planned value cty.False for a non-computed attribute
      - .render_subchart_notes: planned value cty.True for a non-computed attribute
      - .dependency_update: planned value cty.False for a non-computed attribute
      - .disable_webhooks: planned value cty.False for a non-computed attribute
      - .pass_credentials: planned value cty.False for a non-computed attribute
      - .verify: planned value cty.False for a non-computed attribute
      - .wait_for_jobs: planned value cty.False for a non-computed attribute
2025-11-16T16:02:21.055Z [INFO]  Starting apply for helm_release.kps
2025-11-16T16:02:21.055Z [DEBUG] helm_release.kps: applying the planned Create change
2025-11-16T16:02:21.057Z [INFO]  provider.terraform-provider-helm_v2.17.0_x5: 2025/11/16 16:02:21 [DEBUG] setting computed for "metadata" from ComputedKeys: timestamp=2025-11-16T16:02:21.057Z
2025-11-16T16:02:21.057Z [INFO]  provider.terraform-provider-helm_v2.17.0_x5: 2025/11/16 16:02:21 [DEBUG] [resourceReleaseCreate: kube-prometheus-stack] Started: timestamp=2025-11-16T16:02:21.057Z
2025-11-16T16:02:21.057Z [INFO]  provider.terraform-provider-helm_v2.17.0_x5: 2025/11/16 16:02:21 [DEBUG] [resourceReleaseCreate: kube-prometheus-stack] Getting helm configuration: timestamp=2025-11-16T16:02:21.057Z
2025-11-16T16:02:21.057Z [INFO]  provider.terraform-provider-helm_v2.17.0_x5: 2025/11/16 16:02:21 [DEBUG] [INFO] GetHelmConfiguration start: timestamp=2025-11-16T16:02:21.057Z
2025-11-16T16:02:21.057Z [INFO]  provider.terraform-provider-helm_v2.17.0_x5: 2025/11/16 16:02:21 [DEBUG] Using kubeconfig: /root/.kube/config: timestamp=2025-11-16T16:02:21.057Z
2025-11-16T16:02:21.057Z [INFO]  provider.terraform-provider-helm_v2.17.0_x5: 2025/11/16 16:02:21 [INFO] Successfully initialized kubernetes config: timestamp=2025-11-16T16:02:21.057Z
2025-11-16T16:02:21.057Z [INFO]  provider.terraform-provider-helm_v2.17.0_x5: 2025/11/16 16:02:21 [DEBUG] [INFO] GetHelmConfiguration success: timestamp=2025-11-16T16:02:21.057Z
2025-11-16T16:02:21.057Z [INFO]  provider.terraform-provider-helm_v2.17.0_x5: 2025/11/16 16:02:21 [DEBUG] [resourceReleaseCreate: kube-prometheus-stack] Getting chart: timestamp=2025-11-16T16:02:21.057Z
2025-11-16T16:02:23.119Z [INFO]  provider.terraform-provider-helm_v2.17.0_x5: 2025/11/16 16:02:23 [DEBUG] [resourceReleaseCreate: kube-prometheus-stack] Preparing for installation: timestamp=2025-11-16T16:02:23.119Z
2025-11-16T16:02:23.122Z [INFO]  provider.terraform-provider-helm_v2.17.0_x5: 2025/11/16 16:02:23 ---[ values.yaml ]-----------------------------------
adminPassword: admin
adminUser: admin
alertmanager:
  enabled: false
kubeStateMetrics:
  enabled: true
  resources:
    limits:
      cpu: 300m
      memory: 256Mi
    requests:
      cpu: 100m
      memory: 128Mi
  securityContext:
    allowPrivilegeEscalation: false
    capabilities:
      drop:
      - ALL
    readOnlyRootFilesystem: true
    runAsNonRoot: true
    runAsUser: 65534
nodeExporter:
  enabled: true
  hostIPC: false
  hostNetwork: false
  hostPID: false
  resources:
    limits:
      cpu: 200m
      memory: 256Mi
    requests:
      cpu: 50m
      memory: 64Mi
  securityContext:
    allowPrivilegeEscalation: false
    capabilities:
      drop:
      - ALL
    readOnlyRootFilesystem: true
    runAsNonRoot: true
    runAsUser: 65534
persistence:
  enabled: true
  size: 2Gi
prometheus:
  prometheusSpec:
    containers:
    - name: prometheus
      resources:
        limits:
          cpu: "1"
          memory: 1Gi
        requests:
          cpu: 200m
          memory: 512Mi
      securityContext:
        allowPrivilegeEscalation: false
        capabilities:
          drop:
          - ALL
        readOnlyRootFilesystem: true
        runAsNonRoot: true
        runAsUser: 65534
    podMonitorSelectorNilUsesHelmValues: false
    probeSelectorNilUsesHelmValues: false
    securityContext:
      fsGroup: 65534
      runAsGroup: 65534
      runAsNonRoot: true
      runAsUser: 65534
      seccompProfile:
        type: RuntimeDefault
    serviceMonitorSelectorNilUsesHelmValues: false
resources:
  limits:
    cpu: "1"
    memory: 512Mi
  requests:
    cpu: 200m
    memory: 256Mi
securityContext:
  allowPrivilegeEscalation: false
  capabilities:
    drop:
    - ALL
  readOnlyRootFilesystem: true
  runAsNonRoot: true
  runAsUser: 65534
service:
  nodePort: 30300
  type: NodePort
serviceAccount:
  automountServiceAccountToken: false
sidecar:
  dashboards:
    enabled: false
  datasources:
    enabled: false: timestamp=2025-11-16T16:02:23.122Z
2025-11-16T16:02:23.122Z [INFO]  provider.terraform-provider-helm_v2.17.0_x5: 2025/11/16 16:02:23 [DEBUG] [resourceReleaseCreate: kube-prometheus-stack] Installing chart: timestamp=2025-11-16T16:02:23.122Z
2025-11-16T16:02:23.372Z [INFO]  provider.terraform-provider-helm_v2.17.0_x5: 2025/11/16 16:02:23 [DEBUG] creating 1 resource(s): timestamp=2025-11-16T16:02:23.372Z
2025-11-16T16:02:23.541Z [INFO]  provider.terraform-provider-helm_v2.17.0_x5: 2025/11/16 16:02:23 [DEBUG] CRD alertmanagerconfigs.monitoring.coreos.com is already present. Skipping.: timestamp=2025-11-16T16:02:23.541Z
2025-11-16T16:02:23.657Z [INFO]  provider.terraform-provider-helm_v2.17.0_x5: 2025/11/16 16:02:23 [DEBUG] creating 1 resource(s): timestamp=2025-11-16T16:02:23.657Z
2025-11-16T16:02:23.816Z [INFO]  provider.terraform-provider-helm_v2.17.0_x5: 2025/11/16 16:02:23 [DEBUG] CRD alertmanagers.monitoring.coreos.com is already present. Skipping.: timestamp=2025-11-16T16:02:23.816Z
2025-11-16T16:02:23.880Z [INFO]  provider.terraform-provider-helm_v2.17.0_x5: 2025/11/16 16:02:23 [DEBUG] creating 1 resource(s): timestamp=2025-11-16T16:02:23.879Z
2025-11-16T16:02:23.920Z [INFO]  provider.terraform-provider-helm_v2.17.0_x5: 2025/11/16 16:02:23 [DEBUG] CRD podmonitors.monitoring.coreos.com is already present. Skipping.: timestamp=2025-11-16T16:02:23.919Z
2025-11-16T16:02:23.982Z [INFO]  provider.terraform-provider-helm_v2.17.0_x5: 2025/11/16 16:02:23 [DEBUG] creating 1 resource(s): timestamp=2025-11-16T16:02:23.982Z
2025-11-16T16:02:24.019Z [INFO]  provider.terraform-provider-helm_v2.17.0_x5: 2025/11/16 16:02:24 [DEBUG] CRD probes.monitoring.coreos.com is already present. Skipping.: timestamp=2025-11-16T16:02:24.019Z
2025-11-16T16:02:24.140Z [INFO]  provider.terraform-provider-helm_v2.17.0_x5: 2025/11/16 16:02:24 [DEBUG] creating 1 resource(s): timestamp=2025-11-16T16:02:24.139Z
2025-11-16T16:02:24.283Z [INFO]  provider.terraform-provider-helm_v2.17.0_x5: 2025/11/16 16:02:24 [DEBUG] CRD prometheusagents.monitoring.coreos.com is already present. Skipping.: timestamp=2025-11-16T16:02:24.282Z
2025-11-16T16:02:24.413Z [INFO]  provider.terraform-provider-helm_v2.17.0_x5: 2025/11/16 16:02:24 [DEBUG] creating 1 resource(s): timestamp=2025-11-16T16:02:24.413Z
2025-11-16T16:02:24.555Z [INFO]  provider.terraform-provider-helm_v2.17.0_x5: 2025/11/16 16:02:24 [DEBUG] CRD prometheuses.monitoring.coreos.com is already present. Skipping.: timestamp=2025-11-16T16:02:24.555Z
2025-11-16T16:02:24.611Z [INFO]  provider.terraform-provider-helm_v2.17.0_x5: 2025/11/16 16:02:24 [DEBUG] creating 1 resource(s): timestamp=2025-11-16T16:02:24.611Z
2025-11-16T16:02:24.643Z [INFO]  provider.terraform-provider-helm_v2.17.0_x5: 2025/11/16 16:02:24 [DEBUG] CRD prometheusrules.monitoring.coreos.com is already present. Skipping.: timestamp=2025-11-16T16:02:24.643Z
2025-11-16T16:02:24.736Z [INFO]  provider.terraform-provider-helm_v2.17.0_x5: 2025/11/16 16:02:24 [DEBUG] creating 1 resource(s): timestamp=2025-11-16T16:02:24.735Z
2025-11-16T16:02:24.821Z [INFO]  provider.terraform-provider-helm_v2.17.0_x5: 2025/11/16 16:02:24 [DEBUG] CRD scrapeconfigs.monitoring.coreos.com is already present. Skipping.: timestamp=2025-11-16T16:02:24.821Z
2025-11-16T16:02:24.882Z [INFO]  provider.terraform-provider-helm_v2.17.0_x5: 2025/11/16 16:02:24 [DEBUG] creating 1 resource(s): timestamp=2025-11-16T16:02:24.882Z
2025-11-16T16:02:24.922Z [INFO]  provider.terraform-provider-helm_v2.17.0_x5: 2025/11/16 16:02:24 [DEBUG] CRD servicemonitors.monitoring.coreos.com is already present. Skipping.: timestamp=2025-11-16T16:02:24.922Z
2025-11-16T16:02:25.034Z [INFO]  provider.terraform-provider-helm_v2.17.0_x5: 2025/11/16 16:02:25 [DEBUG] creating 1 resource(s): timestamp=2025-11-16T16:02:25.033Z
2025-11-16T16:02:25.171Z [INFO]  provider.terraform-provider-helm_v2.17.0_x5: 2025/11/16 16:02:25 [DEBUG] CRD thanosrulers.monitoring.coreos.com is already present. Skipping.: timestamp=2025-11-16T16:02:25.171Z
2025-11-16T16:02:39.246Z [INFO]  provider.terraform-provider-helm_v2.17.0_x5: 2025/11/16 16:02:39 [DEBUG] Starting delete for "kube-prometheus-stack-admission" ServiceAccount: timestamp=2025-11-16T16:02:39.246Z
2025-11-16T16:02:39.273Z [INFO]  provider.terraform-provider-helm_v2.17.0_x5: 2025/11/16 16:02:39 [DEBUG] Ignoring delete failure for "kube-prometheus-stack-admission" /v1, Kind=ServiceAccount: serviceaccounts "kube-prometheus-stack-admission" not found: timestamp=2025-11-16T16:02:39.272Z
2025-11-16T16:02:39.273Z [INFO]  provider.terraform-provider-helm_v2.17.0_x5: 2025/11/16 16:02:39 [DEBUG] beginning wait for 1 resources to be deleted with timeout of 5m0s: timestamp=2025-11-16T16:02:39.272Z
2025-11-16T16:02:39.691Z [INFO]  provider.terraform-provider-helm_v2.17.0_x5: 2025/11/16 16:02:39 [DEBUG] creating 1 resource(s): timestamp=2025-11-16T16:02:39.691Z
2025-11-16T16:02:39.776Z [INFO]  provider.terraform-provider-helm_v2.17.0_x5: 2025/11/16 16:02:39 [DEBUG] Starting delete for "kube-prometheus-stack-admission" ClusterRole: timestamp=2025-11-16T16:02:39.776Z
2025-11-16T16:02:39.803Z [INFO]  provider.terraform-provider-helm_v2.17.0_x5: 2025/11/16 16:02:39 [DEBUG] Ignoring delete failure for "kube-prometheus-stack-admission" rbac.authorization.k8s.io/v1, Kind=ClusterRole: clusterroles.rbac.authorization.k8s.io "kube-prometheus-stack-admission" not found: timestamp=2025-11-16T16:02:39.803Z
2025-11-16T16:02:39.803Z [INFO]  provider.terraform-provider-helm_v2.17.0_x5: 2025/11/16 16:02:39 [DEBUG] beginning wait for 1 resources to be deleted with timeout of 5m0s: timestamp=2025-11-16T16:02:39.803Z
2025-11-16T16:02:40.169Z [INFO]  provider.terraform-provider-helm_v2.17.0_x5: 2025/11/16 16:02:40 [DEBUG] creating 1 resource(s): timestamp=2025-11-16T16:02:40.169Z
2025-11-16T16:02:40.253Z [INFO]  provider.terraform-provider-helm_v2.17.0_x5: 2025/11/16 16:02:40 [DEBUG] Starting delete for "kube-prometheus-stack-admission" ClusterRoleBinding: timestamp=2025-11-16T16:02:40.253Z
2025-11-16T16:02:40.281Z [INFO]  provider.terraform-provider-helm_v2.17.0_x5: 2025/11/16 16:02:40 [DEBUG] Ignoring delete failure for "kube-prometheus-stack-admission" rbac.authorization.k8s.io/v1, Kind=ClusterRoleBinding: clusterrolebindings.rbac.authorization.k8s.io "kube-prometheus-stack-admission" not found: timestamp=2025-11-16T16:02:40.281Z
2025-11-16T16:02:40.281Z [INFO]  provider.terraform-provider-helm_v2.17.0_x5: 2025/11/16 16:02:40 [DEBUG] beginning wait for 1 resources to be deleted with timeout of 5m0s: timestamp=2025-11-16T16:02:40.281Z
2025-11-16T16:02:40.612Z [INFO]  provider.terraform-provider-helm_v2.17.0_x5: 2025/11/16 16:02:40 [DEBUG] creating 1 resource(s): timestamp=2025-11-16T16:02:40.612Z
2025-11-16T16:02:40.703Z [INFO]  provider.terraform-provider-helm_v2.17.0_x5: 2025/11/16 16:02:40 [DEBUG] Starting delete for "kube-prometheus-stack-admission" Role: timestamp=2025-11-16T16:02:40.703Z
2025-11-16T16:02:40.730Z [INFO]  provider.terraform-provider-helm_v2.17.0_x5: 2025/11/16 16:02:40 [DEBUG] Ignoring delete failure for "kube-prometheus-stack-admission" rbac.authorization.k8s.io/v1, Kind=Role: roles.rbac.authorization.k8s.io "kube-prometheus-stack-admission" not found: timestamp=2025-11-16T16:02:40.730Z
2025-11-16T16:02:40.730Z [INFO]  provider.terraform-provider-helm_v2.17.0_x5: 2025/11/16 16:02:40 [DEBUG] beginning wait for 1 resources to be deleted with timeout of 5m0s: timestamp=2025-11-16T16:02:40.730Z
2025-11-16T16:02:41.114Z [INFO]  provider.terraform-provider-helm_v2.17.0_x5: 2025/11/16 16:02:41 [DEBUG] creating 1 resource(s): timestamp=2025-11-16T16:02:41.113Z
2025-11-16T16:02:41.196Z [INFO]  provider.terraform-provider-helm_v2.17.0_x5: 2025/11/16 16:02:41 [DEBUG] Starting delete for "kube-prometheus-stack-admission" RoleBinding: timestamp=2025-11-16T16:02:41.196Z
2025-11-16T16:02:41.223Z [INFO]  provider.terraform-provider-helm_v2.17.0_x5: 2025/11/16 16:02:41 [DEBUG] Ignoring delete failure for "kube-prometheus-stack-admission" rbac.authorization.k8s.io/v1, Kind=RoleBinding: rolebindings.rbac.authorization.k8s.io "kube-prometheus-stack-admission" not found: timestamp=2025-11-16T16:02:41.222Z
2025-11-16T16:02:41.223Z [INFO]  provider.terraform-provider-helm_v2.17.0_x5: 2025/11/16 16:02:41 [DEBUG] beginning wait for 1 resources to be deleted with timeout of 5m0s: timestamp=2025-11-16T16:02:41.222Z
2025-11-16T16:02:41.629Z [INFO]  provider.terraform-provider-helm_v2.17.0_x5: 2025/11/16 16:02:41 [DEBUG] creating 1 resource(s): timestamp=2025-11-16T16:02:41.629Z
2025-11-16T16:02:41.718Z [INFO]  provider.terraform-provider-helm_v2.17.0_x5: 2025/11/16 16:02:41 [DEBUG] Starting delete for "kube-prometheus-stack-admission-create" Job: timestamp=2025-11-16T16:02:41.718Z
2025-11-16T16:02:41.744Z [INFO]  provider.terraform-provider-helm_v2.17.0_x5: 2025/11/16 16:02:41 [DEBUG] Ignoring delete failure for "kube-prometheus-stack-admission-create" batch/v1, Kind=Job: jobs.batch "kube-prometheus-stack-admission-create" not found: timestamp=2025-11-16T16:02:41.744Z
2025-11-16T16:02:41.744Z [INFO]  provider.terraform-provider-helm_v2.17.0_x5: 2025/11/16 16:02:41 [DEBUG] beginning wait for 1 resources to be deleted with timeout of 5m0s: timestamp=2025-11-16T16:02:41.744Z
2025-11-16T16:02:42.136Z [INFO]  provider.terraform-provider-helm_v2.17.0_x5: 2025/11/16 16:02:42 [DEBUG] creating 1 resource(s): timestamp=2025-11-16T16:02:42.136Z
2025-11-16T16:02:42.166Z [INFO]  provider.terraform-provider-helm_v2.17.0_x5: 2025/11/16 16:02:42 [DEBUG] Watching for changes to Job kube-prometheus-stack-admission-create with timeout of 5m0s: timestamp=2025-11-16T16:02:42.166Z
2025-11-16T16:02:42.203Z [INFO]  provider.terraform-provider-helm_v2.17.0_x5: 2025/11/16 16:02:42 [DEBUG] Add/Modify event for kube-prometheus-stack-admission-create: ADDED: timestamp=2025-11-16T16:02:42.203Z
2025-11-16T16:02:42.203Z [INFO]  provider.terraform-provider-helm_v2.17.0_x5: 2025/11/16 16:02:42 [DEBUG] kube-prometheus-stack-admission-create: Jobs active: 1, jobs failed: 0, jobs succeeded: 0: timestamp=2025-11-16T16:02:42.203Z
2025-11-16T16:02:43.192Z [INFO]  provider.terraform-provider-helm_v2.17.0_x5: 2025/11/16 16:02:43 [DEBUG] Add/Modify event for kube-prometheus-stack-admission-create: MODIFIED: timestamp=2025-11-16T16:02:43.191Z
2025-11-16T16:02:43.192Z [INFO]  provider.terraform-provider-helm_v2.17.0_x5: 2025/11/16 16:02:43 [DEBUG] kube-prometheus-stack-admission-create: Jobs active: 1, jobs failed: 0, jobs succeeded: 0: timestamp=2025-11-16T16:02:43.192Z
2025-11-16T16:02:44.200Z [INFO]  provider.terraform-provider-helm_v2.17.0_x5: 2025/11/16 16:02:44 [DEBUG] Add/Modify event for kube-prometheus-stack-admission-create: MODIFIED: timestamp=2025-11-16T16:02:44.200Z
2025-11-16T16:02:44.200Z [INFO]  provider.terraform-provider-helm_v2.17.0_x5: 2025/11/16 16:02:44 [DEBUG] kube-prometheus-stack-admission-create: Jobs active: 1, jobs failed: 0, jobs succeeded: 0: timestamp=2025-11-16T16:02:44.200Z
2025-11-16T16:02:46.235Z [INFO]  provider.terraform-provider-helm_v2.17.0_x5: 2025/11/16 16:02:46 [DEBUG] Add/Modify event for kube-prometheus-stack-admission-create: MODIFIED: timestamp=2025-11-16T16:02:46.235Z
2025-11-16T16:02:46.235Z [INFO]  provider.terraform-provider-helm_v2.17.0_x5: 2025/11/16 16:02:46 [DEBUG] kube-prometheus-stack-admission-create: Jobs active: 0, jobs failed: 0, jobs succeeded: 0: timestamp=2025-11-16T16:02:46.235Z
2025-11-16T16:02:46.262Z [INFO]  provider.terraform-provider-helm_v2.17.0_x5: 2025/11/16 16:02:46 [DEBUG] Add/Modify event for kube-prometheus-stack-admission-create: MODIFIED: timestamp=2025-11-16T16:02:46.262Z
2025-11-16T16:02:46.340Z [INFO]  provider.terraform-provider-helm_v2.17.0_x5: 2025/11/16 16:02:46 [DEBUG] Starting delete for "kube-prometheus-stack-admission" ServiceAccount: timestamp=2025-11-16T16:02:46.339Z
2025-11-16T16:02:46.368Z [INFO]  provider.terraform-provider-helm_v2.17.0_x5: 2025/11/16 16:02:46 [DEBUG] beginning wait for 1 resources to be deleted with timeout of 5m0s: timestamp=2025-11-16T16:02:46.368Z
2025-11-16T16:02:46.473Z [INFO]  provider.terraform-provider-helm_v2.17.0_x5: 2025/11/16 16:02:46 [DEBUG] Starting delete for "kube-prometheus-stack-admission" ClusterRole: timestamp=2025-11-16T16:02:46.473Z
2025-11-16T16:02:46.501Z [INFO]  provider.terraform-provider-helm_v2.17.0_x5: 2025/11/16 16:02:46 [DEBUG] beginning wait for 1 resources to be deleted with timeout of 5m0s: timestamp=2025-11-16T16:02:46.501Z
2025-11-16T16:02:46.585Z [INFO]  provider.terraform-provider-helm_v2.17.0_x5: 2025/11/16 16:02:46 [DEBUG] Starting delete for "kube-prometheus-stack-admission" ClusterRoleBinding: timestamp=2025-11-16T16:02:46.585Z
2025-11-16T16:02:46.620Z [INFO]  provider.terraform-provider-helm_v2.17.0_x5: 2025/11/16 16:02:46 [DEBUG] beginning wait for 1 resources to be deleted with timeout of 5m0s: timestamp=2025-11-16T16:02:46.620Z
2025-11-16T16:02:46.700Z [INFO]  provider.terraform-provider-helm_v2.17.0_x5: 2025/11/16 16:02:46 [DEBUG] Starting delete for "kube-prometheus-stack-admission" Role: timestamp=2025-11-16T16:02:46.699Z
2025-11-16T16:02:46.728Z [INFO]  provider.terraform-provider-helm_v2.17.0_x5: 2025/11/16 16:02:46 [DEBUG] beginning wait for 1 resources to be deleted with timeout of 5m0s: timestamp=2025-11-16T16:02:46.728Z
2025-11-16T16:02:46.835Z [INFO]  provider.terraform-provider-helm_v2.17.0_x5: 2025/11/16 16:02:46 [DEBUG] Starting delete for "kube-prometheus-stack-admission" RoleBinding: timestamp=2025-11-16T16:02:46.834Z
2025-11-16T16:02:46.869Z [INFO]  provider.terraform-provider-helm_v2.17.0_x5: 2025/11/16 16:02:46 [DEBUG] beginning wait for 1 resources to be deleted with timeout of 5m0s: timestamp=2025-11-16T16:02:46.869Z
2025-11-16T16:02:46.975Z [INFO]  provider.terraform-provider-helm_v2.17.0_x5: 2025/11/16 16:02:46 [DEBUG] Starting delete for "kube-prometheus-stack-admission-create" Job: timestamp=2025-11-16T16:02:46.975Z
2025-11-16T16:02:47.004Z [INFO]  provider.terraform-provider-helm_v2.17.0_x5: 2025/11/16 16:02:47 [DEBUG] beginning wait for 1 resources to be deleted with timeout of 5m0s: timestamp=2025-11-16T16:02:47.003Z
2025-11-16T16:02:47.056Z [INFO]  provider.terraform-provider-helm_v2.17.0_x5: 2025/11/16 16:02:47 [DEBUG] creating 110 resource(s): timestamp=2025-11-16T16:02:47.055Z
2025-11-16T16:02:47.492Z [WARN]  unexpected data: registry.terraform.io/hashicorp/helm:stderr="W1116 16:02:47.491903  173274 warnings.go:70] would violate PodSecurity \"baseline:latest\": host namespaces (hostNetwork=true, hostPID=true), hostPath volumes (volumes \"proc\", \"sys\", \"root\")"
2025-11-16T16:02:47.726Z [INFO]  provider.terraform-provider-helm_v2.17.0_x5: 2025/11/16 16:02:47 [DEBUG] beginning wait for 110 resources with timeout of 5m0s: timestamp=2025-11-16T16:02:47.726Z
2025-11-16T16:02:48.038Z [INFO]  provider.terraform-provider-helm_v2.17.0_x5: 2025/11/16 16:02:48 [DEBUG] DaemonSet is not ready: monitoring/kube-prometheus-stack-prometheus-node-exporter. 0 out of 1 expected pods have been scheduled: timestamp=2025-11-16T16:02:48.038Z
2025-11-16T16:02:50.029Z [INFO]  provider.terraform-provider-helm_v2.17.0_x5: 2025/11/16 16:02:50 [DEBUG] DaemonSet is not ready: monitoring/kube-prometheus-stack-prometheus-node-exporter. 0 out of 1 expected pods have been scheduled: timestamp=2025-11-16T16:02:50.029Z
2025-11-16T16:02:52.027Z [INFO]  provider.terraform-provider-helm_v2.17.0_x5: 2025/11/16 16:02:52 [DEBUG] DaemonSet is not ready: monitoring/kube-prometheus-stack-prometheus-node-exporter. 0 out of 1 expected pods have been scheduled: timestamp=2025-11-16T16:02:52.027Z
2025-11-16T16:02:54.027Z [INFO]  provider.terraform-provider-helm_v2.17.0_x5: 2025/11/16 16:02:54 [DEBUG] DaemonSet is not ready: monitoring/kube-prometheus-stack-prometheus-node-exporter. 0 out of 1 expected pods have been scheduled: timestamp=2025-11-16T16:02:54.026Z
2025-11-16T16:02:56.029Z [INFO]  provider.terraform-provider-helm_v2.17.0_x5: 2025/11/16 16:02:56 [DEBUG] DaemonSet is not ready: monitoring/kube-prometheus-stack-prometheus-node-exporter. 0 out of 1 expected pods have been scheduled: timestamp=2025-11-16T16:02:56.029Z
2025-11-16T16:02:58.023Z [INFO]  provider.terraform-provider-helm_v2.17.0_x5: 2025/11/16 16:02:58 [DEBUG] DaemonSet is not ready: monitoring/kube-prometheus-stack-prometheus-node-exporter. 0 out of 1 expected pods have been scheduled: timestamp=2025-11-16T16:02:58.023Z
2025-11-16T16:03:00.028Z [INFO]  provider.terraform-provider-helm_v2.17.0_x5: 2025/11/16 16:03:00 [DEBUG] DaemonSet is not ready: monitoring/kube-prometheus-stack-prometheus-node-exporter. 0 out of 1 expected pods have been scheduled: timestamp=2025-11-16T16:03:00.028Z
2025-11-16T16:03:02.031Z [INFO]  provider.terraform-provider-helm_v2.17.0_x5: 2025/11/16 16:03:02 [DEBUG] DaemonSet is not ready: monitoring/kube-prometheus-stack-prometheus-node-exporter. 0 out of 1 expected pods have been scheduled: timestamp=2025-11-16T16:03:02.031Z
2025-11-16T16:03:04.032Z [INFO]  provider.terraform-provider-helm_v2.17.0_x5: 2025/11/16 16:03:04 [DEBUG] DaemonSet is not ready: monitoring/kube-prometheus-stack-prometheus-node-exporter. 0 out of 1 expected pods have been scheduled: timestamp=2025-11-16T16:03:04.032Z
2025-11-16T16:03:06.025Z [INFO]  provider.terraform-provider-helm_v2.17.0_x5: 2025/11/16 16:03:06 [DEBUG] DaemonSet is not ready: monitoring/kube-prometheus-stack-prometheus-node-exporter. 0 out of 1 expected pods have been scheduled: timestamp=2025-11-16T16:03:06.025Z
2025-11-16T16:03:08.026Z [INFO]  provider.terraform-provider-helm_v2.17.0_x5: 2025/11/16 16:03:08 [DEBUG] DaemonSet is not ready: monitoring/kube-prometheus-stack-prometheus-node-exporter. 0 out of 1 expected pods have been scheduled: timestamp=2025-11-16T16:03:08.026Z
2025-11-16T16:03:10.022Z [INFO]  provider.terraform-provider-helm_v2.17.0_x5: 2025/11/16 16:03:10 [DEBUG] DaemonSet is not ready: monitoring/kube-prometheus-stack-prometheus-node-exporter. 0 out of 1 expected pods have been scheduled: timestamp=2025-11-16T16:03:10.022Z
2025-11-16T16:03:12.030Z [INFO]  provider.terraform-provider-helm_v2.17.0_x5: 2025/11/16 16:03:12 [DEBUG] DaemonSet is not ready: monitoring/kube-prometheus-stack-prometheus-node-exporter. 0 out of 1 expected pods have been scheduled: timestamp=2025-11-16T16:03:12.030Z
2025-11-16T16:03:14.025Z [INFO]  provider.terraform-provider-helm_v2.17.0_x5: 2025/11/16 16:03:14 [DEBUG] DaemonSet is not ready: monitoring/kube-prometheus-stack-prometheus-node-exporter. 0 out of 1 expected pods have been scheduled: timestamp=2025-11-16T16:03:14.025Z
2025-11-16T16:03:16.030Z [INFO]  provider.terraform-provider-helm_v2.17.0_x5: 2025/11/16 16:03:16 [DEBUG] DaemonSet is not ready: monitoring/kube-prometheus-stack-prometheus-node-exporter. 0 out of 1 expected pods have been scheduled: timestamp=2025-11-16T16:03:16.030Z
2025-11-16T16:03:18.027Z [INFO]  provider.terraform-provider-helm_v2.17.0_x5: 2025/11/16 16:03:18 [DEBUG] DaemonSet is not ready: monitoring/kube-prometheus-stack-prometheus-node-exporter. 0 out of 1 expected pods have been scheduled: timestamp=2025-11-16T16:03:18.027Z
2025-11-16T16:03:20.018Z [INFO]  provider.terraform-provider-helm_v2.17.0_x5: 2025/11/16 16:03:20 [DEBUG] DaemonSet is not ready: monitoring/kube-prometheus-stack-prometheus-node-exporter. 0 out of 1 expected pods have been scheduled: timestamp=2025-11-16T16:03:20.018Z
2025-11-16T16:03:22.022Z [INFO]  provider.terraform-provider-helm_v2.17.0_x5: 2025/11/16 16:03:22 [DEBUG] DaemonSet is not ready: monitoring/kube-prometheus-stack-prometheus-node-exporter. 0 out of 1 expected pods have been scheduled: timestamp=2025-11-16T16:03:22.022Z
2025-11-16T16:03:24.020Z [INFO]  provider.terraform-provider-helm_v2.17.0_x5: 2025/11/16 16:03:24 [DEBUG] DaemonSet is not ready: monitoring/kube-prometheus-stack-prometheus-node-exporter. 0 out of 1 expected pods have been scheduled: timestamp=2025-11-16T16:03:24.020Z
2025-11-16T16:03:26.022Z [INFO]  provider.terraform-provider-helm_v2.17.0_x5: 2025/11/16 16:03:26 [DEBUG] DaemonSet is not ready: monitoring/kube-prometheus-stack-prometheus-node-exporter. 0 out of 1 expected pods have been scheduled: timestamp=2025-11-16T16:03:26.021Z
2025-11-16T16:03:28.025Z [INFO]  provider.terraform-provider-helm_v2.17.0_x5: 2025/11/16 16:03:28 [DEBUG] DaemonSet is not ready: monitoring/kube-prometheus-stack-prometheus-node-exporter. 0 out of 1 expected pods have been scheduled: timestamp=2025-11-16T16:03:28.024Z
2025-11-16T16:03:30.024Z [INFO]  provider.terraform-provider-helm_v2.17.0_x5: 2025/11/16 16:03:30 [DEBUG] DaemonSet is not ready: monitoring/kube-prometheus-stack-prometheus-node-exporter. 0 out of 1 expected pods have been scheduled: timestamp=2025-11-16T16:03:30.024Z
2025-11-16T16:03:32.026Z [INFO]  provider.terraform-provider-helm_v2.17.0_x5: 2025/11/16 16:03:32 [DEBUG] DaemonSet is not ready: monitoring/kube-prometheus-stack-prometheus-node-exporter. 0 out of 1 expected pods have been scheduled: timestamp=2025-11-16T16:03:32.026Z
2025-11-16T16:03:34.022Z [INFO]  provider.terraform-provider-helm_v2.17.0_x5: 2025/11/16 16:03:34 [DEBUG] DaemonSet is not ready: monitoring/kube-prometheus-stack-prometheus-node-exporter. 0 out of 1 expected pods have been scheduled: timestamp=2025-11-16T16:03:34.022Z
2025-11-16T16:03:36.023Z [INFO]  provider.terraform-provider-helm_v2.17.0_x5: 2025/11/16 16:03:36 [DEBUG] DaemonSet is not ready: monitoring/kube-prometheus-stack-prometheus-node-exporter. 0 out of 1 expected pods have been scheduled: timestamp=2025-11-16T16:03:36.023Z
2025-11-16T16:03:38.016Z [INFO]  provider.terraform-provider-helm_v2.17.0_x5: 2025/11/16 16:03:38 [DEBUG] DaemonSet is not ready: monitoring/kube-prometheus-stack-prometheus-node-exporter. 0 out of 1 expected pods have been scheduled: timestamp=2025-11-16T16:03:38.016Z
2025-11-16T16:03:40.019Z [INFO]  provider.terraform-provider-helm_v2.17.0_x5: 2025/11/16 16:03:40 [DEBUG] DaemonSet is not ready: monitoring/kube-prometheus-stack-prometheus-node-exporter. 0 out of 1 expected pods have been scheduled: timestamp=2025-11-16T16:03:40.019Z
2025-11-16T16:03:42.020Z [INFO]  provider.terraform-provider-helm_v2.17.0_x5: 2025/11/16 16:03:42 [DEBUG] DaemonSet is not ready: monitoring/kube-prometheus-stack-prometheus-node-exporter. 0 out of 1 expected pods have been scheduled: timestamp=2025-11-16T16:03:42.020Z
2025-11-16T16:03:44.020Z [INFO]  provider.terraform-provider-helm_v2.17.0_x5: 2025/11/16 16:03:44 [DEBUG] DaemonSet is not ready: monitoring/kube-prometheus-stack-prometheus-node-exporter. 0 out of 1 expected pods have been scheduled: timestamp=2025-11-16T16:03:44.020Z
2025-11-16T16:03:46.023Z [INFO]  provider.terraform-provider-helm_v2.17.0_x5: 2025/11/16 16:03:46 [DEBUG] DaemonSet is not ready: monitoring/kube-prometheus-stack-prometheus-node-exporter. 0 out of 1 expected pods have been scheduled: timestamp=2025-11-16T16:03:46.023Z
2025-11-16T16:03:48.021Z [INFO]  provider.terraform-provider-helm_v2.17.0_x5: 2025/11/16 16:03:48 [DEBUG] DaemonSet is not ready: monitoring/kube-prometheus-stack-prometheus-node-exporter. 0 out of 1 expected pods have been scheduled: timestamp=2025-11-16T16:03:48.020Z
2025-11-16T16:03:50.016Z [INFO]  provider.terraform-provider-helm_v2.17.0_x5: 2025/11/16 16:03:50 [DEBUG] DaemonSet is not ready: monitoring/kube-prometheus-stack-prometheus-node-exporter. 0 out of 1 expected pods have been scheduled: timestamp=2025-11-16T16:03:50.016Z
2025-11-16T16:03:52.022Z [INFO]  provider.terraform-provider-helm_v2.17.0_x5: 2025/11/16 16:03:52 [DEBUG] DaemonSet is not ready: monitoring/kube-prometheus-stack-prometheus-node-exporter. 0 out of 1 expected pods have been scheduled: timestamp=2025-11-16T16:03:52.022Z
2025-11-16T16:03:54.024Z [INFO]  provider.terraform-provider-helm_v2.17.0_x5: 2025/11/16 16:03:54 [DEBUG] DaemonSet is not ready: monitoring/kube-prometheus-stack-prometheus-node-exporter. 0 out of 1 expected pods have been scheduled: timestamp=2025-11-16T16:03:54.024Z
2025-11-16T16:03:56.028Z [INFO]  provider.terraform-provider-helm_v2.17.0_x5: 2025/11/16 16:03:56 [DEBUG] DaemonSet is not ready: monitoring/kube-prometheus-stack-prometheus-node-exporter. 0 out of 1 expected pods have been scheduled: timestamp=2025-11-16T16:03:56.028Z
2025-11-16T16:03:58.027Z [INFO]  provider.terraform-provider-helm_v2.17.0_x5: 2025/11/16 16:03:58 [DEBUG] DaemonSet is not ready: monitoring/kube-prometheus-stack-prometheus-node-exporter. 0 out of 1 expected pods have been scheduled: timestamp=2025-11-16T16:03:58.027Z
2025-11-16T16:04:00.031Z [INFO]  provider.terraform-provider-helm_v2.17.0_x5: 2025/11/16 16:04:00 [DEBUG] DaemonSet is not ready: monitoring/kube-prometheus-stack-prometheus-node-exporter. 0 out of 1 expected pods have been scheduled: timestamp=2025-11-16T16:04:00.031Z
2025-11-16T16:04:02.025Z [INFO]  provider.terraform-provider-helm_v2.17.0_x5: 2025/11/16 16:04:02 [DEBUG] DaemonSet is not ready: monitoring/kube-prometheus-stack-prometheus-node-exporter. 0 out of 1 expected pods have been scheduled: timestamp=2025-11-16T16:04:02.025Z
2025-11-16T16:04:04.024Z [INFO]  provider.terraform-provider-helm_v2.17.0_x5: 2025/11/16 16:04:04 [DEBUG] DaemonSet is not ready: monitoring/kube-prometheus-stack-prometheus-node-exporter. 0 out of 1 expected pods have been scheduled: timestamp=2025-11-16T16:04:04.024Z
2025-11-16T16:04:06.026Z [INFO]  provider.terraform-provider-helm_v2.17.0_x5: 2025/11/16 16:04:06 [DEBUG] DaemonSet is not ready: monitoring/kube-prometheus-stack-prometheus-node-exporter. 0 out of 1 expected pods have been scheduled: timestamp=2025-11-16T16:04:06.026Z
2025-11-16T16:04:08.025Z [INFO]  provider.terraform-provider-helm_v2.17.0_x5: 2025/11/16 16:04:08 [DEBUG] DaemonSet is not ready: monitoring/kube-prometheus-stack-prometheus-node-exporter. 0 out of 1 expected pods have been scheduled: timestamp=2025-11-16T16:04:08.024Z
2025-11-16T16:04:10.020Z [INFO]  provider.terraform-provider-helm_v2.17.0_x5: 2025/11/16 16:04:10 [DEBUG] DaemonSet is not ready: monitoring/kube-prometheus-stack-prometheus-node-exporter. 0 out of 1 expected pods have been scheduled: timestamp=2025-11-16T16:04:10.020Z
2025-11-16T16:04:12.025Z [INFO]  provider.terraform-provider-helm_v2.17.0_x5: 2025/11/16 16:04:12 [DEBUG] DaemonSet is not ready: monitoring/kube-prometheus-stack-prometheus-node-exporter. 0 out of 1 expected pods have been scheduled: timestamp=2025-11-16T16:04:12.025Z
2025-11-16T16:04:14.031Z [INFO]  provider.terraform-provider-helm_v2.17.0_x5: 2025/11/16 16:04:14 [DEBUG] DaemonSet is not ready: monitoring/kube-prometheus-stack-prometheus-node-exporter. 0 out of 1 expected pods have been scheduled: timestamp=2025-11-16T16:04:14.031Z
2025-11-16T16:04:16.029Z [INFO]  provider.terraform-provider-helm_v2.17.0_x5: 2025/11/16 16:04:16 [DEBUG] DaemonSet is not ready: monitoring/kube-prometheus-stack-prometheus-node-exporter. 0 out of 1 expected pods have been scheduled: timestamp=2025-11-16T16:04:16.029Z
2025-11-16T16:04:18.027Z [INFO]  provider.terraform-provider-helm_v2.17.0_x5: 2025/11/16 16:04:18 [DEBUG] DaemonSet is not ready: monitoring/kube-prometheus-stack-prometheus-node-exporter. 0 out of 1 expected pods have been scheduled: timestamp=2025-11-16T16:04:18.027Z
2025-11-16T16:04:20.028Z [INFO]  provider.terraform-provider-helm_v2.17.0_x5: 2025/11/16 16:04:20 [DEBUG] DaemonSet is not ready: monitoring/kube-prometheus-stack-prometheus-node-exporter. 0 out of 1 expected pods have been scheduled: timestamp=2025-11-16T16:04:20.028Z
2025-11-16T16:04:22.024Z [INFO]  provider.terraform-provider-helm_v2.17.0_x5: 2025/11/16 16:04:22 [DEBUG] DaemonSet is not ready: monitoring/kube-prometheus-stack-prometheus-node-exporter. 0 out of 1 expected pods have been scheduled: timestamp=2025-11-16T16:04:22.024Z
2025-11-16T16:04:24.025Z [INFO]  provider.terraform-provider-helm_v2.17.0_x5: 2025/11/16 16:04:24 [DEBUG] DaemonSet is not ready: monitoring/kube-prometheus-stack-prometheus-node-exporter. 0 out of 1 expected pods have been scheduled: timestamp=2025-11-16T16:04:24.025Z
2025-11-16T16:04:26.030Z [INFO]  provider.terraform-provider-helm_v2.17.0_x5: 2025/11/16 16:04:26 [DEBUG] DaemonSet is not ready: monitoring/kube-prometheus-stack-prometheus-node-exporter. 0 out of 1 expected pods have been scheduled: timestamp=2025-11-16T16:04:26.030Z
2025-11-16T16:04:28.028Z [INFO]  provider.terraform-provider-helm_v2.17.0_x5: 2025/11/16 16:04:28 [DEBUG] DaemonSet is not ready: monitoring/kube-prometheus-stack-prometheus-node-exporter. 0 out of 1 expected pods have been scheduled: timestamp=2025-11-16T16:04:28.028Z
2025-11-16T16:04:30.028Z [INFO]  provider.terraform-provider-helm_v2.17.0_x5: 2025/11/16 16:04:30 [DEBUG] DaemonSet is not ready: monitoring/kube-prometheus-stack-prometheus-node-exporter. 0 out of 1 expected pods have been scheduled: timestamp=2025-11-16T16:04:30.028Z
2025-11-16T16:04:32.028Z [INFO]  provider.terraform-provider-helm_v2.17.0_x5: 2025/11/16 16:04:32 [DEBUG] DaemonSet is not ready: monitoring/kube-prometheus-stack-prometheus-node-exporter. 0 out of 1 expected pods have been scheduled: timestamp=2025-11-16T16:04:32.028Z
2025-11-16T16:04:34.028Z [INFO]  provider.terraform-provider-helm_v2.17.0_x5: 2025/11/16 16:04:34 [DEBUG] DaemonSet is not ready: monitoring/kube-prometheus-stack-prometheus-node-exporter. 0 out of 1 expected pods have been scheduled: timestamp=2025-11-16T16:04:34.028Z
2025-11-16T16:04:36.032Z [INFO]  provider.terraform-provider-helm_v2.17.0_x5: 2025/11/16 16:04:36 [DEBUG] DaemonSet is not ready: monitoring/kube-prometheus-stack-prometheus-node-exporter. 0 out of 1 expected pods have been scheduled: timestamp=2025-11-16T16:04:36.032Z
2025-11-16T16:04:38.023Z [INFO]  provider.terraform-provider-helm_v2.17.0_x5: 2025/11/16 16:04:38 [DEBUG] DaemonSet is not ready: monitoring/kube-prometheus-stack-prometheus-node-exporter. 0 out of 1 expected pods have been scheduled: timestamp=2025-11-16T16:04:38.023Z
2025-11-16T16:04:40.026Z [INFO]  provider.terraform-provider-helm_v2.17.0_x5: 2025/11/16 16:04:40 [DEBUG] DaemonSet is not ready: monitoring/kube-prometheus-stack-prometheus-node-exporter. 0 out of 1 expected pods have been scheduled: timestamp=2025-11-16T16:04:40.026Z
2025-11-16T16:04:42.024Z [INFO]  provider.terraform-provider-helm_v2.17.0_x5: 2025/11/16 16:04:42 [DEBUG] DaemonSet is not ready: monitoring/kube-prometheus-stack-prometheus-node-exporter. 0 out of 1 expected pods have been scheduled: timestamp=2025-11-16T16:04:42.024Z
2025-11-16T16:04:44.026Z [INFO]  provider.terraform-provider-helm_v2.17.0_x5: 2025/11/16 16:04:44 [DEBUG] DaemonSet is not ready: monitoring/kube-prometheus-stack-prometheus-node-exporter. 0 out of 1 expected pods have been scheduled: timestamp=2025-11-16T16:04:44.026Z
2025-11-16T16:04:46.024Z [INFO]  provider.terraform-provider-helm_v2.17.0_x5: 2025/11/16 16:04:46 [DEBUG] DaemonSet is not ready: monitoring/kube-prometheus-stack-prometheus-node-exporter. 0 out of 1 expected pods have been scheduled: timestamp=2025-11-16T16:04:46.024Z
2025-11-16T16:04:48.027Z [INFO]  provider.terraform-provider-helm_v2.17.0_x5: 2025/11/16 16:04:48 [DEBUG] DaemonSet is not ready: monitoring/kube-prometheus-stack-prometheus-node-exporter. 0 out of 1 expected pods have been scheduled: timestamp=2025-11-16T16:04:48.027Z
2025-11-16T16:04:50.025Z [INFO]  provider.terraform-provider-helm_v2.17.0_x5: 2025/11/16 16:04:50 [DEBUG] DaemonSet is not ready: monitoring/kube-prometheus-stack-prometheus-node-exporter. 0 out of 1 expected pods have been scheduled: timestamp=2025-11-16T16:04:50.025Z
2025-11-16T16:04:52.026Z [INFO]  provider.terraform-provider-helm_v2.17.0_x5: 2025/11/16 16:04:52 [DEBUG] DaemonSet is not ready: monitoring/kube-prometheus-stack-prometheus-node-exporter. 0 out of 1 expected pods have been scheduled: timestamp=2025-11-16T16:04:52.025Z
2025-11-16T16:04:54.059Z [INFO]  provider.terraform-provider-helm_v2.17.0_x5: 2025/11/16 16:04:54 [DEBUG] DaemonSet is not ready: monitoring/kube-prometheus-stack-prometheus-node-exporter. 0 out of 1 expected pods have been scheduled: timestamp=2025-11-16T16:04:54.059Z
2025-11-16T16:04:56.053Z [INFO]  provider.terraform-provider-helm_v2.17.0_x5: 2025/11/16 16:04:56 [DEBUG] DaemonSet is not ready: monitoring/kube-prometheus-stack-prometheus-node-exporter. 0 out of 1 expected pods have been scheduled: timestamp=2025-11-16T16:04:56.053Z
2025-11-16T16:04:58.025Z [INFO]  provider.terraform-provider-helm_v2.17.0_x5: 2025/11/16 16:04:58 [DEBUG] DaemonSet is not ready: monitoring/kube-prometheus-stack-prometheus-node-exporter. 0 out of 1 expected pods have been scheduled: timestamp=2025-11-16T16:04:58.025Z
2025-11-16T16:05:00.030Z [INFO]  provider.terraform-provider-helm_v2.17.0_x5: 2025/11/16 16:05:00 [DEBUG] DaemonSet is not ready: monitoring/kube-prometheus-stack-prometheus-node-exporter. 0 out of 1 expected pods have been scheduled: timestamp=2025-11-16T16:05:00.030Z
2025-11-16T16:05:02.029Z [INFO]  provider.terraform-provider-helm_v2.17.0_x5: 2025/11/16 16:05:02 [DEBUG] DaemonSet is not ready: monitoring/kube-prometheus-stack-prometheus-node-exporter. 0 out of 1 expected pods have been scheduled: timestamp=2025-11-16T16:05:02.029Z
2025-11-16T16:05:04.029Z [INFO]  provider.terraform-provider-helm_v2.17.0_x5: 2025/11/16 16:05:04 [DEBUG] DaemonSet is not ready: monitoring/kube-prometheus-stack-prometheus-node-exporter. 0 out of 1 expected pods have been scheduled: timestamp=2025-11-16T16:05:04.029Z
2025-11-16T16:05:06.025Z [INFO]  provider.terraform-provider-helm_v2.17.0_x5: 2025/11/16 16:05:06 [DEBUG] DaemonSet is not ready: monitoring/kube-prometheus-stack-prometheus-node-exporter. 0 out of 1 expected pods have been scheduled: timestamp=2025-11-16T16:05:06.025Z
2025-11-16T16:05:08.030Z [INFO]  provider.terraform-provider-helm_v2.17.0_x5: 2025/11/16 16:05:08 [DEBUG] DaemonSet is not ready: monitoring/kube-prometheus-stack-prometheus-node-exporter. 0 out of 1 expected pods have been scheduled: timestamp=2025-11-16T16:05:08.030Z
2025-11-16T16:05:10.026Z [INFO]  provider.terraform-provider-helm_v2.17.0_x5: 2025/11/16 16:05:10 [DEBUG] DaemonSet is not ready: monitoring/kube-prometheus-stack-prometheus-node-exporter. 0 out of 1 expected pods have been scheduled: timestamp=2025-11-16T16:05:10.026Z
2025-11-16T16:05:12.022Z [INFO]  provider.terraform-provider-helm_v2.17.0_x5: 2025/11/16 16:05:12 [DEBUG] DaemonSet is not ready: monitoring/kube-prometheus-stack-prometheus-node-exporter. 0 out of 1 expected pods have been scheduled: timestamp=2025-11-16T16:05:12.021Z
2025-11-16T16:05:14.044Z [INFO]  provider.terraform-provider-helm_v2.17.0_x5: 2025/11/16 16:05:14 [DEBUG] DaemonSet is not ready: monitoring/kube-prometheus-stack-prometheus-node-exporter. 0 out of 1 expected pods have been scheduled: timestamp=2025-11-16T16:05:14.044Z
2025-11-16T16:05:16.025Z [INFO]  provider.terraform-provider-helm_v2.17.0_x5: 2025/11/16 16:05:16 [DEBUG] DaemonSet is not ready: monitoring/kube-prometheus-stack-prometheus-node-exporter. 0 out of 1 expected pods have been scheduled: timestamp=2025-11-16T16:05:16.025Z
2025-11-16T16:05:18.027Z [INFO]  provider.terraform-provider-helm_v2.17.0_x5: 2025/11/16 16:05:18 [DEBUG] DaemonSet is not ready: monitoring/kube-prometheus-stack-prometheus-node-exporter. 0 out of 1 expected pods have been scheduled: timestamp=2025-11-16T16:05:18.027Z
2025-11-16T16:05:20.025Z [INFO]  provider.terraform-provider-helm_v2.17.0_x5: 2025/11/16 16:05:20 [DEBUG] DaemonSet is not ready: monitoring/kube-prometheus-stack-prometheus-node-exporter. 0 out of 1 expected pods have been scheduled: timestamp=2025-11-16T16:05:20.025Z
2025-11-16T16:05:22.022Z [INFO]  provider.terraform-provider-helm_v2.17.0_x5: 2025/11/16 16:05:22 [DEBUG] DaemonSet is not ready: monitoring/kube-prometheus-stack-prometheus-node-exporter. 0 out of 1 expected pods have been scheduled: timestamp=2025-11-16T16:05:22.022Z
2025-11-16T16:05:24.027Z [INFO]  provider.terraform-provider-helm_v2.17.0_x5: 2025/11/16 16:05:24 [DEBUG] DaemonSet is not ready: monitoring/kube-prometheus-stack-prometheus-node-exporter. 0 out of 1 expected pods have been scheduled: timestamp=2025-11-16T16:05:24.027Z
2025-11-16T16:05:26.027Z [INFO]  provider.terraform-provider-helm_v2.17.0_x5: 2025/11/16 16:05:26 [DEBUG] DaemonSet is not ready: monitoring/kube-prometheus-stack-prometheus-node-exporter. 0 out of 1 expected pods have been scheduled: timestamp=2025-11-16T16:05:26.027Z
2025-11-16T16:05:28.019Z [INFO]  provider.terraform-provider-helm_v2.17.0_x5: 2025/11/16 16:05:28 [DEBUG] DaemonSet is not ready: monitoring/kube-prometheus-stack-prometheus-node-exporter. 0 out of 1 expected pods have been scheduled: timestamp=2025-11-16T16:05:28.019Z
2025-11-16T16:05:30.022Z [INFO]  provider.terraform-provider-helm_v2.17.0_x5: 2025/11/16 16:05:30 [DEBUG] DaemonSet is not ready: monitoring/kube-prometheus-stack-prometheus-node-exporter. 0 out of 1 expected pods have been scheduled: timestamp=2025-11-16T16:05:30.022Z
2025-11-16T16:05:32.026Z [INFO]  provider.terraform-provider-helm_v2.17.0_x5: 2025/11/16 16:05:32 [DEBUG] DaemonSet is not ready: monitoring/kube-prometheus-stack-prometheus-node-exporter. 0 out of 1 expected pods have been scheduled: timestamp=2025-11-16T16:05:32.026Z
2025-11-16T16:05:34.023Z [INFO]  provider.terraform-provider-helm_v2.17.0_x5: 2025/11/16 16:05:34 [DEBUG] DaemonSet is not ready: monitoring/kube-prometheus-stack-prometheus-node-exporter. 0 out of 1 expected pods have been scheduled: timestamp=2025-11-16T16:05:34.023Z
2025-11-16T16:05:36.024Z [INFO]  provider.terraform-provider-helm_v2.17.0_x5: 2025/11/16 16:05:36 [DEBUG] DaemonSet is not ready: monitoring/kube-prometheus-stack-prometheus-node-exporter. 0 out of 1 expected pods have been scheduled: timestamp=2025-11-16T16:05:36.024Z
2025-11-16T16:05:38.025Z [INFO]  provider.terraform-provider-helm_v2.17.0_x5: 2025/11/16 16:05:38 [DEBUG] DaemonSet is not ready: monitoring/kube-prometheus-stack-prometheus-node-exporter. 0 out of 1 expected pods have been scheduled: timestamp=2025-11-16T16:05:38.025Z
2025-11-16T16:05:40.025Z [INFO]  provider.terraform-provider-helm_v2.17.0_x5: 2025/11/16 16:05:40 [DEBUG] DaemonSet is not ready: monitoring/kube-prometheus-stack-prometheus-node-exporter. 0 out of 1 expected pods have been scheduled: timestamp=2025-11-16T16:05:40.025Z
2025-11-16T16:05:42.025Z [INFO]  provider.terraform-provider-helm_v2.17.0_x5: 2025/11/16 16:05:42 [DEBUG] DaemonSet is not ready: monitoring/kube-prometheus-stack-prometheus-node-exporter. 0 out of 1 expected pods have been scheduled: timestamp=2025-11-16T16:05:42.025Z
2025-11-16T16:05:44.025Z [INFO]  provider.terraform-provider-helm_v2.17.0_x5: 2025/11/16 16:05:44 [DEBUG] DaemonSet is not ready: monitoring/kube-prometheus-stack-prometheus-node-exporter. 0 out of 1 expected pods have been scheduled: timestamp=2025-11-16T16:05:44.025Z
2025-11-16T16:05:46.022Z [INFO]  provider.terraform-provider-helm_v2.17.0_x5: 2025/11/16 16:05:46 [DEBUG] DaemonSet is not ready: monitoring/kube-prometheus-stack-prometheus-node-exporter. 0 out of 1 expected pods have been scheduled: timestamp=2025-11-16T16:05:46.022Z
2025-11-16T16:05:48.021Z [INFO]  provider.terraform-provider-helm_v2.17.0_x5: 2025/11/16 16:05:48 [DEBUG] DaemonSet is not ready: monitoring/kube-prometheus-stack-prometheus-node-exporter. 0 out of 1 expected pods have been scheduled: timestamp=2025-11-16T16:05:48.021Z
2025-11-16T16:05:50.030Z [INFO]  provider.terraform-provider-helm_v2.17.0_x5: 2025/11/16 16:05:50 [DEBUG] DaemonSet is not ready: monitoring/kube-prometheus-stack-prometheus-node-exporter. 0 out of 1 expected pods have been scheduled: timestamp=2025-11-16T16:05:50.030Z
2025-11-16T16:05:52.024Z [INFO]  provider.terraform-provider-helm_v2.17.0_x5: 2025/11/16 16:05:52 [DEBUG] DaemonSet is not ready: monitoring/kube-prometheus-stack-prometheus-node-exporter. 0 out of 1 expected pods have been scheduled: timestamp=2025-11-16T16:05:52.024Z
2025-11-16T16:05:54.028Z [INFO]  provider.terraform-provider-helm_v2.17.0_x5: 2025/11/16 16:05:54 [DEBUG] DaemonSet is not ready: monitoring/kube-prometheus-stack-prometheus-node-exporter. 0 out of 1 expected pods have been scheduled: timestamp=2025-11-16T16:05:54.028Z
2025-11-16T16:05:56.082Z [INFO]  provider.terraform-provider-helm_v2.17.0_x5: 2025/11/16 16:05:56 [DEBUG] DaemonSet is not ready: monitoring/kube-prometheus-stack-prometheus-node-exporter. 0 out of 1 expected pods have been scheduled: timestamp=2025-11-16T16:05:56.082Z
2025-11-16T16:05:58.023Z [INFO]  provider.terraform-provider-helm_v2.17.0_x5: 2025/11/16 16:05:58 [DEBUG] DaemonSet is not ready: monitoring/kube-prometheus-stack-prometheus-node-exporter. 0 out of 1 expected pods have been scheduled: timestamp=2025-11-16T16:05:58.022Z
2025-11-16T16:06:00.023Z [INFO]  provider.terraform-provider-helm_v2.17.0_x5: 2025/11/16 16:06:00 [DEBUG] DaemonSet is not ready: monitoring/kube-prometheus-stack-prometheus-node-exporter. 0 out of 1 expected pods have been scheduled: timestamp=2025-11-16T16:06:00.022Z
2025-11-16T16:06:02.026Z [INFO]  provider.terraform-provider-helm_v2.17.0_x5: 2025/11/16 16:06:02 [DEBUG] DaemonSet is not ready: monitoring/kube-prometheus-stack-prometheus-node-exporter. 0 out of 1 expected pods have been scheduled: timestamp=2025-11-16T16:06:02.026Z
2025-11-16T16:06:04.019Z [INFO]  provider.terraform-provider-helm_v2.17.0_x5: 2025/11/16 16:06:04 [DEBUG] DaemonSet is not ready: monitoring/kube-prometheus-stack-prometheus-node-exporter. 0 out of 1 expected pods have been scheduled: timestamp=2025-11-16T16:06:04.019Z
2025-11-16T16:06:06.028Z [INFO]  provider.terraform-provider-helm_v2.17.0_x5: 2025/11/16 16:06:06 [DEBUG] DaemonSet is not ready: monitoring/kube-prometheus-stack-prometheus-node-exporter. 0 out of 1 expected pods have been scheduled: timestamp=2025-11-16T16:06:06.028Z
2025-11-16T16:06:08.026Z [INFO]  provider.terraform-provider-helm_v2.17.0_x5: 2025/11/16 16:06:08 [DEBUG] DaemonSet is not ready: monitoring/kube-prometheus-stack-prometheus-node-exporter. 0 out of 1 expected pods have been scheduled: timestamp=2025-11-16T16:06:08.025Z
2025-11-16T16:06:10.026Z [INFO]  provider.terraform-provider-helm_v2.17.0_x5: 2025/11/16 16:06:10 [DEBUG] DaemonSet is not ready: monitoring/kube-prometheus-stack-prometheus-node-exporter. 0 out of 1 expected pods have been scheduled: timestamp=2025-11-16T16:06:10.026Z
2025-11-16T16:06:12.021Z [INFO]  provider.terraform-provider-helm_v2.17.0_x5: 2025/11/16 16:06:12 [DEBUG] DaemonSet is not ready: monitoring/kube-prometheus-stack-prometheus-node-exporter. 0 out of 1 expected pods have been scheduled: timestamp=2025-11-16T16:06:12.021Z
2025-11-16T16:06:14.025Z [INFO]  provider.terraform-provider-helm_v2.17.0_x5: 2025/11/16 16:06:14 [DEBUG] DaemonSet is not ready: monitoring/kube-prometheus-stack-prometheus-node-exporter. 0 out of 1 expected pods have been scheduled: timestamp=2025-11-16T16:06:14.025Z
2025-11-16T16:06:16.026Z [INFO]  provider.terraform-provider-helm_v2.17.0_x5: 2025/11/16 16:06:16 [DEBUG] DaemonSet is not ready: monitoring/kube-prometheus-stack-prometheus-node-exporter. 0 out of 1 expected pods have been scheduled: timestamp=2025-11-16T16:06:16.025Z
2025-11-16T16:06:18.025Z [INFO]  provider.terraform-provider-helm_v2.17.0_x5: 2025/11/16 16:06:18 [DEBUG] DaemonSet is not ready: monitoring/kube-prometheus-stack-prometheus-node-exporter. 0 out of 1 expected pods have been scheduled: timestamp=2025-11-16T16:06:18.025Z
2025-11-16T16:06:20.033Z [INFO]  provider.terraform-provider-helm_v2.17.0_x5: 2025/11/16 16:06:20 [DEBUG] DaemonSet is not ready: monitoring/kube-prometheus-stack-prometheus-node-exporter. 0 out of 1 expected pods have been scheduled: timestamp=2025-11-16T16:06:20.033Z
2025-11-16T16:06:22.030Z [INFO]  provider.terraform-provider-helm_v2.17.0_x5: 2025/11/16 16:06:22 [DEBUG] DaemonSet is not ready: monitoring/kube-prometheus-stack-prometheus-node-exporter. 0 out of 1 expected pods have been scheduled: timestamp=2025-11-16T16:06:22.030Z
2025-11-16T16:06:24.027Z [INFO]  provider.terraform-provider-helm_v2.17.0_x5: 2025/11/16 16:06:24 [DEBUG] DaemonSet is not ready: monitoring/kube-prometheus-stack-prometheus-node-exporter. 0 out of 1 expected pods have been scheduled: timestamp=2025-11-16T16:06:24.027Z
2025-11-16T16:06:26.031Z [INFO]  provider.terraform-provider-helm_v2.17.0_x5: 2025/11/16 16:06:26 [DEBUG] DaemonSet is not ready: monitoring/kube-prometheus-stack-prometheus-node-exporter. 0 out of 1 expected pods have been scheduled: timestamp=2025-11-16T16:06:26.031Z
2025-11-16T16:06:28.029Z [INFO]  provider.terraform-provider-helm_v2.17.0_x5: 2025/11/16 16:06:28 [DEBUG] DaemonSet is not ready: monitoring/kube-prometheus-stack-prometheus-node-exporter. 0 out of 1 expected pods have been scheduled: timestamp=2025-11-16T16:06:28.029Z
2025-11-16T16:06:30.030Z [INFO]  provider.terraform-provider-helm_v2.17.0_x5: 2025/11/16 16:06:30 [DEBUG] DaemonSet is not ready: monitoring/kube-prometheus-stack-prometheus-node-exporter. 0 out of 1 expected pods have been scheduled: timestamp=2025-11-16T16:06:30.030Z
2025-11-16T16:06:32.024Z [INFO]  provider.terraform-provider-helm_v2.17.0_x5: 2025/11/16 16:06:32 [DEBUG] DaemonSet is not ready: monitoring/kube-prometheus-stack-prometheus-node-exporter. 0 out of 1 expected pods have been scheduled: timestamp=2025-11-16T16:06:32.023Z
2025-11-16T16:06:34.028Z [INFO]  provider.terraform-provider-helm_v2.17.0_x5: 2025/11/16 16:06:34 [DEBUG] DaemonSet is not ready: monitoring/kube-prometheus-stack-prometheus-node-exporter. 0 out of 1 expected pods have been scheduled: timestamp=2025-11-16T16:06:34.028Z
2025-11-16T16:06:36.030Z [INFO]  provider.terraform-provider-helm_v2.17.0_x5: 2025/11/16 16:06:36 [DEBUG] DaemonSet is not ready: monitoring/kube-prometheus-stack-prometheus-node-exporter. 0 out of 1 expected pods have been scheduled: timestamp=2025-11-16T16:06:36.030Z
2025-11-16T16:06:38.026Z [INFO]  provider.terraform-provider-helm_v2.17.0_x5: 2025/11/16 16:06:38 [DEBUG] DaemonSet is not ready: monitoring/kube-prometheus-stack-prometheus-node-exporter. 0 out of 1 expected pods have been scheduled: timestamp=2025-11-16T16:06:38.026Z
2025-11-16T16:06:40.030Z [INFO]  provider.terraform-provider-helm_v2.17.0_x5: 2025/11/16 16:06:40 [DEBUG] DaemonSet is not ready: monitoring/kube-prometheus-stack-prometheus-node-exporter. 0 out of 1 expected pods have been scheduled: timestamp=2025-11-16T16:06:40.030Z
2025-11-16T16:06:42.026Z [INFO]  provider.terraform-provider-helm_v2.17.0_x5: 2025/11/16 16:06:42 [DEBUG] DaemonSet is not ready: monitoring/kube-prometheus-stack-prometheus-node-exporter. 0 out of 1 expected pods have been scheduled: timestamp=2025-11-16T16:06:42.026Z
2025-11-16T16:06:44.023Z [INFO]  provider.terraform-provider-helm_v2.17.0_x5: 2025/11/16 16:06:44 [DEBUG] DaemonSet is not ready: monitoring/kube-prometheus-stack-prometheus-node-exporter. 0 out of 1 expected pods have been scheduled: timestamp=2025-11-16T16:06:44.023Z
2025-11-16T16:06:46.022Z [INFO]  provider.terraform-provider-helm_v2.17.0_x5: 2025/11/16 16:06:46 [DEBUG] DaemonSet is not ready: monitoring/kube-prometheus-stack-prometheus-node-exporter. 0 out of 1 expected pods have been scheduled: timestamp=2025-11-16T16:06:46.022Z
2025-11-16T16:06:48.025Z [INFO]  provider.terraform-provider-helm_v2.17.0_x5: 2025/11/16 16:06:48 [DEBUG] DaemonSet is not ready: monitoring/kube-prometheus-stack-prometheus-node-exporter. 0 out of 1 expected pods have been scheduled: timestamp=2025-11-16T16:06:48.025Z
2025-11-16T16:06:50.023Z [INFO]  provider.terraform-provider-helm_v2.17.0_x5: 2025/11/16 16:06:50 [DEBUG] DaemonSet is not ready: monitoring/kube-prometheus-stack-prometheus-node-exporter. 0 out of 1 expected pods have been scheduled: timestamp=2025-11-16T16:06:50.023Z
2025-11-16T16:06:52.023Z [INFO]  provider.terraform-provider-helm_v2.17.0_x5: 2025/11/16 16:06:52 [DEBUG] DaemonSet is not ready: monitoring/kube-prometheus-stack-prometheus-node-exporter. 0 out of 1 expected pods have been scheduled: timestamp=2025-11-16T16:06:52.023Z
2025-11-16T16:06:54.025Z [INFO]  provider.terraform-provider-helm_v2.17.0_x5: 2025/11/16 16:06:54 [DEBUG] DaemonSet is not ready: monitoring/kube-prometheus-stack-prometheus-node-exporter. 0 out of 1 expected pods have been scheduled: timestamp=2025-11-16T16:06:54.025Z
2025-11-16T16:06:56.026Z [INFO]  provider.terraform-provider-helm_v2.17.0_x5: 2025/11/16 16:06:56 [DEBUG] DaemonSet is not ready: monitoring/kube-prometheus-stack-prometheus-node-exporter. 0 out of 1 expected pods have been scheduled: timestamp=2025-11-16T16:06:56.026Z
2025-11-16T16:06:58.027Z [INFO]  provider.terraform-provider-helm_v2.17.0_x5: 2025/11/16 16:06:58 [DEBUG] DaemonSet is not ready: monitoring/kube-prometheus-stack-prometheus-node-exporter. 0 out of 1 expected pods have been scheduled: timestamp=2025-11-16T16:06:58.027Z
2025-11-16T16:07:00.027Z [INFO]  provider.terraform-provider-helm_v2.17.0_x5: 2025/11/16 16:07:00 [DEBUG] DaemonSet is not ready: monitoring/kube-prometheus-stack-prometheus-node-exporter. 0 out of 1 expected pods have been scheduled: timestamp=2025-11-16T16:07:00.027Z
2025-11-16T16:07:02.024Z [INFO]  provider.terraform-provider-helm_v2.17.0_x5: 2025/11/16 16:07:02 [DEBUG] DaemonSet is not ready: monitoring/kube-prometheus-stack-prometheus-node-exporter. 0 out of 1 expected pods have been scheduled: timestamp=2025-11-16T16:07:02.023Z
2025-11-16T16:07:04.026Z [INFO]  provider.terraform-provider-helm_v2.17.0_x5: 2025/11/16 16:07:04 [DEBUG] DaemonSet is not ready: monitoring/kube-prometheus-stack-prometheus-node-exporter. 0 out of 1 expected pods have been scheduled: timestamp=2025-11-16T16:07:04.026Z
2025-11-16T16:07:06.019Z [INFO]  provider.terraform-provider-helm_v2.17.0_x5: 2025/11/16 16:07:06 [DEBUG] DaemonSet is not ready: monitoring/kube-prometheus-stack-prometheus-node-exporter. 0 out of 1 expected pods have been scheduled: timestamp=2025-11-16T16:07:06.019Z
2025-11-16T16:07:08.020Z [INFO]  provider.terraform-provider-helm_v2.17.0_x5: 2025/11/16 16:07:08 [DEBUG] DaemonSet is not ready: monitoring/kube-prometheus-stack-prometheus-node-exporter. 0 out of 1 expected pods have been scheduled: timestamp=2025-11-16T16:07:08.020Z
2025-11-16T16:07:10.020Z [INFO]  provider.terraform-provider-helm_v2.17.0_x5: 2025/11/16 16:07:10 [DEBUG] DaemonSet is not ready: monitoring/kube-prometheus-stack-prometheus-node-exporter. 0 out of 1 expected pods have been scheduled: timestamp=2025-11-16T16:07:10.019Z
2025-11-16T16:07:12.029Z [INFO]  provider.terraform-provider-helm_v2.17.0_x5: 2025/11/16 16:07:12 [DEBUG] DaemonSet is not ready: monitoring/kube-prometheus-stack-prometheus-node-exporter. 0 out of 1 expected pods have been scheduled: timestamp=2025-11-16T16:07:12.029Z
2025-11-16T16:07:14.028Z [INFO]  provider.terraform-provider-helm_v2.17.0_x5: 2025/11/16 16:07:14 [DEBUG] DaemonSet is not ready: monitoring/kube-prometheus-stack-prometheus-node-exporter. 0 out of 1 expected pods have been scheduled: timestamp=2025-11-16T16:07:14.028Z
2025-11-16T16:07:16.023Z [INFO]  provider.terraform-provider-helm_v2.17.0_x5: 2025/11/16 16:07:16 [DEBUG] DaemonSet is not ready: monitoring/kube-prometheus-stack-prometheus-node-exporter. 0 out of 1 expected pods have been scheduled: timestamp=2025-11-16T16:07:16.023Z
2025-11-16T16:07:18.025Z [INFO]  provider.terraform-provider-helm_v2.17.0_x5: 2025/11/16 16:07:18 [DEBUG] DaemonSet is not ready: monitoring/kube-prometheus-stack-prometheus-node-exporter. 0 out of 1 expected pods have been scheduled: timestamp=2025-11-16T16:07:18.025Z
2025-11-16T16:07:20.019Z [INFO]  provider.terraform-provider-helm_v2.17.0_x5: 2025/11/16 16:07:20 [DEBUG] DaemonSet is not ready: monitoring/kube-prometheus-stack-prometheus-node-exporter. 0 out of 1 expected pods have been scheduled: timestamp=2025-11-16T16:07:20.019Z
2025-11-16T16:07:22.031Z [INFO]  provider.terraform-provider-helm_v2.17.0_x5: 2025/11/16 16:07:22 [DEBUG] DaemonSet is not ready: monitoring/kube-prometheus-stack-prometheus-node-exporter. 0 out of 1 expected pods have been scheduled: timestamp=2025-11-16T16:07:22.031Z
2025-11-16T16:07:24.025Z [INFO]  provider.terraform-provider-helm_v2.17.0_x5: 2025/11/16 16:07:24 [DEBUG] DaemonSet is not ready: monitoring/kube-prometheus-stack-prometheus-node-exporter. 0 out of 1 expected pods have been scheduled: timestamp=2025-11-16T16:07:24.025Z
2025-11-16T16:07:26.027Z [INFO]  provider.terraform-provider-helm_v2.17.0_x5: 2025/11/16 16:07:26 [DEBUG] DaemonSet is not ready: monitoring/kube-prometheus-stack-prometheus-node-exporter. 0 out of 1 expected pods have been scheduled: timestamp=2025-11-16T16:07:26.026Z
2025-11-16T16:07:28.022Z [INFO]  provider.terraform-provider-helm_v2.17.0_x5: 2025/11/16 16:07:28 [DEBUG] DaemonSet is not ready: monitoring/kube-prometheus-stack-prometheus-node-exporter. 0 out of 1 expected pods have been scheduled: timestamp=2025-11-16T16:07:28.022Z
2025-11-16T16:07:30.026Z [INFO]  provider.terraform-provider-helm_v2.17.0_x5: 2025/11/16 16:07:30 [DEBUG] DaemonSet is not ready: monitoring/kube-prometheus-stack-prometheus-node-exporter. 0 out of 1 expected pods have been scheduled: timestamp=2025-11-16T16:07:30.026Z
2025-11-16T16:07:32.030Z [INFO]  provider.terraform-provider-helm_v2.17.0_x5: 2025/11/16 16:07:32 [DEBUG] DaemonSet is not ready: monitoring/kube-prometheus-stack-prometheus-node-exporter. 0 out of 1 expected pods have been scheduled: timestamp=2025-11-16T16:07:32.030Z
2025-11-16T16:07:34.028Z [INFO]  provider.terraform-provider-helm_v2.17.0_x5: 2025/11/16 16:07:34 [DEBUG] DaemonSet is not ready: monitoring/kube-prometheus-stack-prometheus-node-exporter. 0 out of 1 expected pods have been scheduled: timestamp=2025-11-16T16:07:34.027Z
2025-11-16T16:07:36.022Z [INFO]  provider.terraform-provider-helm_v2.17.0_x5: 2025/11/16 16:07:36 [DEBUG] DaemonSet is not ready: monitoring/kube-prometheus-stack-prometheus-node-exporter. 0 out of 1 expected pods have been scheduled: timestamp=2025-11-16T16:07:36.022Z
2025-11-16T16:07:38.022Z [INFO]  provider.terraform-provider-helm_v2.17.0_x5: 2025/11/16 16:07:38 [DEBUG] DaemonSet is not ready: monitoring/kube-prometheus-stack-prometheus-node-exporter. 0 out of 1 expected pods have been scheduled: timestamp=2025-11-16T16:07:38.021Z
2025-11-16T16:07:40.019Z [INFO]  provider.terraform-provider-helm_v2.17.0_x5: 2025/11/16 16:07:40 [DEBUG] DaemonSet is not ready: monitoring/kube-prometheus-stack-prometheus-node-exporter. 0 out of 1 expected pods have been scheduled: timestamp=2025-11-16T16:07:40.019Z
2025-11-16T16:07:42.021Z [INFO]  provider.terraform-provider-helm_v2.17.0_x5: 2025/11/16 16:07:42 [DEBUG] DaemonSet is not ready: monitoring/kube-prometheus-stack-prometheus-node-exporter. 0 out of 1 expected pods have been scheduled: timestamp=2025-11-16T16:07:42.021Z
2025-11-16T16:07:44.025Z [INFO]  provider.terraform-provider-helm_v2.17.0_x5: 2025/11/16 16:07:44 [DEBUG] DaemonSet is not ready: monitoring/kube-prometheus-stack-prometheus-node-exporter. 0 out of 1 expected pods have been scheduled: timestamp=2025-11-16T16:07:44.025Z
2025-11-16T16:07:46.026Z [INFO]  provider.terraform-provider-helm_v2.17.0_x5: 2025/11/16 16:07:46 [DEBUG] DaemonSet is not ready: monitoring/kube-prometheus-stack-prometheus-node-exporter. 0 out of 1 expected pods have been scheduled: timestamp=2025-11-16T16:07:46.026Z
2025-11-16T16:07:47.730Z [INFO]  provider.terraform-provider-helm_v2.17.0_x5: 2025/11/16 16:07:47 [DEBUG] Error received when checking status of resource kube-prometheus-stack-grafana. Error: 'client rate limiter Wait returned an error: context deadline exceeded', Resource details: 'Resource: "/v1, Resource=services", GroupVersionKind: "/v1, Kind=Service"
Name: "kube-prometheus-stack-grafana", Namespace: "monitoring"': timestamp=2025-11-16T16:07:47.730Z
2025-11-16T16:07:47.730Z [INFO]  provider.terraform-provider-helm_v2.17.0_x5: 2025/11/16 16:07:47 [DEBUG] Retryable error? true: timestamp=2025-11-16T16:07:47.730Z
2025-11-16T16:07:47.730Z [INFO]  provider.terraform-provider-helm_v2.17.0_x5: 2025/11/16 16:07:47 [DEBUG] Retrying as current number of retries 0 less than max number of retries 30: timestamp=2025-11-16T16:07:47.730Z
2025-11-16T16:07:48.634Z [INFO]  provider.terraform-provider-helm_v2.17.0_x5: 2025/11/16 16:07:48 [DEBUG] [resourceReleaseExists: kube-prometheus-stack] Start: timestamp=2025-11-16T16:07:48.634Z
2025-11-16T16:07:48.634Z [INFO]  provider.terraform-provider-helm_v2.17.0_x5: 2025/11/16 16:07:48 [DEBUG] [INFO] GetHelmConfiguration start: timestamp=2025-11-16T16:07:48.634Z
2025-11-16T16:07:48.634Z [INFO]  provider.terraform-provider-helm_v2.17.0_x5: 2025/11/16 16:07:48 [DEBUG] Using kubeconfig: /root/.kube/config: timestamp=2025-11-16T16:07:48.634Z
2025-11-16T16:07:48.634Z [INFO]  provider.terraform-provider-helm_v2.17.0_x5: 2025/11/16 16:07:48 [INFO] Successfully initialized kubernetes config: timestamp=2025-11-16T16:07:48.634Z
2025-11-16T16:07:48.634Z [INFO]  provider.terraform-provider-helm_v2.17.0_x5: 2025/11/16 16:07:48 [DEBUG] [INFO] GetHelmConfiguration success: timestamp=2025-11-16T16:07:48.634Z
2025-11-16T16:07:48.634Z [INFO]  provider.terraform-provider-helm_v2.17.0_x5: 2025/11/16 16:07:48 [DEBUG] kube-prometheus-stack getRelease wait for lock: timestamp=2025-11-16T16:07:48.634Z
2025-11-16T16:07:48.634Z [INFO]  provider.terraform-provider-helm_v2.17.0_x5: 2025/11/16 16:07:48 [DEBUG] kube-prometheus-stack getRelease got lock, started: timestamp=2025-11-16T16:07:48.634Z
2025-11-16T16:07:48.634Z [INFO]  provider.terraform-provider-helm_v2.17.0_x5: 2025/11/16 16:07:48 [DEBUG] kube-prometheus-stack getRelease post action created: timestamp=2025-11-16T16:07:48.634Z
2025-11-16T16:07:48.776Z [INFO]  provider.terraform-provider-helm_v2.17.0_x5: 2025/11/16 16:07:48 [DEBUG] kube-prometheus-stack getRelease post run: timestamp=2025-11-16T16:07:48.776Z
2025-11-16T16:07:48.776Z [INFO]  provider.terraform-provider-helm_v2.17.0_x5: 2025/11/16 16:07:48 [DEBUG] kube-prometheus-stack getRelease done: timestamp=2025-11-16T16:07:48.776Z
2025-11-16T16:07:48.776Z [INFO]  provider.terraform-provider-helm_v2.17.0_x5: 2025/11/16 16:07:48 [DEBUG] [resourceReleaseExists: kube-prometheus-stack] Done: timestamp=2025-11-16T16:07:48.776Z
2025-11-16T16:07:48.776Z [INFO]  provider.terraform-provider-helm_v2.17.0_x5: 2025/11/16 16:07:48 [DEBUG] [resourceReleaseCreate: kube-prometheus-stack] Release was created but returned an error: timestamp=2025-11-16T16:07:48.776Z
2025-11-16T16:07:48.777Z [WARN]  provider.terraform-provider-helm_v2.17.0_x5: Response contains warning diagnostic: @caller=github.com/hashicorp/terraform-plugin-go@v0.23.0/tfprotov5/internal/diag/diagnostics.go:60 @module=sdk.proto diagnostic_detail="" diagnostic_severity=WARNING tf_provider_addr=provider tf_req_id=ae21e959-1af2-a071-0196-a81396687b9c diagnostic_summary="Helm release \"\" was created but has a failed status. Use the `helm` command to investigate the error, correct it, then run Terraform again." tf_proto_version=5.6 tf_resource_type=helm_release tf_rpc=ApplyResourceChange timestamp=2025-11-16T16:07:48.777Z
2025-11-16T16:07:48.777Z [ERROR] provider.terraform-provider-helm_v2.17.0_x5: Response contains error diagnostic: tf_proto_version=5.6 tf_provider_addr=provider tf_req_id=ae21e959-1af2-a071-0196-a81396687b9c @caller=github.com/hashicorp/terraform-plugin-go@v0.23.0/tfprotov5/internal/diag/diagnostics.go:58 @module=sdk.proto diagnostic_detail="" tf_resource_type=helm_release tf_rpc=ApplyResourceChange diagnostic_severity=ERROR diagnostic_summary="context deadline exceeded" timestamp=2025-11-16T16:07:48.777Z
2025-11-16T16:07:48.786Z [DEBUG] State storage *statemgr.Filesystem declined to persist a state snapshot
2025-11-16T16:07:48.786Z [ERROR] vertex "helm_release.kps" error: context deadline exceeded
2025-11-16T16:07:48.794Z [DEBUG] provider.stdio: received EOF, stopping recv loop: err="rpc error: code = Unavailable desc = error reading from server: EOF"
2025-11-16T16:07:48.801Z [INFO]  provider: plugin process exited: plugin=.terraform/providers/registry.terraform.io/hashicorp/helm/2.17.0/linux_amd64/terraform-provider-helm_v2.17.0_x5 id=173274
2025-11-16T16:07:48.801Z [DEBUG] provider: plugin exited
2025-11-16T16:21:35.158Z [INFO]  Terraform version: 1.9.8
2025-11-16T16:21:35.158Z [DEBUG] using github.com/hashicorp/go-tfe v1.58.0
2025-11-16T16:21:35.158Z [DEBUG] using github.com/hashicorp/hcl/v2 v2.20.0
2025-11-16T16:21:35.158Z [DEBUG] using github.com/hashicorp/terraform-svchost v0.1.1
2025-11-16T16:21:35.158Z [DEBUG] using github.com/zclconf/go-cty v1.14.4
2025-11-16T16:21:35.158Z [INFO]  Go runtime version: go1.22.7
2025-11-16T16:21:35.158Z [INFO]  CLI args: []string{"terraform", "apply", "--auto-approve"}
2025-11-16T16:21:35.158Z [DEBUG] Attempting to open CLI config file: /root/.terraformrc
2025-11-16T16:21:35.158Z [DEBUG] File doesn't exist, but doesn't need to. Ignoring.
2025-11-16T16:21:35.158Z [DEBUG] ignoring non-existing provider search directory terraform.d/plugins
2025-11-16T16:21:35.158Z [DEBUG] ignoring non-existing provider search directory /root/.terraform.d/plugins
2025-11-16T16:21:35.158Z [DEBUG] ignoring non-existing provider search directory /root/.local/share/terraform/plugins
2025-11-16T16:21:35.158Z [DEBUG] ignoring non-existing provider search directory /usr/local/share/terraform/plugins
2025-11-16T16:21:35.158Z [DEBUG] ignoring non-existing provider search directory /usr/share/terraform/plugins
2025-11-16T16:21:35.158Z [DEBUG] ignoring non-existing provider search directory /var/lib/snapd/desktop/terraform/plugins
2025-11-16T16:21:35.158Z [INFO]  CLI command args: []string{"apply", "--auto-approve"}
2025-11-16T16:21:35.253Z [DEBUG] checking for provisioner in "."
2025-11-16T16:21:35.253Z [DEBUG] checking for provisioner in "/usr/local/bin"
2025-11-16T16:21:35.254Z [INFO]  backend/local: starting Apply operation
2025-11-16T16:21:35.256Z [DEBUG] created provider logger: level=debug
2025-11-16T16:21:35.256Z [INFO]  provider: configuring client automatic mTLS
2025-11-16T16:21:35.277Z [DEBUG] provider: starting plugin: path=.terraform/providers/registry.terraform.io/hashicorp/helm/2.17.0/linux_amd64/terraform-provider-helm_v2.17.0_x5 args=[".terraform/providers/registry.terraform.io/hashicorp/helm/2.17.0/linux_amd64/terraform-provider-helm_v2.17.0_x5"]
2025-11-16T16:21:35.277Z [DEBUG] provider: plugin started: path=.terraform/providers/registry.terraform.io/hashicorp/helm/2.17.0/linux_amd64/terraform-provider-helm_v2.17.0_x5 pid=173560
2025-11-16T16:21:35.277Z [DEBUG] provider: waiting for RPC address: plugin=.terraform/providers/registry.terraform.io/hashicorp/helm/2.17.0/linux_amd64/terraform-provider-helm_v2.17.0_x5
2025-11-16T16:21:35.319Z [INFO]  provider.terraform-provider-helm_v2.17.0_x5: configuring server automatic mTLS: timestamp=2025-11-16T16:21:35.319Z
2025-11-16T16:21:35.335Z [DEBUG] provider: using plugin: version=5
2025-11-16T16:21:35.335Z [DEBUG] provider.terraform-provider-helm_v2.17.0_x5: plugin address: address=/tmp/plugin581208883 network=unix timestamp=2025-11-16T16:21:35.335Z
2025-11-16T16:21:35.349Z [DEBUG] provider.stdio: received EOF, stopping recv loop: err="rpc error: code = Unavailable desc = error reading from server: EOF"
2025-11-16T16:21:35.351Z [INFO]  provider: plugin process exited: plugin=.terraform/providers/registry.terraform.io/hashicorp/helm/2.17.0/linux_amd64/terraform-provider-helm_v2.17.0_x5 id=173560
2025-11-16T16:21:35.351Z [DEBUG] provider: plugin exited
2025-11-16T16:21:35.351Z [DEBUG] created provider logger: level=debug
2025-11-16T16:21:35.351Z [INFO]  provider: configuring client automatic mTLS
2025-11-16T16:21:35.358Z [DEBUG] provider: starting plugin: path=.terraform/providers/registry.terraform.io/hashicorp/kubernetes/2.38.0/linux_amd64/terraform-provider-kubernetes_v2.38.0_x5 args=[".terraform/providers/registry.terraform.io/hashicorp/kubernetes/2.38.0/linux_amd64/terraform-provider-kubernetes_v2.38.0_x5"]
2025-11-16T16:21:35.358Z [DEBUG] provider: plugin started: path=.terraform/providers/registry.terraform.io/hashicorp/kubernetes/2.38.0/linux_amd64/terraform-provider-kubernetes_v2.38.0_x5 pid=173569
2025-11-16T16:21:35.358Z [DEBUG] provider: waiting for RPC address: plugin=.terraform/providers/registry.terraform.io/hashicorp/kubernetes/2.38.0/linux_amd64/terraform-provider-kubernetes_v2.38.0_x5
2025-11-16T16:21:35.411Z [INFO]  provider.terraform-provider-kubernetes_v2.38.0_x5: configuring server automatic mTLS: timestamp=2025-11-16T16:21:35.410Z
2025-11-16T16:21:35.431Z [DEBUG] provider: using plugin: version=5
2025-11-16T16:21:35.431Z [DEBUG] provider.terraform-provider-kubernetes_v2.38.0_x5: plugin address: address=/tmp/plugin2832371573 network=unix timestamp=2025-11-16T16:21:35.431Z
2025-11-16T16:21:35.535Z [DEBUG] provider.stdio: received EOF, stopping recv loop: err="rpc error: code = Unavailable desc = error reading from server: EOF"
2025-11-16T16:21:35.538Z [INFO]  provider: plugin process exited: plugin=.terraform/providers/registry.terraform.io/hashicorp/kubernetes/2.38.0/linux_amd64/terraform-provider-kubernetes_v2.38.0_x5 id=173569
2025-11-16T16:21:35.538Z [DEBUG] provider: plugin exited
2025-11-16T16:21:35.538Z [DEBUG] Building and walking validate graph
2025-11-16T16:21:35.538Z [DEBUG] ProviderTransformer: "helm_release.kps" (*terraform.NodeValidatableResource) needs provider["registry.terraform.io/hashicorp/helm"]
2025-11-16T16:21:35.538Z [DEBUG] ProviderTransformer: "kubernetes_namespace.monitoring" (*terraform.NodeValidatableResource) needs provider["registry.terraform.io/hashicorp/kubernetes"]
2025-11-16T16:21:35.538Z [DEBUG] ProviderTransformer: "kubernetes_manifest.prometheus_service" (*terraform.NodeValidatableResource) needs provider["registry.terraform.io/hashicorp/kubernetes"]
2025-11-16T16:21:35.538Z [DEBUG] ProviderTransformer: "kubernetes_manifest.grafana_service" (*terraform.NodeValidatableResource) needs provider["registry.terraform.io/hashicorp/kubernetes"]
2025-11-16T16:21:35.539Z [DEBUG] ReferenceTransformer: "helm_release.kps" references: [kubernetes_namespace.monitoring kubernetes_namespace.monitoring]
2025-11-16T16:21:35.539Z [DEBUG] ReferenceTransformer: "output.grafana_infos (expand)" references: []
2025-11-16T16:21:35.539Z [DEBUG] ReferenceTransformer: "output.prometheus_url (expand)" references: []
2025-11-16T16:21:35.539Z [DEBUG] ReferenceTransformer: "provider[\"registry.terraform.io/hashicorp/kubernetes\"]" references: []
2025-11-16T16:21:35.539Z [DEBUG] ReferenceTransformer: "provider[\"registry.terraform.io/hashicorp/helm\"]" references: []
2025-11-16T16:21:35.539Z [DEBUG] ReferenceTransformer: "kubernetes_namespace.monitoring" references: []
2025-11-16T16:21:35.539Z [DEBUG] ReferenceTransformer: "kubernetes_manifest.prometheus_service" references: []
2025-11-16T16:21:35.539Z [DEBUG] ReferenceTransformer: "kubernetes_manifest.grafana_service" references: []
2025-11-16T16:21:35.540Z [DEBUG] Starting graph walk: walkValidate
2025-11-16T16:21:35.540Z [DEBUG] created provider logger: level=debug
2025-11-16T16:21:35.540Z [INFO]  provider: configuring client automatic mTLS
2025-11-16T16:21:35.548Z [DEBUG] provider: starting plugin: path=.terraform/providers/registry.terraform.io/hashicorp/kubernetes/2.38.0/linux_amd64/terraform-provider-kubernetes_v2.38.0_x5 args=[".terraform/providers/registry.terraform.io/hashicorp/kubernetes/2.38.0/linux_amd64/terraform-provider-kubernetes_v2.38.0_x5"]
2025-11-16T16:21:35.548Z [DEBUG] provider: plugin started: path=.terraform/providers/registry.terraform.io/hashicorp/kubernetes/2.38.0/linux_amd64/terraform-provider-kubernetes_v2.38.0_x5 pid=173578
2025-11-16T16:21:35.548Z [DEBUG] provider: waiting for RPC address: plugin=.terraform/providers/registry.terraform.io/hashicorp/kubernetes/2.38.0/linux_amd64/terraform-provider-kubernetes_v2.38.0_x5
2025-11-16T16:21:35.585Z [INFO]  provider.terraform-provider-kubernetes_v2.38.0_x5: configuring server automatic mTLS: timestamp=2025-11-16T16:21:35.585Z
2025-11-16T16:21:35.606Z [DEBUG] provider.terraform-provider-kubernetes_v2.38.0_x5: plugin address: address=/tmp/plugin3201514611 network=unix timestamp=2025-11-16T16:21:35.606Z
2025-11-16T16:21:35.606Z [DEBUG] provider: using plugin: version=5
2025-11-16T16:21:35.622Z [DEBUG] created provider logger: level=debug
2025-11-16T16:21:35.622Z [INFO]  provider: configuring client automatic mTLS
2025-11-16T16:21:35.630Z [DEBUG] provider: starting plugin: path=.terraform/providers/registry.terraform.io/hashicorp/helm/2.17.0/linux_amd64/terraform-provider-helm_v2.17.0_x5 args=[".terraform/providers/registry.terraform.io/hashicorp/helm/2.17.0/linux_amd64/terraform-provider-helm_v2.17.0_x5"]
2025-11-16T16:21:35.630Z [DEBUG] provider: plugin started: path=.terraform/providers/registry.terraform.io/hashicorp/helm/2.17.0/linux_amd64/terraform-provider-helm_v2.17.0_x5 pid=173587
2025-11-16T16:21:35.630Z [DEBUG] provider: waiting for RPC address: plugin=.terraform/providers/registry.terraform.io/hashicorp/helm/2.17.0/linux_amd64/terraform-provider-helm_v2.17.0_x5
2025-11-16T16:21:35.653Z [INFO]  provider.terraform-provider-helm_v2.17.0_x5: configuring server automatic mTLS: timestamp=2025-11-16T16:21:35.653Z
2025-11-16T16:21:35.672Z [DEBUG] provider: using plugin: version=5
2025-11-16T16:21:35.672Z [DEBUG] provider.terraform-provider-helm_v2.17.0_x5: plugin address: network=unix address=/tmp/plugin1761677145 timestamp=2025-11-16T16:21:35.672Z
2025-11-16T16:21:35.689Z [DEBUG] skipping FixUpBlockAttrs
2025-11-16T16:21:35.689Z [DEBUG] skipping FixUpBlockAttrs
2025-11-16T16:21:35.693Z [DEBUG] provider.stdio: received EOF, stopping recv loop: err="rpc error: code = Unavailable desc = error reading from server: EOF"
2025-11-16T16:21:35.697Z [INFO]  provider: plugin process exited: plugin=.terraform/providers/registry.terraform.io/hashicorp/kubernetes/2.38.0/linux_amd64/terraform-provider-kubernetes_v2.38.0_x5 id=173578
2025-11-16T16:21:35.697Z [DEBUG] provider: plugin exited
2025-11-16T16:21:35.703Z [DEBUG] provider.stdio: received EOF, stopping recv loop: err="rpc error: code = Unavailable desc = error reading from server: EOF"
2025-11-16T16:21:35.705Z [INFO]  provider: plugin process exited: plugin=.terraform/providers/registry.terraform.io/hashicorp/helm/2.17.0/linux_amd64/terraform-provider-helm_v2.17.0_x5 id=173587
2025-11-16T16:21:35.705Z [DEBUG] provider: plugin exited
2025-11-16T16:21:35.705Z [INFO]  backend/local: apply calling Plan
2025-11-16T16:21:35.705Z [DEBUG] Building and walking plan graph for NormalMode
2025-11-16T16:21:35.706Z [DEBUG] ProviderTransformer: "kubernetes_namespace.monitoring (expand)" (*terraform.nodeExpandPlannableResource) needs provider["registry.terraform.io/hashicorp/kubernetes"]
2025-11-16T16:21:35.706Z [DEBUG] ProviderTransformer: "kubernetes_manifest.prometheus_service (expand)" (*terraform.nodeExpandPlannableResource) needs provider["registry.terraform.io/hashicorp/kubernetes"]
2025-11-16T16:21:35.706Z [DEBUG] ProviderTransformer: "kubernetes_manifest.grafana_service (expand)" (*terraform.nodeExpandPlannableResource) needs provider["registry.terraform.io/hashicorp/kubernetes"]
2025-11-16T16:21:35.706Z [DEBUG] ProviderTransformer: "helm_release.kps (expand)" (*terraform.nodeExpandPlannableResource) needs provider["registry.terraform.io/hashicorp/helm"]
2025-11-16T16:21:35.706Z [DEBUG] ReferenceTransformer: "helm_release.kps (expand)" references: [kubernetes_namespace.monitoring (expand) kubernetes_namespace.monitoring (expand)]
2025-11-16T16:21:35.706Z [DEBUG] ReferenceTransformer: "output.grafana_infos (expand)" references: []
2025-11-16T16:21:35.706Z [DEBUG] ReferenceTransformer: "output.prometheus_url (expand)" references: []
2025-11-16T16:21:35.706Z [DEBUG] ReferenceTransformer: "provider[\"registry.terraform.io/hashicorp/kubernetes\"]" references: []
2025-11-16T16:21:35.706Z [DEBUG] ReferenceTransformer: "provider[\"registry.terraform.io/hashicorp/helm\"]" references: []
2025-11-16T16:21:35.706Z [DEBUG] ReferenceTransformer: "kubernetes_namespace.monitoring (expand)" references: []
2025-11-16T16:21:35.706Z [DEBUG] ReferenceTransformer: "kubernetes_manifest.prometheus_service (expand)" references: []
2025-11-16T16:21:35.706Z [DEBUG] ReferenceTransformer: "kubernetes_manifest.grafana_service (expand)" references: []
2025-11-16T16:21:35.707Z [DEBUG] Starting graph walk: walkPlan
2025-11-16T16:21:35.707Z [DEBUG] created provider logger: level=debug
2025-11-16T16:21:35.707Z [INFO]  provider: configuring client automatic mTLS
2025-11-16T16:21:35.715Z [DEBUG] provider: starting plugin: path=.terraform/providers/registry.terraform.io/hashicorp/helm/2.17.0/linux_amd64/terraform-provider-helm_v2.17.0_x5 args=[".terraform/providers/registry.terraform.io/hashicorp/helm/2.17.0/linux_amd64/terraform-provider-helm_v2.17.0_x5"]
2025-11-16T16:21:35.715Z [DEBUG] provider: plugin started: path=.terraform/providers/registry.terraform.io/hashicorp/helm/2.17.0/linux_amd64/terraform-provider-helm_v2.17.0_x5 pid=173596
2025-11-16T16:21:35.715Z [DEBUG] provider: waiting for RPC address: plugin=.terraform/providers/registry.terraform.io/hashicorp/helm/2.17.0/linux_amd64/terraform-provider-helm_v2.17.0_x5
2025-11-16T16:21:35.743Z [INFO]  provider.terraform-provider-helm_v2.17.0_x5: configuring server automatic mTLS: timestamp=2025-11-16T16:21:35.743Z
2025-11-16T16:21:35.784Z [DEBUG] provider: using plugin: version=5
2025-11-16T16:21:35.784Z [DEBUG] provider.terraform-provider-helm_v2.17.0_x5: plugin address: address=/tmp/plugin787734007 network=unix timestamp=2025-11-16T16:21:35.783Z
2025-11-16T16:21:35.802Z [DEBUG] created provider logger: level=debug
2025-11-16T16:21:35.802Z [INFO]  provider: configuring client automatic mTLS
2025-11-16T16:21:35.803Z [WARN]  ValidateProviderConfig from "provider[\"registry.terraform.io/hashicorp/helm\"]" changed the config value, but that value is unused
2025-11-16T16:21:35.810Z [DEBUG] provider: starting plugin: path=.terraform/providers/registry.terraform.io/hashicorp/kubernetes/2.38.0/linux_amd64/terraform-provider-kubernetes_v2.38.0_x5 args=[".terraform/providers/registry.terraform.io/hashicorp/kubernetes/2.38.0/linux_amd64/terraform-provider-kubernetes_v2.38.0_x5"]
2025-11-16T16:21:35.810Z [DEBUG] provider: plugin started: path=.terraform/providers/registry.terraform.io/hashicorp/kubernetes/2.38.0/linux_amd64/terraform-provider-kubernetes_v2.38.0_x5 pid=173605
2025-11-16T16:21:35.810Z [DEBUG] provider: waiting for RPC address: plugin=.terraform/providers/registry.terraform.io/hashicorp/kubernetes/2.38.0/linux_amd64/terraform-provider-kubernetes_v2.38.0_x5
2025-11-16T16:21:35.852Z [INFO]  provider.terraform-provider-kubernetes_v2.38.0_x5: configuring server automatic mTLS: timestamp=2025-11-16T16:21:35.852Z
2025-11-16T16:21:35.872Z [DEBUG] provider: using plugin: version=5
2025-11-16T16:21:35.872Z [DEBUG] provider.terraform-provider-kubernetes_v2.38.0_x5: plugin address: address=/tmp/plugin1049873347 network=unix timestamp=2025-11-16T16:21:35.872Z
2025-11-16T16:21:35.885Z [INFO]  provider.terraform-provider-helm_v2.17.0_x5: 2025/11/16 16:21:35 [DEBUG] Experiments enabled: []: timestamp=2025-11-16T16:21:35.885Z
2025-11-16T16:21:35.895Z [DEBUG] provider.terraform-provider-kubernetes_v2.38.0_x5: 2025/11/16 16:21:35 [DEBUG] Using kubeconfig: /root/.kube/config
2025-11-16T16:21:35.896Z [DEBUG] provider.terraform-provider-kubernetes_v2.38.0_x5: 2025/11/16 16:21:35 [DEBUG] Enabling HTTP requests/responses tracing
2025-11-16T16:21:35.897Z [DEBUG] ReferenceTransformer: "kubernetes_namespace.monitoring" references: []
2025-11-16T16:21:35.897Z [DEBUG] ReferenceTransformer: "kubernetes_manifest.prometheus_service" references: []
2025-11-16T16:21:35.898Z [DEBUG] ReferenceTransformer: "kubernetes_manifest.grafana_service" references: []
2025-11-16T16:21:35.898Z [DEBUG] UpgradeResourceState: ignoring dynamic block: map[string]interface {}{"type":[]interface {}{"object", map[string]interface {}{"apiVersion":"string", "kind":"string", "metadata":[]interface {}{"object", map[string]interface {}{"name":"string", "namespace":"string"}}, "spec":[]interface {}{"object", map[string]interface {}{"ports":[]interface {}{"tuple", []interface {}{[]interface {}{"object", map[string]interface {}{"port":"number", "protocol":"string", "targetPort":"number"}}}}, "selector":[]interface {}{"object", map[string]interface {}{"app":"string"}}, "type":"string"}}}}, "value":map[string]interface {}{"apiVersion":"v1", "kind":"Service", "metadata":map[string]interface {}{"name":"prometheus-server", "namespace":"monitoring"}, "spec":map[string]interface {}{"ports":[]interface {}{map[string]interface {}{"port":9090, "protocol":"TCP", "targetPort":9090}}, "selector":map[string]interface {}{"app":"prometheus"}, "type":"LoadBalancer"}}}
2025-11-16T16:21:35.898Z [DEBUG] UpgradeResourceState: ignoring dynamic block: map[string]interface {}{"type":[]interface {}{"object", map[string]interface {}{"apiVersion":"string", "kind":"string", "metadata":[]interface {}{"object", map[string]interface {}{"annotations":[]interface {}{"map", "string"}, "creationTimestamp":"string", "deletionGracePeriodSeconds":"number", "deletionTimestamp":"string", "finalizers":[]interface {}{"list", "string"}, "generateName":"string", "generation":"number", "labels":[]interface {}{"map", "string"}, "managedFields":[]interface {}{"tuple", []interface {}{[]interface {}{"object", map[string]interface {}{"apiVersion":"string", "fieldsType":"string", "fieldsV1":"dynamic", "manager":"string", "operation":"string", "subresource":"string", "time":"string"}}}}, "name":"string", "namespace":"string", "ownerReferences":[]interface {}{"list", []interface {}{"object", map[string]interface {}{"apiVersion":"string", "blockOwnerDeletion":"bool", "controller":"bool", "kind":"string", "name":"string", "uid":"string"}}}, "resourceVersion":"string", "selfLink":"string", "uid":"string"}}, "spec":[]interface {}{"object", map[string]interface {}{"allocateLoadBalancerNodePorts":"bool", "clusterIP":"string", "clusterIPs":[]interface {}{"list", "string"}, "externalIPs":[]interface {}{"list", "string"}, "externalName":"string", "externalTrafficPolicy":"string", "healthCheckNodePort":"number", "internalTrafficPolicy":"string", "ipFamilies":[]interface {}{"list", "string"}, "ipFamilyPolicy":"string", "loadBalancerClass":"string", "loadBalancerIP":"string", "loadBalancerSourceRanges":[]interface {}{"list", "string"}, "ports":[]interface {}{"list", []interface {}{"object", map[string]interface {}{"appProtocol":"string", "name":"string", "nodePort":"number", "port":"number", "protocol":"string", "targetPort":"string"}}}, "publishNotReadyAddresses":"bool", "selector":[]interface {}{"map", "string"}, "sessionAffinity":"string", "sessionAffinityConfig":[]interface {}{"object", map[string]interface {}{"clientIP":[]interface {}{"object", map[string]interface {}{"timeoutSeconds":"number"}}}}, "trafficDistribution":"string", "type":"string"}}}}, "value":map[string]interface {}{"apiVersion":"v1", "kind":"Service", "metadata":map[string]interface {}{"annotations":interface {}(nil), "creationTimestamp":interface {}(nil), "deletionGracePeriodSeconds":interface {}(nil), "deletionTimestamp":interface {}(nil), "finalizers":interface {}(nil), "generateName":interface {}(nil), "generation":interface {}(nil), "labels":interface {}(nil), "managedFields":interface {}(nil), "name":"prometheus-server", "namespace":"monitoring", "ownerReferences":interface {}(nil), "resourceVersion":interface {}(nil), "selfLink":interface {}(nil), "uid":interface {}(nil)}, "spec":map[string]interface {}{"allocateLoadBalancerNodePorts":true, "clusterIP":"10.109.87.174", "clusterIPs":[]interface {}{"10.109.87.174"}, "externalIPs":interface {}(nil), "externalName":interface {}(nil), "externalTrafficPolicy":"Cluster", "healthCheckNodePort":interface {}(nil), "internalTrafficPolicy":"Cluster", "ipFamilies":[]interface {}{"IPv4"}, "ipFamilyPolicy":"SingleStack", "loadBalancerClass":interface {}(nil), "loadBalancerIP":interface {}(nil), "loadBalancerSourceRanges":interface {}(nil), "ports":[]interface {}{map[string]interface {}{"appProtocol":interface {}(nil), "name":interface {}(nil), "nodePort":32426, "port":9090, "protocol":"TCP", "targetPort":"9090"}}, "publishNotReadyAddresses":interface {}(nil), "selector":map[string]interface {}{"app":"prometheus"}, "sessionAffinity":"None", "sessionAffinityConfig":map[string]interface {}{"clientIP":map[string]interface {}{"timeoutSeconds":interface {}(nil)}}, "trafficDistribution":interface {}(nil), "type":"LoadBalancer"}}}
2025-11-16T16:21:35.898Z [DEBUG] UpgradeResourceState: ignoring dynamic block: map[string]interface {}{"type":[]interface {}{"object", map[string]interface {}{"apiVersion":"string", "kind":"string", "metadata":[]interface {}{"object", map[string]interface {}{"name":"string", "namespace":"string"}}, "spec":[]interface {}{"object", map[string]interface {}{"ports":[]interface {}{"tuple", []interface {}{[]interface {}{"object", map[string]interface {}{"port":"number", "protocol":"string", "targetPort":"number"}}}}, "selector":[]interface {}{"object", map[string]interface {}{"app":"string"}}, "type":"string"}}}}, "value":map[string]interface {}{"apiVersion":"v1", "kind":"Service", "metadata":map[string]interface {}{"name":"grafana", "namespace":"monitoring"}, "spec":map[string]interface {}{"ports":[]interface {}{map[string]interface {}{"port":80, "protocol":"TCP", "targetPort":80}}, "selector":map[string]interface {}{"app":"grafana"}, "type":"LoadBalancer"}}}
2025-11-16T16:21:35.898Z [DEBUG] UpgradeResourceState: ignoring dynamic block: map[string]interface {}{"type":[]interface {}{"object", map[string]interface {}{"apiVersion":"string", "kind":"string", "metadata":[]interface {}{"object", map[string]interface {}{"annotations":[]interface {}{"map", "string"}, "creationTimestamp":"string", "deletionGracePeriodSeconds":"number", "deletionTimestamp":"string", "finalizers":[]interface {}{"list", "string"}, "generateName":"string", "generation":"number", "labels":[]interface {}{"map", "string"}, "managedFields":[]interface {}{"tuple", []interface {}{[]interface {}{"object", map[string]interface {}{"apiVersion":"string", "fieldsType":"string", "fieldsV1":"dynamic", "manager":"string", "operation":"string", "subresource":"string", "time":"string"}}}}, "name":"string", "namespace":"string", "ownerReferences":[]interface {}{"list", []interface {}{"object", map[string]interface {}{"apiVersion":"string", "blockOwnerDeletion":"bool", "controller":"bool", "kind":"string", "name":"string", "uid":"string"}}}, "resourceVersion":"string", "selfLink":"string", "uid":"string"}}, "spec":[]interface {}{"object", map[string]interface {}{"allocateLoadBalancerNodePorts":"bool", "clusterIP":"string", "clusterIPs":[]interface {}{"list", "string"}, "externalIPs":[]interface {}{"list", "string"}, "externalName":"string", "externalTrafficPolicy":"string", "healthCheckNodePort":"number", "internalTrafficPolicy":"string", "ipFamilies":[]interface {}{"list", "string"}, "ipFamilyPolicy":"string", "loadBalancerClass":"string", "loadBalancerIP":"string", "loadBalancerSourceRanges":[]interface {}{"list", "string"}, "ports":[]interface {}{"list", []interface {}{"object", map[string]interface {}{"appProtocol":"string", "name":"string", "nodePort":"number", "port":"number", "protocol":"string", "targetPort":"string"}}}, "publishNotReadyAddresses":"bool", "selector":[]interface {}{"map", "string"}, "sessionAffinity":"string", "sessionAffinityConfig":[]interface {}{"object", map[string]interface {}{"clientIP":[]interface {}{"object", map[string]interface {}{"timeoutSeconds":"number"}}}}, "trafficDistribution":"string", "type":"string"}}}}, "value":map[string]interface {}{"apiVersion":"v1", "kind":"Service", "metadata":map[string]interface {}{"annotations":interface {}(nil), "creationTimestamp":interface {}(nil), "deletionGracePeriodSeconds":interface {}(nil), "deletionTimestamp":interface {}(nil), "finalizers":interface {}(nil), "generateName":interface {}(nil), "generation":interface {}(nil), "labels":interface {}(nil), "managedFields":interface {}(nil), "name":"grafana", "namespace":"monitoring", "ownerReferences":interface {}(nil), "resourceVersion":interface {}(nil), "selfLink":interface {}(nil), "uid":interface {}(nil)}, "spec":map[string]interface {}{"allocateLoadBalancerNodePorts":true, "clusterIP":"10.111.54.2", "clusterIPs":[]interface {}{"10.111.54.2"}, "externalIPs":interface {}(nil), "externalName":interface {}(nil), "externalTrafficPolicy":"Cluster", "healthCheckNodePort":interface {}(nil), "internalTrafficPolicy":"Cluster", "ipFamilies":[]interface {}{"IPv4"}, "ipFamilyPolicy":"SingleStack", "loadBalancerClass":interface {}(nil), "loadBalancerIP":interface {}(nil), "loadBalancerSourceRanges":interface {}(nil), "ports":[]interface {}{map[string]interface {}{"appProtocol":interface {}(nil), "name":interface {}(nil), "nodePort":30407, "port":80, "protocol":"TCP", "targetPort":"80"}}, "publishNotReadyAddresses":interface {}(nil), "selector":map[string]interface {}{"app":"grafana"}, "sessionAffinity":"None", "sessionAffinityConfig":map[string]interface {}{"clientIP":map[string]interface {}{"timeoutSeconds":interface {}(nil)}}, "trafficDistribution":interface {}(nil), "type":"LoadBalancer"}}}
2025-11-16T16:21:35.900Z [DEBUG] provider.terraform-provider-kubernetes_v2.38.0_x5: 2025/11/16 16:21:35 [INFO] Checking namespace monitoring
2025-11-16T16:21:35.901Z [DEBUG] provider.terraform-provider-kubernetes_v2.38.0_x5: Sending HTTP Request: tf_http_req_version=HTTP/1.1 tf_http_op_type=request Accept-Encoding=gzip new_logger_warning="This log was generated by a subsystem logger that wasn't created before being used. Use tflog.NewSubsystem to create this logger before it is used." @caller=github.com/hashicorp/terraform-plugin-sdk/v2@v2.37.0/helper/logging/logging_http_transport.go:160 tf_http_req_method=GET tf_http_trans_id=22aed0f1-c7ec-528d-f746-6025c31aa1b2 Accept="application/json, */*" Host=91.98.16.184:6443 User-Agent="HashiCorp/1.0 Terraform/1.9.8" tf_http_req_body="" tf_http_req_uri=/api/v1/namespaces/monitoring @module=kubernetes.Kubernetes timestamp=2025-11-16T16:21:35.901Z
2025-11-16T16:21:36.000Z [DEBUG] provider.terraform-provider-kubernetes_v2.38.0_x5: Received HTTP Response: Audit-Id=a51f9ea9-37de-4832-95d2-86523f8de75b Cache-Control="no-cache, private" X-Kubernetes-Pf-Flowschema-Uid=24ef9050-0ff9-4e4e-b810-9e682b32e548 tf_http_res_status_reason="200 OK" tf_http_res_version=HTTP/2.0 tf_http_trans_id=22aed0f1-c7ec-528d-f746-6025c31aa1b2 new_logger_warning="This log was generated by a subsystem logger that wasn't created before being used. Use tflog.NewSubsystem to create this logger before it is used." @caller=github.com/hashicorp/terraform-plugin-sdk/v2@v2.37.0/helper/logging/logging_http_transport.go:160 @module=kubernetes.Kubernetes Date="Sun, 16 Nov 2025 16:21:35 GMT" X-Kubernetes-Pf-Prioritylevel-Uid=debe343a-fda0-4702-9e46-7980016434a2
  tf_http_res_body=
  | {"kind":"Namespace","apiVersion":"v1","metadata":{"name":"monitoring","uid":"1fce642b-ebce-427a-ae8e-07b0b653b297","resourceVersion":"2053416","creationTimestamp":"2025-11-16T10:59:25Z","labels":{"kubernetes.io/metadata.name":"monitoring","pod-security.kubernetes.io/audit":"restricted"},"managedFields":[{"manager":"HashiCorp","operation":"Update","apiVersion":"v1","time":"2025-11-16T10:59:25Z","fieldsType":"FieldsV1","fieldsV1":{"f:metadata":{"f:labels":{".":{},"f:kubernetes.io/metadata.name":{},"f:pod-security.kubernetes.io/audit":{}}}}}]},"spec":{"finalizers":["kubernetes"]},"status":{"phase":"Active"}}
   Content-Length=613 Content-Type=application/json tf_http_op_type=response tf_http_res_status_code=200 timestamp=2025-11-16T16:21:36.000Z
2025-11-16T16:21:36.000Z [DEBUG] provider.terraform-provider-kubernetes_v2.38.0_x5: 2025/11/16 16:21:36 [INFO] Namespace monitoring exists
2025-11-16T16:21:36.000Z [DEBUG] provider.terraform-provider-kubernetes_v2.38.0_x5: 2025/11/16 16:21:36 [INFO] Reading namespace monitoring
2025-11-16T16:21:36.001Z [DEBUG] provider.terraform-provider-kubernetes_v2.38.0_x5: Sending HTTP Request: @module=kubernetes.Kubernetes tf_http_op_type=request tf_http_req_body="" Accept="application/json, */*" Accept-Encoding=gzip tf_http_trans_id=e6a3f3f1-48b0-6b99-4d12-cd2c413a73bc @caller=github.com/hashicorp/terraform-plugin-sdk/v2@v2.37.0/helper/logging/logging_http_transport.go:160 Host=91.98.16.184:6443 new_logger_warning="This log was generated by a subsystem logger that wasn't created before being used. Use tflog.NewSubsystem to create this logger before it is used." tf_http_req_version=HTTP/1.1 User-Agent="HashiCorp/1.0 Terraform/1.9.8" tf_http_req_method=GET tf_http_req_uri=/api/v1/namespaces/monitoring timestamp=2025-11-16T16:21:36.000Z
2025-11-16T16:21:36.027Z [DEBUG] provider.terraform-provider-kubernetes_v2.38.0_x5: Received HTTP Response: new_logger_warning="This log was generated by a subsystem logger that wasn't created before being used. Use tflog.NewSubsystem to create this logger before it is used." tf_http_res_status_reason="200 OK" tf_http_res_version=HTTP/2.0 @caller=github.com/hashicorp/terraform-plugin-sdk/v2@v2.37.0/helper/logging/logging_http_transport.go:160 Content-Type=application/json X-Kubernetes-Pf-Prioritylevel-Uid=debe343a-fda0-4702-9e46-7980016434a2 Content-Length=613 X-Kubernetes-Pf-Flowschema-Uid=24ef9050-0ff9-4e4e-b810-9e682b32e548 tf_http_res_status_code=200 @module=kubernetes.Kubernetes Audit-Id=dd066b14-a844-4de6-929f-6f16ea5451d2 Date="Sun, 16 Nov 2025 16:21:36 GMT"
  tf_http_res_body=
  | {"kind":"Namespace","apiVersion":"v1","metadata":{"name":"monitoring","uid":"1fce642b-ebce-427a-ae8e-07b0b653b297","resourceVersion":"2053416","creationTimestamp":"2025-11-16T10:59:25Z","labels":{"kubernetes.io/metadata.name":"monitoring","pod-security.kubernetes.io/audit":"restricted"},"managedFields":[{"manager":"HashiCorp","operation":"Update","apiVersion":"v1","time":"2025-11-16T10:59:25Z","fieldsType":"FieldsV1","fieldsV1":{"f:metadata":{"f:labels":{".":{},"f:kubernetes.io/metadata.name":{},"f:pod-security.kubernetes.io/audit":{}}}}}]},"spec":{"finalizers":["kubernetes"]},"status":{"phase":"Active"}}
   tf_http_trans_id=e6a3f3f1-48b0-6b99-4d12-cd2c413a73bc Cache-Control="no-cache, private" tf_http_op_type=response timestamp=2025-11-16T16:21:36.027Z
2025-11-16T16:21:36.027Z [DEBUG] provider.terraform-provider-kubernetes_v2.38.0_x5: 2025/11/16 16:21:36 [INFO] Received namespace: &v1.Namespace{TypeMeta:v1.TypeMeta{Kind:"", APIVersion:""}, ObjectMeta:v1.ObjectMeta{Name:"monitoring", GenerateName:"", Namespace:"", SelfLink:"", UID:"1fce642b-ebce-427a-ae8e-07b0b653b297", ResourceVersion:"2053416", Generation:0, CreationTimestamp:time.Date(2025, time.November, 16, 10, 59, 25, 0, time.Local), DeletionTimestamp:<nil>, DeletionGracePeriodSeconds:(*int64)(nil), Labels:map[string]string{"kubernetes.io/metadata.name":"monitoring", "pod-security.kubernetes.io/audit":"restricted"}, Annotations:map[string]string(nil), OwnerReferences:[]v1.OwnerReference(nil), Finalizers:[]string(nil), ManagedFields:[]v1.ManagedFieldsEntry{v1.ManagedFieldsEntry{Manager:"HashiCorp", Operation:"Update", APIVersion:"v1", Time:time.Date(2025, time.November, 16, 10, 59, 25, 0, time.Local), FieldsType:"FieldsV1", FieldsV1:(*v1.FieldsV1)(0xc00127a018), Subresource:""}}}, Spec:v1.NamespaceSpec{Finalizers:[]v1.FinalizerName{"kubernetes"}}, Status:v1.NamespaceStatus{Phase:"Active", Conditions:[]v1.NamespaceCondition(nil)}}
2025-11-16T16:21:36.028Z [WARN]  Provider "registry.terraform.io/hashicorp/kubernetes" produced an unexpected new value for kubernetes_namespace.monitoring during refresh.
      - .metadata[0].labels: element "pod-security.kubernetes.io/enforce" has vanished
      - .metadata[0].resource_version: was cty.StringVal("2016275"), but now cty.StringVal("2053416")
2025-11-16T16:21:36.031Z [WARN]  Provider "registry.terraform.io/hashicorp/kubernetes" produced an invalid plan for kubernetes_namespace.monitoring, but we are tolerating it because it is using the legacy plugin SDK.
    The following problems may be the cause of any confusing errors from downstream operations:
      - .wait_for_default_service_account: planned value cty.False for a non-computed attribute
      - .metadata[0].annotations: planned value cty.MapValEmpty(cty.String) for a non-computed attribute
      - .metadata[0].generate_name: planned value cty.StringVal("") for a non-computed attribute
2025-11-16T16:21:36.031Z [DEBUG] ReferenceTransformer: "helm_release.kps" references: []
2025-11-16T16:21:36.037Z [INFO]  provider.terraform-provider-helm_v2.17.0_x5: 2025/11/16 16:21:36 [DEBUG] [resourceReleaseExists: kube-prometheus-stack] Start: timestamp=2025-11-16T16:21:36.037Z
2025-11-16T16:21:36.037Z [INFO]  provider.terraform-provider-helm_v2.17.0_x5: 2025/11/16 16:21:36 [DEBUG] [INFO] GetHelmConfiguration start: timestamp=2025-11-16T16:21:36.037Z
2025-11-16T16:21:36.037Z [INFO]  provider.terraform-provider-helm_v2.17.0_x5: 2025/11/16 16:21:36 [DEBUG] Using kubeconfig: /root/.kube/config: timestamp=2025-11-16T16:21:36.037Z
2025-11-16T16:21:36.038Z [INFO]  provider.terraform-provider-helm_v2.17.0_x5: 2025/11/16 16:21:36 [INFO] Successfully initialized kubernetes config: timestamp=2025-11-16T16:21:36.038Z
2025-11-16T16:21:36.038Z [INFO]  provider.terraform-provider-helm_v2.17.0_x5: 2025/11/16 16:21:36 [DEBUG] [INFO] GetHelmConfiguration success: timestamp=2025-11-16T16:21:36.038Z
2025-11-16T16:21:36.038Z [INFO]  provider.terraform-provider-helm_v2.17.0_x5: 2025/11/16 16:21:36 [DEBUG] kube-prometheus-stack getRelease wait for lock: timestamp=2025-11-16T16:21:36.038Z
2025-11-16T16:21:36.038Z [INFO]  provider.terraform-provider-helm_v2.17.0_x5: 2025/11/16 16:21:36 [DEBUG] kube-prometheus-stack getRelease got lock, started: timestamp=2025-11-16T16:21:36.038Z
2025-11-16T16:21:36.038Z [INFO]  provider.terraform-provider-helm_v2.17.0_x5: 2025/11/16 16:21:36 [DEBUG] kube-prometheus-stack getRelease post action created: timestamp=2025-11-16T16:21:36.038Z
2025-11-16T16:21:36.316Z [INFO]  provider.terraform-provider-helm_v2.17.0_x5: 2025/11/16 16:21:36 [DEBUG] kube-prometheus-stack getRelease post run: timestamp=2025-11-16T16:21:36.316Z
2025-11-16T16:21:36.317Z [INFO]  provider.terraform-provider-helm_v2.17.0_x5: 2025/11/16 16:21:36 [DEBUG] kube-prometheus-stack getRelease done: timestamp=2025-11-16T16:21:36.316Z
2025-11-16T16:21:36.317Z [INFO]  provider.terraform-provider-helm_v2.17.0_x5: 2025/11/16 16:21:36 [DEBUG] [resourceReleaseExists: kube-prometheus-stack] Done: timestamp=2025-11-16T16:21:36.316Z
2025-11-16T16:21:36.317Z [INFO]  provider.terraform-provider-helm_v2.17.0_x5: 2025/11/16 16:21:36 [DEBUG] [resourceReleaseRead: kube-prometheus-stack] Started: timestamp=2025-11-16T16:21:36.316Z
2025-11-16T16:21:36.317Z [INFO]  provider.terraform-provider-helm_v2.17.0_x5: 2025/11/16 16:21:36 [DEBUG] [INFO] GetHelmConfiguration start: timestamp=2025-11-16T16:21:36.316Z
2025-11-16T16:21:36.317Z [INFO]  provider.terraform-provider-helm_v2.17.0_x5: 2025/11/16 16:21:36 [DEBUG] Using kubeconfig: /root/.kube/config: timestamp=2025-11-16T16:21:36.316Z
2025-11-16T16:21:36.317Z [INFO]  provider.terraform-provider-helm_v2.17.0_x5: 2025/11/16 16:21:36 [INFO] Successfully initialized kubernetes config: timestamp=2025-11-16T16:21:36.317Z
2025-11-16T16:21:36.317Z [INFO]  provider.terraform-provider-helm_v2.17.0_x5: 2025/11/16 16:21:36 [DEBUG] [INFO] GetHelmConfiguration success: timestamp=2025-11-16T16:21:36.317Z
2025-11-16T16:21:36.317Z [INFO]  provider.terraform-provider-helm_v2.17.0_x5: 2025/11/16 16:21:36 [DEBUG] kube-prometheus-stack getRelease wait for lock: timestamp=2025-11-16T16:21:36.317Z
2025-11-16T16:21:36.317Z [INFO]  provider.terraform-provider-helm_v2.17.0_x5: 2025/11/16 16:21:36 [DEBUG] kube-prometheus-stack getRelease got lock, started: timestamp=2025-11-16T16:21:36.317Z
2025-11-16T16:21:36.317Z [INFO]  provider.terraform-provider-helm_v2.17.0_x5: 2025/11/16 16:21:36 [DEBUG] kube-prometheus-stack getRelease post action created: timestamp=2025-11-16T16:21:36.317Z
2025-11-16T16:21:36.452Z [INFO]  provider.terraform-provider-helm_v2.17.0_x5: 2025/11/16 16:21:36 [DEBUG] kube-prometheus-stack getRelease post run: timestamp=2025-11-16T16:21:36.452Z
2025-11-16T16:21:36.452Z [INFO]  provider.terraform-provider-helm_v2.17.0_x5: 2025/11/16 16:21:36 [DEBUG] kube-prometheus-stack getRelease done: timestamp=2025-11-16T16:21:36.452Z
2025-11-16T16:21:36.452Z [INFO]  provider.terraform-provider-helm_v2.17.0_x5: 2025/11/16 16:21:36 [DEBUG] [resourceReleaseRead: kube-prometheus-stack] Done: timestamp=2025-11-16T16:21:36.452Z
2025-11-16T16:21:36.457Z [INFO]  provider.terraform-provider-helm_v2.17.0_x5: 2025/11/16 16:21:36 [DEBUG] [resourceDiff: kube-prometheus-stack] Start: timestamp=2025-11-16T16:21:36.457Z
2025-11-16T16:21:36.458Z [INFO]  provider.terraform-provider-helm_v2.17.0_x5: 2025/11/16 16:21:36 [DEBUG] [resourceDiff: kube-prometheus-stack] upgrade_install is enabled: false: timestamp=2025-11-16T16:21:36.457Z
2025-11-16T16:21:36.458Z [INFO]  provider.terraform-provider-helm_v2.17.0_x5: 2025/11/16 16:21:36 [DEBUG] [resourceDiff: kube-prometheus-stack] targetVersion for release kube-prometheus-stack: '60.3.0': timestamp=2025-11-16T16:21:36.458Z
2025-11-16T16:21:36.458Z [INFO]  provider.terraform-provider-helm_v2.17.0_x5: 2025/11/16 16:21:36 [DEBUG] [INFO] GetHelmConfiguration start: timestamp=2025-11-16T16:21:36.458Z
2025-11-16T16:21:36.458Z [INFO]  provider.terraform-provider-helm_v2.17.0_x5: 2025/11/16 16:21:36 [DEBUG] Using kubeconfig: /root/.kube/config: timestamp=2025-11-16T16:21:36.458Z
2025-11-16T16:21:36.458Z [INFO]  provider.terraform-provider-helm_v2.17.0_x5: 2025/11/16 16:21:36 [INFO] Successfully initialized kubernetes config: timestamp=2025-11-16T16:21:36.458Z
2025-11-16T16:21:36.458Z [INFO]  provider.terraform-provider-helm_v2.17.0_x5: 2025/11/16 16:21:36 [DEBUG] [INFO] GetHelmConfiguration success: timestamp=2025-11-16T16:21:36.458Z
2025-11-16T16:21:38.107Z [DEBUG] provider.terraform-provider-kubernetes_v2.38.0_x5: 2025-11-16T16:21:38.107Z [DEBUG] [UpgradeResourceState]: morphed object="tftypes.Object[\"apiVersion\":tftypes.String, \"kind\":tftypes.String, \"metadata\":tftypes.Object[\"annotations\":tftypes.Map[tftypes.String], \"creationTimestamp\":tftypes.String, \"deletionGracePeriodSeconds\":tftypes.Number, \"deletionTimestamp\":tftypes.String, \"finalizers\":tftypes.List[tftypes.String], \"generateName\":tftypes.String, \"generation\":tftypes.Number, \"labels\":tftypes.Map[tftypes.String], \"managedFields\":tftypes.Tuple[tftypes.Object[\"apiVersion\":tftypes.String, \"fieldsType\":tftypes.String, \"fieldsV1\":tftypes.DynamicPseudoType, \"manager\":tftypes.String, \"operation\":tftypes.String, \"subresource\":tftypes.String, \"time\":tftypes.String]], \"name\":tftypes.String, \"namespace\":tftypes.String, \"ownerReferences\":tftypes.List[tftypes.Object[\"apiVersion\":tftypes.String, \"blockOwnerDeletion\":tftypes.Bool, \"controller\":tftypes.Bool, \"kind\":tftypes.String, \"name\":tftypes.String, \"uid\":tftypes.String]], \"resourceVersion\":tftypes.String, \"selfLink\":tftypes.String, \"uid\":tftypes.String], \"spec\":tftypes.Object[\"allocateLoadBalancerNodePorts\":tftypes.Bool, \"clusterIP\":tftypes.String, \"clusterIPs\":tftypes.List[tftypes.String], \"externalIPs\":tftypes.List[tftypes.String], \"externalName\":tftypes.String, \"externalTrafficPolicy\":tftypes.String, \"healthCheckNodePort\":tftypes.Number, \"internalTrafficPolicy\":tftypes.String, \"ipFamilies\":tftypes.List[tftypes.String], \"ipFamilyPolicy\":tftypes.String, \"loadBalancerClass\":tftypes.String, \"loadBalancerIP\":tftypes.String, \"loadBalancerSourceRanges\":tftypes.List[tftypes.String], \"ports\":tftypes.List[tftypes.Object[\"appProtocol\":tftypes.String, \"name\":tftypes.String, \"nodePort\":tftypes.Number, \"port\":tftypes.Number, \"protocol\":tftypes.String, \"targetPort\":tftypes.String]], \"publishNotReadyAddresses\":tftypes.Bool, \"selector\":tftypes.Map[tftypes.String], \"sessionAffinity\":tftypes.String, \"sessionAffinityConfig\":tftypes.Object[\"clientIP\":tftypes.Object[\"timeoutSeconds\":tftypes.Number]], \"trafficDistribution\":tftypes.String, \"type\":tftypes.String]]<\"apiVersion\":tftypes.String<\"v1\">, \"kind\":tftypes.String<\"Service\">, \"metadata\":tftypes.Object[\"annotations\":tftypes.Map[tftypes.String], \"creationTimestamp\":tftypes.String, \"deletionGracePeriodSeconds\":tftypes.Number, \"deletionTimestamp\":tftypes.String, \"finalizers\":tftypes.List[tftypes.String], \"generateName\":tftypes.String, \"generation\":tftypes.Number, \"labels\":tftypes.Map[tftypes.String], \"managedFields\":tftypes.Tuple[tftypes.Object[\"apiVersion\":tftypes.String, \"fieldsType\":tftypes.String, \"fieldsV1\":tftypes.DynamicPseudoType, \"manager\":tftypes.String, \"operation\":tftypes.String, \"subresource\":tftypes.String, \"time\":tftypes.String]], \"name\":tftypes.String, \"namespace\":tftypes.String, \"ownerReferences\":tftypes.List[tftypes.Object[\"apiVersion\":tftypes.String, \"blockOwnerDeletion\":tftypes.Bool, \"controller\":tftypes.Bool, \"kind\":tftypes.String, \"name\":tftypes.String, \"uid\":tftypes.String]], \"resourceVersion\":tftypes.String, \"selfLink\":tftypes.String, \"uid\":tftypes.String]<\"annotations\":tftypes.Map[tftypes.String]<null>, \"creationTimestamp\":tftypes.String<null>, \"deletionGracePeriodSeconds\":tftypes.Number<null>, \"deletionTimestamp\":tftypes.String<null>, \"finalizers\":tftypes.List[tftypes.String]<null>, \"generateName\":tftypes.String<null>, \"generation\":tftypes.Number<null>, \"labels\":tftypes.Map[tftypes.String]<null>, \"managedFields\":tftypes.Tuple[tftypes.Object[\"apiVersion\":tftypes.String, \"fieldsType\":tftypes.String, \"fieldsV1\":tftypes.DynamicPseudoType, \"manager\":tftypes.String, \"operation\":tftypes.String, \"subresource\":tftypes.String, \"time\":tftypes.String]]<null>, \"name\":tftypes.String<\"grafana\">, \"namespace\":tftypes.String<\"monitoring\">, \"ownerReferences\":tftypes.List[tftypes.Object[\"apiVersion\":tftypes.String, \"blockOwnerDeletion\":tftypes.Bool, \"controller\":tftypes.Bool, \"kind\":tftypes.String, \"name\":tftypes.String, \"uid\":tftypes.String]]<null>, \"resourceVersion\":tftypes.String<null>, \"selfLink\":tftypes.String<null>, \"uid\":tftypes.String<null>>, \"spec\":tftypes.Object[\"allocateLoadBalancerNodePorts\":tftypes.Bool, \"clusterIP\":tftypes.String, \"clusterIPs\":tftypes.List[tftypes.String], \"externalIPs\":tftypes.List[tftypes.String], \"externalName\":tftypes.String, \"externalTrafficPolicy\":tftypes.String, \"healthCheckNodePort\":tftypes.Number, \"internalTrafficPolicy\":tftypes.String, \"ipFamilies\":tftypes.List[tftypes.String], \"ipFamilyPolicy\":tftypes.String, \"loadBalancerClass\":tftypes.String, \"loadBalancerIP\":tftypes.String, \"loadBalancerSourceRanges\":tftypes.List[tftypes.String], \"ports\":tftypes.List[tftypes.Object[\"appProtocol\":tftypes.String, \"name\":tftypes.String, \"nodePort\":tftypes.Number, \"port\":tftypes.Number, \"protocol\":tftypes.String, \"targetPort\":tftypes.String]], \"publishNotReadyAddresses\":tftypes.Bool, \"selector\":tftypes.Map[tftypes.String], \"sessionAffinity\":tftypes.String, \"sessionAffinityConfig\":tftypes.Object[\"clientIP\":tftypes.Object[\"timeoutSeconds\":tftypes.Number]], \"trafficDistribution\":tftypes.String, \"type\":tftypes.String]<\"allocateLoadBalancerNodePorts\":tftypes.Bool<\"true\">, \"clusterIP\":tftypes.String<\"10.111.54.2\">, \"clusterIPs\":tftypes.List[tftypes.String]<tftypes.String<\"10.111.54.2\">>, \"externalIPs\":tftypes.List[tftypes.String]<null>, \"externalName\":tftypes.String<null>, \"externalTrafficPolicy\":tftypes.String<\"Cluster\">, \"healthCheckNodePort\":tftypes.Number<null>, \"internalTrafficPolicy\":tftypes.String<\"Cluster\">, \"ipFamilies\":tftypes.List[tftypes.String]<tftypes.String<\"IPv4\">>, \"ipFamilyPolicy\":tftypes.String<\"SingleStack\">, \"loadBalancerClass\":tftypes.String<null>, \"loadBalancerIP\":tftypes.String<null>, \"loadBalancerSourceRanges\":tftypes.List[tftypes.String]<null>, \"ports\":tftypes.List[tftypes.Object[\"appProtocol\":tftypes.String, \"name\":tftypes.String, \"nodePort\":tftypes.Number, \"port\":tftypes.Number, \"protocol\":tftypes.String, \"targetPort\":tftypes.String]]<tftypes.Object[\"appProtocol\":tftypes.String, \"name\":tftypes.String, \"nodePort\":tftypes.Number, \"port\":tftypes.Number, \"protocol\":tftypes.String, \"targetPort\":tftypes.String]<\"appProtocol\":tftypes.String<null>, \"name\":tftypes.String<null>, \"nodePort\":tftypes.Number<\"30407\">, \"port\":tftypes.Number<\"80\">, \"protocol\":tftypes.String<\"TCP\">, \"targetPort\":tftypes.String<\"80\">>>, \"publishNotReadyAddresses\":tftypes.Bool<null>, \"selector\":tftypes.Map[tftypes.String]<\"app\":tftypes.String<\"grafana\">>, \"sessionAffinity\":tftypes.String<\"None\">, \"sessionAffinityConfig\":tftypes.Object[\"clientIP\":tftypes.Object[\"timeoutSeconds\":tftypes.Number]]<\"clientIP\":tftypes.Object[\"timeoutSeconds\":tftypes.Number]<\"timeoutSeconds\":tftypes.Number<null>>>, \"trafficDistribution\":tftypes.String<null>, \"type\":tftypes.String<\"LoadBalancer\">>>"
2025-11-16T16:21:38.112Z [DEBUG] provider.terraform-provider-kubernetes_v2.38.0_x5: 2025-11-16T16:21:38.112Z [DEBUG] [UpgradeResourceState]: morphed object="tftypes.Object[\"apiVersion\":tftypes.String, \"kind\":tftypes.String, \"metadata\":tftypes.Object[\"annotations\":tftypes.Map[tftypes.String], \"creationTimestamp\":tftypes.String, \"deletionGracePeriodSeconds\":tftypes.Number, \"deletionTimestamp\":tftypes.String, \"finalizers\":tftypes.List[tftypes.String], \"generateName\":tftypes.String, \"generation\":tftypes.Number, \"labels\":tftypes.Map[tftypes.String], \"managedFields\":tftypes.Tuple[tftypes.Object[\"apiVersion\":tftypes.String, \"fieldsType\":tftypes.String, \"fieldsV1\":tftypes.DynamicPseudoType, \"manager\":tftypes.String, \"operation\":tftypes.String, \"subresource\":tftypes.String, \"time\":tftypes.String]], \"name\":tftypes.String, \"namespace\":tftypes.String, \"ownerReferences\":tftypes.List[tftypes.Object[\"apiVersion\":tftypes.String, \"blockOwnerDeletion\":tftypes.Bool, \"controller\":tftypes.Bool, \"kind\":tftypes.String, \"name\":tftypes.String, \"uid\":tftypes.String]], \"resourceVersion\":tftypes.String, \"selfLink\":tftypes.String, \"uid\":tftypes.String], \"spec\":tftypes.Object[\"allocateLoadBalancerNodePorts\":tftypes.Bool, \"clusterIP\":tftypes.String, \"clusterIPs\":tftypes.List[tftypes.String], \"externalIPs\":tftypes.List[tftypes.String], \"externalName\":tftypes.String, \"externalTrafficPolicy\":tftypes.String, \"healthCheckNodePort\":tftypes.Number, \"internalTrafficPolicy\":tftypes.String, \"ipFamilies\":tftypes.List[tftypes.String], \"ipFamilyPolicy\":tftypes.String, \"loadBalancerClass\":tftypes.String, \"loadBalancerIP\":tftypes.String, \"loadBalancerSourceRanges\":tftypes.List[tftypes.String], \"ports\":tftypes.List[tftypes.Object[\"appProtocol\":tftypes.String, \"name\":tftypes.String, \"nodePort\":tftypes.Number, \"port\":tftypes.Number, \"protocol\":tftypes.String, \"targetPort\":tftypes.String]], \"publishNotReadyAddresses\":tftypes.Bool, \"selector\":tftypes.Map[tftypes.String], \"sessionAffinity\":tftypes.String, \"sessionAffinityConfig\":tftypes.Object[\"clientIP\":tftypes.Object[\"timeoutSeconds\":tftypes.Number]], \"trafficDistribution\":tftypes.String, \"type\":tftypes.String]]<\"apiVersion\":tftypes.String<\"v1\">, \"kind\":tftypes.String<\"Service\">, \"metadata\":tftypes.Object[\"annotations\":tftypes.Map[tftypes.String], \"creationTimestamp\":tftypes.String, \"deletionGracePeriodSeconds\":tftypes.Number, \"deletionTimestamp\":tftypes.String, \"finalizers\":tftypes.List[tftypes.String], \"generateName\":tftypes.String, \"generation\":tftypes.Number, \"labels\":tftypes.Map[tftypes.String], \"managedFields\":tftypes.Tuple[tftypes.Object[\"apiVersion\":tftypes.String, \"fieldsType\":tftypes.String, \"fieldsV1\":tftypes.DynamicPseudoType, \"manager\":tftypes.String, \"operation\":tftypes.String, \"subresource\":tftypes.String, \"time\":tftypes.String]], \"name\":tftypes.String, \"namespace\":tftypes.String, \"ownerReferences\":tftypes.List[tftypes.Object[\"apiVersion\":tftypes.String, \"blockOwnerDeletion\":tftypes.Bool, \"controller\":tftypes.Bool, \"kind\":tftypes.String, \"name\":tftypes.String, \"uid\":tftypes.String]], \"resourceVersion\":tftypes.String, \"selfLink\":tftypes.String, \"uid\":tftypes.String]<\"annotations\":tftypes.Map[tftypes.String]<null>, \"creationTimestamp\":tftypes.String<null>, \"deletionGracePeriodSeconds\":tftypes.Number<null>, \"deletionTimestamp\":tftypes.String<null>, \"finalizers\":tftypes.List[tftypes.String]<null>, \"generateName\":tftypes.String<null>, \"generation\":tftypes.Number<null>, \"labels\":tftypes.Map[tftypes.String]<null>, \"managedFields\":tftypes.Tuple[tftypes.Object[\"apiVersion\":tftypes.String, \"fieldsType\":tftypes.String, \"fieldsV1\":tftypes.DynamicPseudoType, \"manager\":tftypes.String, \"operation\":tftypes.String, \"subresource\":tftypes.String, \"time\":tftypes.String]]<null>, \"name\":tftypes.String<\"prometheus-server\">, \"namespace\":tftypes.String<\"monitoring\">, \"ownerReferences\":tftypes.List[tftypes.Object[\"apiVersion\":tftypes.String, \"blockOwnerDeletion\":tftypes.Bool, \"controller\":tftypes.Bool, \"kind\":tftypes.String, \"name\":tftypes.String, \"uid\":tftypes.String]]<null>, \"resourceVersion\":tftypes.String<null>, \"selfLink\":tftypes.String<null>, \"uid\":tftypes.String<null>>, \"spec\":tftypes.Object[\"allocateLoadBalancerNodePorts\":tftypes.Bool, \"clusterIP\":tftypes.String, \"clusterIPs\":tftypes.List[tftypes.String], \"externalIPs\":tftypes.List[tftypes.String], \"externalName\":tftypes.String, \"externalTrafficPolicy\":tftypes.String, \"healthCheckNodePort\":tftypes.Number, \"internalTrafficPolicy\":tftypes.String, \"ipFamilies\":tftypes.List[tftypes.String], \"ipFamilyPolicy\":tftypes.String, \"loadBalancerClass\":tftypes.String, \"loadBalancerIP\":tftypes.String, \"loadBalancerSourceRanges\":tftypes.List[tftypes.String], \"ports\":tftypes.List[tftypes.Object[\"appProtocol\":tftypes.String, \"name\":tftypes.String, \"nodePort\":tftypes.Number, \"port\":tftypes.Number, \"protocol\":tftypes.String, \"targetPort\":tftypes.String]], \"publishNotReadyAddresses\":tftypes.Bool, \"selector\":tftypes.Map[tftypes.String], \"sessionAffinity\":tftypes.String, \"sessionAffinityConfig\":tftypes.Object[\"clientIP\":tftypes.Object[\"timeoutSeconds\":tftypes.Number]], \"trafficDistribution\":tftypes.String, \"type\":tftypes.String]<\"allocateLoadBalancerNodePorts\":tftypes.Bool<\"true\">, \"clusterIP\":tftypes.String<\"10.109.87.174\">, \"clusterIPs\":tftypes.List[tftypes.String]<tftypes.String<\"10.109.87.174\">>, \"externalIPs\":tftypes.List[tftypes.String]<null>, \"externalName\":tftypes.String<null>, \"externalTrafficPolicy\":tftypes.String<\"Cluster\">, \"healthCheckNodePort\":tftypes.Number<null>, \"internalTrafficPolicy\":tftypes.String<\"Cluster\">, \"ipFamilies\":tftypes.List[tftypes.String]<tftypes.String<\"IPv4\">>, \"ipFamilyPolicy\":tftypes.String<\"SingleStack\">, \"loadBalancerClass\":tftypes.String<null>, \"loadBalancerIP\":tftypes.String<null>, \"loadBalancerSourceRanges\":tftypes.List[tftypes.String]<null>, \"ports\":tftypes.List[tftypes.Object[\"appProtocol\":tftypes.String, \"name\":tftypes.String, \"nodePort\":tftypes.Number, \"port\":tftypes.Number, \"protocol\":tftypes.String, \"targetPort\":tftypes.String]]<tftypes.Object[\"appProtocol\":tftypes.String, \"name\":tftypes.String, \"nodePort\":tftypes.Number, \"port\":tftypes.Number, \"protocol\":tftypes.String, \"targetPort\":tftypes.String]<\"appProtocol\":tftypes.String<null>, \"name\":tftypes.String<null>, \"nodePort\":tftypes.Number<\"32426\">, \"port\":tftypes.Number<\"9090\">, \"protocol\":tftypes.String<\"TCP\">, \"targetPort\":tftypes.String<\"9090\">>>, \"publishNotReadyAddresses\":tftypes.Bool<null>, \"selector\":tftypes.Map[tftypes.String]<\"app\":tftypes.String<\"prometheus\">>, \"sessionAffinity\":tftypes.String<\"None\">, \"sessionAffinityConfig\":tftypes.Object[\"clientIP\":tftypes.Object[\"timeoutSeconds\":tftypes.Number]]<\"clientIP\":tftypes.Object[\"timeoutSeconds\":tftypes.Number]<\"timeoutSeconds\":tftypes.Number<null>>>, \"trafficDistribution\":tftypes.String<null>, \"type\":tftypes.String<\"LoadBalancer\">>>"
2025-11-16T16:21:38.145Z [DEBUG] skipping FixUpBlockAttrs
2025-11-16T16:21:38.153Z [DEBUG] skipping FixUpBlockAttrs
2025-11-16T16:21:38.163Z [DEBUG] provider.terraform-provider-kubernetes_v2.38.0_x5: 2025-11-16T16:21:38.163Z [DEBUG] [PlanUpdateResource]: OAPI type="tftypes.Object[\"apiVersion\":tftypes.String, \"kind\":tftypes.String, \"metadata\":tftypes.Object[\"annotations\":tftypes.Map[tftypes.String], \"creationTimestamp\":tftypes.String, \"deletionGracePeriodSeconds\":tftypes.Number, \"deletionTimestamp\":tftypes.String, \"finalizers\":tftypes.List[tftypes.String], \"generateName\":tftypes.String, \"generation\":tftypes.Number, \"labels\":tftypes.Map[tftypes.String], \"managedFields\":tftypes.Tuple[tftypes.Object[\"apiVersion\":tftypes.String, \"fieldsType\":tftypes.String, \"fieldsV1\":tftypes.DynamicPseudoType, \"manager\":tftypes.String, \"operation\":tftypes.String, \"subresource\":tftypes.String, \"time\":tftypes.String]], \"name\":tftypes.String, \"namespace\":tftypes.String, \"ownerReferences\":tftypes.List[tftypes.Object[\"apiVersion\":tftypes.String, \"blockOwnerDeletion\":tftypes.Bool, \"controller\":tftypes.Bool, \"kind\":tftypes.String, \"name\":tftypes.String, \"uid\":tftypes.String]], \"resourceVersion\":tftypes.String, \"selfLink\":tftypes.String, \"uid\":tftypes.String], \"spec\":tftypes.Object[\"allocateLoadBalancerNodePorts\":tftypes.Bool, \"clusterIP\":tftypes.String, \"clusterIPs\":tftypes.List[tftypes.String], \"externalIPs\":tftypes.List[tftypes.String], \"externalName\":tftypes.String, \"externalTrafficPolicy\":tftypes.String, \"healthCheckNodePort\":tftypes.Number, \"internalTrafficPolicy\":tftypes.String, \"ipFamilies\":tftypes.List[tftypes.String], \"ipFamilyPolicy\":tftypes.String, \"loadBalancerClass\":tftypes.String, \"loadBalancerIP\":tftypes.String, \"loadBalancerSourceRanges\":tftypes.List[tftypes.String], \"ports\":tftypes.List[tftypes.Object[\"appProtocol\":tftypes.String, \"name\":tftypes.String, \"nodePort\":tftypes.Number, \"port\":tftypes.Number, \"protocol\":tftypes.String, \"targetPort\":tftypes.String]], \"publishNotReadyAddresses\":tftypes.Bool, \"selector\":tftypes.Map[tftypes.String], \"sessionAffinity\":tftypes.String, \"sessionAffinityConfig\":tftypes.Object[\"clientIP\":tftypes.Object[\"timeoutSeconds\":tftypes.Number]], \"trafficDistribution\":tftypes.String, \"type\":tftypes.String]]"
2025-11-16T16:21:38.163Z [DEBUG] provider.terraform-provider-kubernetes_v2.38.0_x5: 2025-11-16T16:21:38.163Z [DEBUG] [PlanResourceChange]: morphed manifest="tftypes.Object[\"apiVersion\":tftypes.String, \"kind\":tftypes.String, \"metadata\":tftypes.Object[\"annotations\":tftypes.Map[tftypes.String], \"creationTimestamp\":tftypes.String, \"deletionGracePeriodSeconds\":tftypes.Number, \"deletionTimestamp\":tftypes.String, \"finalizers\":tftypes.List[tftypes.String], \"generateName\":tftypes.String, \"generation\":tftypes.Number, \"labels\":tftypes.Map[tftypes.String], \"managedFields\":tftypes.Tuple[tftypes.Object[\"apiVersion\":tftypes.String, \"fieldsType\":tftypes.String, \"fieldsV1\":tftypes.DynamicPseudoType, \"manager\":tftypes.String, \"operation\":tftypes.String, \"subresource\":tftypes.String, \"time\":tftypes.String]], \"name\":tftypes.String, \"namespace\":tftypes.String, \"ownerReferences\":tftypes.List[tftypes.Object[\"apiVersion\":tftypes.String, \"blockOwnerDeletion\":tftypes.Bool, \"controller\":tftypes.Bool, \"kind\":tftypes.String, \"name\":tftypes.String, \"uid\":tftypes.String]], \"resourceVersion\":tftypes.String, \"selfLink\":tftypes.String, \"uid\":tftypes.String], \"spec\":tftypes.Object[\"allocateLoadBalancerNodePorts\":tftypes.Bool, \"clusterIP\":tftypes.String, \"clusterIPs\":tftypes.List[tftypes.String], \"externalIPs\":tftypes.List[tftypes.String], \"externalName\":tftypes.String, \"externalTrafficPolicy\":tftypes.String, \"healthCheckNodePort\":tftypes.Number, \"internalTrafficPolicy\":tftypes.String, \"ipFamilies\":tftypes.List[tftypes.String], \"ipFamilyPolicy\":tftypes.String, \"loadBalancerClass\":tftypes.String, \"loadBalancerIP\":tftypes.String, \"loadBalancerSourceRanges\":tftypes.List[tftypes.String], \"ports\":tftypes.List[tftypes.Object[\"appProtocol\":tftypes.String, \"name\":tftypes.String, \"nodePort\":tftypes.Number, \"port\":tftypes.Number, \"protocol\":tftypes.String, \"targetPort\":tftypes.String]], \"publishNotReadyAddresses\":tftypes.Bool, \"selector\":tftypes.Map[tftypes.String], \"sessionAffinity\":tftypes.String, \"sessionAffinityConfig\":tftypes.Object[\"clientIP\":tftypes.Object[\"timeoutSeconds\":tftypes.Number]], \"trafficDistribution\":tftypes.String, \"type\":tftypes.String]]<\"apiVersion\":tftypes.String<\"v1\">, \"kind\":tftypes.String<\"Service\">, \"metadata\":tftypes.Object[\"annotations\":tftypes.Map[tftypes.String], \"creationTimestamp\":tftypes.String, \"deletionGracePeriodSeconds\":tftypes.Number, \"deletionTimestamp\":tftypes.String, \"finalizers\":tftypes.List[tftypes.String], \"generateName\":tftypes.String, \"generation\":tftypes.Number, \"labels\":tftypes.Map[tftypes.String], \"managedFields\":tftypes.Tuple[tftypes.Object[\"apiVersion\":tftypes.String, \"fieldsType\":tftypes.String, \"fieldsV1\":tftypes.DynamicPseudoType, \"manager\":tftypes.String, \"operation\":tftypes.String, \"subresource\":tftypes.String, \"time\":tftypes.String]], \"name\":tftypes.String, \"namespace\":tftypes.String, \"ownerReferences\":tftypes.List[tftypes.Object[\"apiVersion\":tftypes.String, \"blockOwnerDeletion\":tftypes.Bool, \"controller\":tftypes.Bool, \"kind\":tftypes.String, \"name\":tftypes.String, \"uid\":tftypes.String]], \"resourceVersion\":tftypes.String, \"selfLink\":tftypes.String, \"uid\":tftypes.String]<\"annotations\":tftypes.Map[tftypes.String]<null>, \"creationTimestamp\":tftypes.String<null>, \"deletionGracePeriodSeconds\":tftypes.Number<null>, \"deletionTimestamp\":tftypes.String<null>, \"finalizers\":tftypes.List[tftypes.String]<null>, \"generateName\":tftypes.String<null>, \"generation\":tftypes.Number<null>, \"labels\":tftypes.Map[tftypes.String]<null>, \"managedFields\":tftypes.Tuple[tftypes.Object[\"apiVersion\":tftypes.String, \"fieldsType\":tftypes.String, \"fieldsV1\":tftypes.DynamicPseudoType, \"manager\":tftypes.String, \"operation\":tftypes.String, \"subresource\":tftypes.String, \"time\":tftypes.String]]<null>, \"name\":tftypes.String<\"prometheus-server\">, \"namespace\":tftypes.String<\"monitoring\">, \"ownerReferences\":tftypes.List[tftypes.Object[\"apiVersion\":tftypes.String, \"blockOwnerDeletion\":tftypes.Bool, \"controller\":tftypes.Bool, \"kind\":tftypes.String, \"name\":tftypes.String, \"uid\":tftypes.String]]<null>, \"resourceVersion\":tftypes.String<null>, \"selfLink\":tftypes.String<null>, \"uid\":tftypes.String<null>>, \"spec\":tftypes.Object[\"allocateLoadBalancerNodePorts\":tftypes.Bool, \"clusterIP\":tftypes.String, \"clusterIPs\":tftypes.List[tftypes.String], \"externalIPs\":tftypes.List[tftypes.String], \"externalName\":tftypes.String, \"externalTrafficPolicy\":tftypes.String, \"healthCheckNodePort\":tftypes.Number, \"internalTrafficPolicy\":tftypes.String, \"ipFamilies\":tftypes.List[tftypes.String], \"ipFamilyPolicy\":tftypes.String, \"loadBalancerClass\":tftypes.String, \"loadBalancerIP\":tftypes.String, \"loadBalancerSourceRanges\":tftypes.List[tftypes.String], \"ports\":tftypes.List[tftypes.Object[\"appProtocol\":tftypes.String, \"name\":tftypes.String, \"nodePort\":tftypes.Number, \"port\":tftypes.Number, \"protocol\":tftypes.String, \"targetPort\":tftypes.String]], \"publishNotReadyAddresses\":tftypes.Bool, \"selector\":tftypes.Map[tftypes.String], \"sessionAffinity\":tftypes.String, \"sessionAffinityConfig\":tftypes.Object[\"clientIP\":tftypes.Object[\"timeoutSeconds\":tftypes.Number]], \"trafficDistribution\":tftypes.String, \"type\":tftypes.String]<\"allocateLoadBalancerNodePorts\":tftypes.Bool<null>, \"clusterIP\":tftypes.String<null>, \"clusterIPs\":tftypes.List[tftypes.String]<null>, \"externalIPs\":tftypes.List[tftypes.String]<null>, \"externalName\":tftypes.String<null>, \"externalTrafficPolicy\":tftypes.String<null>, \"healthCheckNodePort\":tftypes.Number<null>, \"internalTrafficPolicy\":tftypes.String<null>, \"ipFamilies\":tftypes.List[tftypes.String]<null>, \"ipFamilyPolicy\":tftypes.String<null>, \"loadBalancerClass\":tftypes.String<null>, \"loadBalancerIP\":tftypes.String<null>, \"loadBalancerSourceRanges\":tftypes.List[tftypes.String]<null>, \"ports\":tftypes.List[tftypes.Object[\"appProtocol\":tftypes.String, \"name\":tftypes.String, \"nodePort\":tftypes.Number, \"port\":tftypes.Number, \"protocol\":tftypes.String, \"targetPort\":tftypes.String]]<tftypes.Object[\"appProtocol\":tftypes.String, \"name\":tftypes.String, \"nodePort\":tftypes.Number, \"port\":tftypes.Number, \"protocol\":tftypes.String, \"targetPort\":tftypes.String]<\"appProtocol\":tftypes.String<null>, \"name\":tftypes.String<null>, \"nodePort\":tftypes.Number<null>, \"port\":tftypes.Number<\"9090\">, \"protocol\":tftypes.String<\"TCP\">, \"targetPort\":tftypes.String<\"9090\">>>, \"publishNotReadyAddresses\":tftypes.Bool<null>, \"selector\":tftypes.Map[tftypes.String]<\"app\":tftypes.String<\"prometheus\">>, \"sessionAffinity\":tftypes.String<null>, \"sessionAffinityConfig\":tftypes.Object[\"clientIP\":tftypes.Object[\"timeoutSeconds\":tftypes.Number]]<null>, \"trafficDistribution\":tftypes.String<null>, \"type\":tftypes.String<\"LoadBalancer\">>>"
2025-11-16T16:21:38.163Z [DEBUG] provider.terraform-provider-kubernetes_v2.38.0_x5: 2025-11-16T16:21:38.163Z [DEBUG] [PlanResourceChange]: backfilled manifest="tftypes.Object[\"apiVersion\":tftypes.String, \"kind\":tftypes.String, \"metadata\":tftypes.Object[\"annotations\":tftypes.Map[tftypes.String], \"creationTimestamp\":tftypes.String, \"deletionGracePeriodSeconds\":tftypes.Number, \"deletionTimestamp\":tftypes.String, \"finalizers\":tftypes.List[tftypes.String], \"generateName\":tftypes.String, \"generation\":tftypes.Number, \"labels\":tftypes.Map[tftypes.String], \"managedFields\":tftypes.Tuple[tftypes.Object[\"apiVersion\":tftypes.String, \"fieldsType\":tftypes.String, \"fieldsV1\":tftypes.DynamicPseudoType, \"manager\":tftypes.String, \"operation\":tftypes.String, \"subresource\":tftypes.String, \"time\":tftypes.String]], \"name\":tftypes.String, \"namespace\":tftypes.String, \"ownerReferences\":tftypes.List[tftypes.Object[\"apiVersion\":tftypes.String, \"blockOwnerDeletion\":tftypes.Bool, \"controller\":tftypes.Bool, \"kind\":tftypes.String, \"name\":tftypes.String, \"uid\":tftypes.String]], \"resourceVersion\":tftypes.String, \"selfLink\":tftypes.String, \"uid\":tftypes.String], \"spec\":tftypes.Object[\"allocateLoadBalancerNodePorts\":tftypes.Bool, \"clusterIP\":tftypes.String, \"clusterIPs\":tftypes.List[tftypes.String], \"externalIPs\":tftypes.List[tftypes.String], \"externalName\":tftypes.String, \"externalTrafficPolicy\":tftypes.String, \"healthCheckNodePort\":tftypes.Number, \"internalTrafficPolicy\":tftypes.String, \"ipFamilies\":tftypes.List[tftypes.String], \"ipFamilyPolicy\":tftypes.String, \"loadBalancerClass\":tftypes.String, \"loadBalancerIP\":tftypes.String, \"loadBalancerSourceRanges\":tftypes.List[tftypes.String], \"ports\":tftypes.List[tftypes.Object[\"appProtocol\":tftypes.String, \"name\":tftypes.String, \"nodePort\":tftypes.Number, \"port\":tftypes.Number, \"protocol\":tftypes.String, \"targetPort\":tftypes.String]], \"publishNotReadyAddresses\":tftypes.Bool, \"selector\":tftypes.Map[tftypes.String], \"sessionAffinity\":tftypes.String, \"sessionAffinityConfig\":tftypes.Object[\"clientIP\":tftypes.Object[\"timeoutSeconds\":tftypes.Number]], \"trafficDistribution\":tftypes.String, \"type\":tftypes.String]]<\"apiVersion\":tftypes.String<\"v1\">, \"kind\":tftypes.String<\"Service\">, \"metadata\":tftypes.Object[\"annotations\":tftypes.Map[tftypes.String], \"creationTimestamp\":tftypes.String, \"deletionGracePeriodSeconds\":tftypes.Number, \"deletionTimestamp\":tftypes.String, \"finalizers\":tftypes.List[tftypes.String], \"generateName\":tftypes.String, \"generation\":tftypes.Number, \"labels\":tftypes.Map[tftypes.String], \"managedFields\":tftypes.Tuple[tftypes.Object[\"apiVersion\":tftypes.String, \"fieldsType\":tftypes.String, \"fieldsV1\":tftypes.DynamicPseudoType, \"manager\":tftypes.String, \"operation\":tftypes.String, \"subresource\":tftypes.String, \"time\":tftypes.String]], \"name\":tftypes.String, \"namespace\":tftypes.String, \"ownerReferences\":tftypes.List[tftypes.Object[\"apiVersion\":tftypes.String, \"blockOwnerDeletion\":tftypes.Bool, \"controller\":tftypes.Bool, \"kind\":tftypes.String, \"name\":tftypes.String, \"uid\":tftypes.String]], \"resourceVersion\":tftypes.String, \"selfLink\":tftypes.String, \"uid\":tftypes.String]<\"annotations\":tftypes.Map[tftypes.String]<unknown>, \"creationTimestamp\":tftypes.String<unknown>, \"deletionGracePeriodSeconds\":tftypes.Number<unknown>, \"deletionTimestamp\":tftypes.String<unknown>, \"finalizers\":tftypes.List[tftypes.String]<unknown>, \"generateName\":tftypes.String<unknown>, \"generation\":tftypes.Number<unknown>, \"labels\":tftypes.Map[tftypes.String]<unknown>, \"managedFields\":tftypes.Tuple[tftypes.Object[\"apiVersion\":tftypes.String, \"fieldsType\":tftypes.String, \"fieldsV1\":tftypes.DynamicPseudoType, \"manager\":tftypes.String, \"operation\":tftypes.String, \"subresource\":tftypes.String, \"time\":tftypes.String]]<unknown>, \"name\":tftypes.String<\"prometheus-server\">, \"namespace\":tftypes.String<\"monitoring\">, \"ownerReferences\":tftypes.List[tftypes.Object[\"apiVersion\":tftypes.String, \"blockOwnerDeletion\":tftypes.Bool, \"controller\":tftypes.Bool, \"kind\":tftypes.String, \"name\":tftypes.String, \"uid\":tftypes.String]]<unknown>, \"resourceVersion\":tftypes.String<unknown>, \"selfLink\":tftypes.String<unknown>, \"uid\":tftypes.String<unknown>>, \"spec\":tftypes.Object[\"allocateLoadBalancerNodePorts\":tftypes.Bool, \"clusterIP\":tftypes.String, \"clusterIPs\":tftypes.List[tftypes.String], \"externalIPs\":tftypes.List[tftypes.String], \"externalName\":tftypes.String, \"externalTrafficPolicy\":tftypes.String, \"healthCheckNodePort\":tftypes.Number, \"internalTrafficPolicy\":tftypes.String, \"ipFamilies\":tftypes.List[tftypes.String], \"ipFamilyPolicy\":tftypes.String, \"loadBalancerClass\":tftypes.String, \"loadBalancerIP\":tftypes.String, \"loadBalancerSourceRanges\":tftypes.List[tftypes.String], \"ports\":tftypes.List[tftypes.Object[\"appProtocol\":tftypes.String, \"name\":tftypes.String, \"nodePort\":tftypes.Number, \"port\":tftypes.Number, \"protocol\":tftypes.String, \"targetPort\":tftypes.String]], \"publishNotReadyAddresses\":tftypes.Bool, \"selector\":tftypes.Map[tftypes.String], \"sessionAffinity\":tftypes.String, \"sessionAffinityConfig\":tftypes.Object[\"clientIP\":tftypes.Object[\"timeoutSeconds\":tftypes.Number]], \"trafficDistribution\":tftypes.String, \"type\":tftypes.String]<\"allocateLoadBalancerNodePorts\":tftypes.Bool<unknown>, \"clusterIP\":tftypes.String<unknown>, \"clusterIPs\":tftypes.List[tftypes.String]<unknown>, \"externalIPs\":tftypes.List[tftypes.String]<unknown>, \"externalName\":tftypes.String<unknown>, \"externalTrafficPolicy\":tftypes.String<unknown>, \"healthCheckNodePort\":tftypes.Number<unknown>, \"internalTrafficPolicy\":tftypes.String<unknown>, \"ipFamilies\":tftypes.List[tftypes.String]<unknown>, \"ipFamilyPolicy\":tftypes.String<unknown>, \"loadBalancerClass\":tftypes.String<unknown>, \"loadBalancerIP\":tftypes.String<unknown>, \"loadBalancerSourceRanges\":tftypes.List[tftypes.String]<unknown>, \"ports\":tftypes.List[tftypes.Object[\"appProtocol\":tftypes.String, \"name\":tftypes.String, \"nodePort\":tftypes.Number, \"port\":tftypes.Number, \"protocol\":tftypes.String, \"targetPort\":tftypes.String]]<tftypes.Object[\"appProtocol\":tftypes.String, \"name\":tftypes.String, \"nodePort\":tftypes.Number, \"port\":tftypes.Number, \"protocol\":tftypes.String, \"targetPort\":tftypes.String]<\"appProtocol\":tftypes.String<unknown>, \"name\":tftypes.String<unknown>, \"nodePort\":tftypes.Number<unknown>, \"port\":tftypes.Number<\"9090\">, \"protocol\":tftypes.String<\"TCP\">, \"targetPort\":tftypes.String<\"9090\">>>, \"publishNotReadyAddresses\":tftypes.Bool<unknown>, \"selector\":tftypes.Map[tftypes.String]<\"app\":tftypes.String<\"prometheus\">>, \"sessionAffinity\":tftypes.String<unknown>, \"sessionAffinityConfig\":tftypes.Object[\"clientIP\":tftypes.Object[\"timeoutSeconds\":tftypes.Number]]<\"clientIP\":tftypes.Object[\"timeoutSeconds\":tftypes.Number]<\"timeoutSeconds\":tftypes.Number<unknown>>>, \"trafficDistribution\":tftypes.String<unknown>, \"type\":tftypes.String<\"LoadBalancer\">>>"
2025-11-16T16:21:38.168Z [DEBUG] provider.terraform-provider-kubernetes_v2.38.0_x5: 2025-11-16T16:21:38.168Z [DEBUG] [PlanUpdateResource]: OAPI type="tftypes.Object[\"apiVersion\":tftypes.String, \"kind\":tftypes.String, \"metadata\":tftypes.Object[\"annotations\":tftypes.Map[tftypes.String], \"creationTimestamp\":tftypes.String, \"deletionGracePeriodSeconds\":tftypes.Number, \"deletionTimestamp\":tftypes.String, \"finalizers\":tftypes.List[tftypes.String], \"generateName\":tftypes.String, \"generation\":tftypes.Number, \"labels\":tftypes.Map[tftypes.String], \"managedFields\":tftypes.Tuple[tftypes.Object[\"apiVersion\":tftypes.String, \"fieldsType\":tftypes.String, \"fieldsV1\":tftypes.DynamicPseudoType, \"manager\":tftypes.String, \"operation\":tftypes.String, \"subresource\":tftypes.String, \"time\":tftypes.String]], \"name\":tftypes.String, \"namespace\":tftypes.String, \"ownerReferences\":tftypes.List[tftypes.Object[\"apiVersion\":tftypes.String, \"blockOwnerDeletion\":tftypes.Bool, \"controller\":tftypes.Bool, \"kind\":tftypes.String, \"name\":tftypes.String, \"uid\":tftypes.String]], \"resourceVersion\":tftypes.String, \"selfLink\":tftypes.String, \"uid\":tftypes.String], \"spec\":tftypes.Object[\"allocateLoadBalancerNodePorts\":tftypes.Bool, \"clusterIP\":tftypes.String, \"clusterIPs\":tftypes.List[tftypes.String], \"externalIPs\":tftypes.List[tftypes.String], \"externalName\":tftypes.String, \"externalTrafficPolicy\":tftypes.String, \"healthCheckNodePort\":tftypes.Number, \"internalTrafficPolicy\":tftypes.String, \"ipFamilies\":tftypes.List[tftypes.String], \"ipFamilyPolicy\":tftypes.String, \"loadBalancerClass\":tftypes.String, \"loadBalancerIP\":tftypes.String, \"loadBalancerSourceRanges\":tftypes.List[tftypes.String], \"ports\":tftypes.List[tftypes.Object[\"appProtocol\":tftypes.String, \"name\":tftypes.String, \"nodePort\":tftypes.Number, \"port\":tftypes.Number, \"protocol\":tftypes.String, \"targetPort\":tftypes.String]], \"publishNotReadyAddresses\":tftypes.Bool, \"selector\":tftypes.Map[tftypes.String], \"sessionAffinity\":tftypes.String, \"sessionAffinityConfig\":tftypes.Object[\"clientIP\":tftypes.Object[\"timeoutSeconds\":tftypes.Number]], \"trafficDistribution\":tftypes.String, \"type\":tftypes.String]]"
2025-11-16T16:21:38.169Z [DEBUG] provider.terraform-provider-kubernetes_v2.38.0_x5: 2025-11-16T16:21:38.168Z [DEBUG] [PlanResourceChange]: morphed manifest="tftypes.Object[\"apiVersion\":tftypes.String, \"kind\":tftypes.String, \"metadata\":tftypes.Object[\"annotations\":tftypes.Map[tftypes.String], \"creationTimestamp\":tftypes.String, \"deletionGracePeriodSeconds\":tftypes.Number, \"deletionTimestamp\":tftypes.String, \"finalizers\":tftypes.List[tftypes.String], \"generateName\":tftypes.String, \"generation\":tftypes.Number, \"labels\":tftypes.Map[tftypes.String], \"managedFields\":tftypes.Tuple[tftypes.Object[\"apiVersion\":tftypes.String, \"fieldsType\":tftypes.String, \"fieldsV1\":tftypes.DynamicPseudoType, \"manager\":tftypes.String, \"operation\":tftypes.String, \"subresource\":tftypes.String, \"time\":tftypes.String]], \"name\":tftypes.String, \"namespace\":tftypes.String, \"ownerReferences\":tftypes.List[tftypes.Object[\"apiVersion\":tftypes.String, \"blockOwnerDeletion\":tftypes.Bool, \"controller\":tftypes.Bool, \"kind\":tftypes.String, \"name\":tftypes.String, \"uid\":tftypes.String]], \"resourceVersion\":tftypes.String, \"selfLink\":tftypes.String, \"uid\":tftypes.String], \"spec\":tftypes.Object[\"allocateLoadBalancerNodePorts\":tftypes.Bool, \"clusterIP\":tftypes.String, \"clusterIPs\":tftypes.List[tftypes.String], \"externalIPs\":tftypes.List[tftypes.String], \"externalName\":tftypes.String, \"externalTrafficPolicy\":tftypes.String, \"healthCheckNodePort\":tftypes.Number, \"internalTrafficPolicy\":tftypes.String, \"ipFamilies\":tftypes.List[tftypes.String], \"ipFamilyPolicy\":tftypes.String, \"loadBalancerClass\":tftypes.String, \"loadBalancerIP\":tftypes.String, \"loadBalancerSourceRanges\":tftypes.List[tftypes.String], \"ports\":tftypes.List[tftypes.Object[\"appProtocol\":tftypes.String, \"name\":tftypes.String, \"nodePort\":tftypes.Number, \"port\":tftypes.Number, \"protocol\":tftypes.String, \"targetPort\":tftypes.String]], \"publishNotReadyAddresses\":tftypes.Bool, \"selector\":tftypes.Map[tftypes.String], \"sessionAffinity\":tftypes.String, \"sessionAffinityConfig\":tftypes.Object[\"clientIP\":tftypes.Object[\"timeoutSeconds\":tftypes.Number]], \"trafficDistribution\":tftypes.String, \"type\":tftypes.String]]<\"apiVersion\":tftypes.String<\"v1\">, \"kind\":tftypes.String<\"Service\">, \"metadata\":tftypes.Object[\"annotations\":tftypes.Map[tftypes.String], \"creationTimestamp\":tftypes.String, \"deletionGracePeriodSeconds\":tftypes.Number, \"deletionTimestamp\":tftypes.String, \"finalizers\":tftypes.List[tftypes.String], \"generateName\":tftypes.String, \"generation\":tftypes.Number, \"labels\":tftypes.Map[tftypes.String], \"managedFields\":tftypes.Tuple[tftypes.Object[\"apiVersion\":tftypes.String, \"fieldsType\":tftypes.String, \"fieldsV1\":tftypes.DynamicPseudoType, \"manager\":tftypes.String, \"operation\":tftypes.String, \"subresource\":tftypes.String, \"time\":tftypes.String]], \"name\":tftypes.String, \"namespace\":tftypes.String, \"ownerReferences\":tftypes.List[tftypes.Object[\"apiVersion\":tftypes.String, \"blockOwnerDeletion\":tftypes.Bool, \"controller\":tftypes.Bool, \"kind\":tftypes.String, \"name\":tftypes.String, \"uid\":tftypes.String]], \"resourceVersion\":tftypes.String, \"selfLink\":tftypes.String, \"uid\":tftypes.String]<\"annotations\":tftypes.Map[tftypes.String]<null>, \"creationTimestamp\":tftypes.String<null>, \"deletionGracePeriodSeconds\":tftypes.Number<null>, \"deletionTimestamp\":tftypes.String<null>, \"finalizers\":tftypes.List[tftypes.String]<null>, \"generateName\":tftypes.String<null>, \"generation\":tftypes.Number<null>, \"labels\":tftypes.Map[tftypes.String]<null>, \"managedFields\":tftypes.Tuple[tftypes.Object[\"apiVersion\":tftypes.String, \"fieldsType\":tftypes.String, \"fieldsV1\":tftypes.DynamicPseudoType, \"manager\":tftypes.String, \"operation\":tftypes.String, \"subresource\":tftypes.String, \"time\":tftypes.String]]<null>, \"name\":tftypes.String<\"grafana\">, \"namespace\":tftypes.String<\"monitoring\">, \"ownerReferences\":tftypes.List[tftypes.Object[\"apiVersion\":tftypes.String, \"blockOwnerDeletion\":tftypes.Bool, \"controller\":tftypes.Bool, \"kind\":tftypes.String, \"name\":tftypes.String, \"uid\":tftypes.String]]<null>, \"resourceVersion\":tftypes.String<null>, \"selfLink\":tftypes.String<null>, \"uid\":tftypes.String<null>>, \"spec\":tftypes.Object[\"allocateLoadBalancerNodePorts\":tftypes.Bool, \"clusterIP\":tftypes.String, \"clusterIPs\":tftypes.List[tftypes.String], \"externalIPs\":tftypes.List[tftypes.String], \"externalName\":tftypes.String, \"externalTrafficPolicy\":tftypes.String, \"healthCheckNodePort\":tftypes.Number, \"internalTrafficPolicy\":tftypes.String, \"ipFamilies\":tftypes.List[tftypes.String], \"ipFamilyPolicy\":tftypes.String, \"loadBalancerClass\":tftypes.String, \"loadBalancerIP\":tftypes.String, \"loadBalancerSourceRanges\":tftypes.List[tftypes.String], \"ports\":tftypes.List[tftypes.Object[\"appProtocol\":tftypes.String, \"name\":tftypes.String, \"nodePort\":tftypes.Number, \"port\":tftypes.Number, \"protocol\":tftypes.String, \"targetPort\":tftypes.String]], \"publishNotReadyAddresses\":tftypes.Bool, \"selector\":tftypes.Map[tftypes.String], \"sessionAffinity\":tftypes.String, \"sessionAffinityConfig\":tftypes.Object[\"clientIP\":tftypes.Object[\"timeoutSeconds\":tftypes.Number]], \"trafficDistribution\":tftypes.String, \"type\":tftypes.String]<\"allocateLoadBalancerNodePorts\":tftypes.Bool<null>, \"clusterIP\":tftypes.String<null>, \"clusterIPs\":tftypes.List[tftypes.String]<null>, \"externalIPs\":tftypes.List[tftypes.String]<null>, \"externalName\":tftypes.String<null>, \"externalTrafficPolicy\":tftypes.String<null>, \"healthCheckNodePort\":tftypes.Number<null>, \"internalTrafficPolicy\":tftypes.String<null>, \"ipFamilies\":tftypes.List[tftypes.String]<null>, \"ipFamilyPolicy\":tftypes.String<null>, \"loadBalancerClass\":tftypes.String<null>, \"loadBalancerIP\":tftypes.String<null>, \"loadBalancerSourceRanges\":tftypes.List[tftypes.String]<null>, \"ports\":tftypes.List[tftypes.Object[\"appProtocol\":tftypes.String, \"name\":tftypes.String, \"nodePort\":tftypes.Number, \"port\":tftypes.Number, \"protocol\":tftypes.String, \"targetPort\":tftypes.String]]<tftypes.Object[\"appProtocol\":tftypes.String, \"name\":tftypes.String, \"nodePort\":tftypes.Number, \"port\":tftypes.Number, \"protocol\":tftypes.String, \"targetPort\":tftypes.String]<\"appProtocol\":tftypes.String<null>, \"name\":tftypes.String<null>, \"nodePort\":tftypes.Number<null>, \"port\":tftypes.Number<\"80\">, \"protocol\":tftypes.String<\"TCP\">, \"targetPort\":tftypes.String<\"80\">>>, \"publishNotReadyAddresses\":tftypes.Bool<null>, \"selector\":tftypes.Map[tftypes.String]<\"app\":tftypes.String<\"grafana\">>, \"sessionAffinity\":tftypes.String<null>, \"sessionAffinityConfig\":tftypes.Object[\"clientIP\":tftypes.Object[\"timeoutSeconds\":tftypes.Number]]<null>, \"trafficDistribution\":tftypes.String<null>, \"type\":tftypes.String<\"LoadBalancer\">>>"
2025-11-16T16:21:38.169Z [DEBUG] provider.terraform-provider-kubernetes_v2.38.0_x5: 2025-11-16T16:21:38.169Z [DEBUG] [PlanResourceChange]: backfilled manifest="tftypes.Object[\"apiVersion\":tftypes.String, \"kind\":tftypes.String, \"metadata\":tftypes.Object[\"annotations\":tftypes.Map[tftypes.String], \"creationTimestamp\":tftypes.String, \"deletionGracePeriodSeconds\":tftypes.Number, \"deletionTimestamp\":tftypes.String, \"finalizers\":tftypes.List[tftypes.String], \"generateName\":tftypes.String, \"generation\":tftypes.Number, \"labels\":tftypes.Map[tftypes.String], \"managedFields\":tftypes.Tuple[tftypes.Object[\"apiVersion\":tftypes.String, \"fieldsType\":tftypes.String, \"fieldsV1\":tftypes.DynamicPseudoType, \"manager\":tftypes.String, \"operation\":tftypes.String, \"subresource\":tftypes.String, \"time\":tftypes.String]], \"name\":tftypes.String, \"namespace\":tftypes.String, \"ownerReferences\":tftypes.List[tftypes.Object[\"apiVersion\":tftypes.String, \"blockOwnerDeletion\":tftypes.Bool, \"controller\":tftypes.Bool, \"kind\":tftypes.String, \"name\":tftypes.String, \"uid\":tftypes.String]], \"resourceVersion\":tftypes.String, \"selfLink\":tftypes.String, \"uid\":tftypes.String], \"spec\":tftypes.Object[\"allocateLoadBalancerNodePorts\":tftypes.Bool, \"clusterIP\":tftypes.String, \"clusterIPs\":tftypes.List[tftypes.String], \"externalIPs\":tftypes.List[tftypes.String], \"externalName\":tftypes.String, \"externalTrafficPolicy\":tftypes.String, \"healthCheckNodePort\":tftypes.Number, \"internalTrafficPolicy\":tftypes.String, \"ipFamilies\":tftypes.List[tftypes.String], \"ipFamilyPolicy\":tftypes.String, \"loadBalancerClass\":tftypes.String, \"loadBalancerIP\":tftypes.String, \"loadBalancerSourceRanges\":tftypes.List[tftypes.String], \"ports\":tftypes.List[tftypes.Object[\"appProtocol\":tftypes.String, \"name\":tftypes.String, \"nodePort\":tftypes.Number, \"port\":tftypes.Number, \"protocol\":tftypes.String, \"targetPort\":tftypes.String]], \"publishNotReadyAddresses\":tftypes.Bool, \"selector\":tftypes.Map[tftypes.String], \"sessionAffinity\":tftypes.String, \"sessionAffinityConfig\":tftypes.Object[\"clientIP\":tftypes.Object[\"timeoutSeconds\":tftypes.Number]], \"trafficDistribution\":tftypes.String, \"type\":tftypes.String]]<\"apiVersion\":tftypes.String<\"v1\">, \"kind\":tftypes.String<\"Service\">, \"metadata\":tftypes.Object[\"annotations\":tftypes.Map[tftypes.String], \"creationTimestamp\":tftypes.String, \"deletionGracePeriodSeconds\":tftypes.Number, \"deletionTimestamp\":tftypes.String, \"finalizers\":tftypes.List[tftypes.String], \"generateName\":tftypes.String, \"generation\":tftypes.Number, \"labels\":tftypes.Map[tftypes.String], \"managedFields\":tftypes.Tuple[tftypes.Object[\"apiVersion\":tftypes.String, \"fieldsType\":tftypes.String, \"fieldsV1\":tftypes.DynamicPseudoType, \"manager\":tftypes.String, \"operation\":tftypes.String, \"subresource\":tftypes.String, \"time\":tftypes.String]], \"name\":tftypes.String, \"namespace\":tftypes.String, \"ownerReferences\":tftypes.List[tftypes.Object[\"apiVersion\":tftypes.String, \"blockOwnerDeletion\":tftypes.Bool, \"controller\":tftypes.Bool, \"kind\":tftypes.String, \"name\":tftypes.String, \"uid\":tftypes.String]], \"resourceVersion\":tftypes.String, \"selfLink\":tftypes.String, \"uid\":tftypes.String]<\"annotations\":tftypes.Map[tftypes.String]<unknown>, \"creationTimestamp\":tftypes.String<unknown>, \"deletionGracePeriodSeconds\":tftypes.Number<unknown>, \"deletionTimestamp\":tftypes.String<unknown>, \"finalizers\":tftypes.List[tftypes.String]<unknown>, \"generateName\":tftypes.String<unknown>, \"generation\":tftypes.Number<unknown>, \"labels\":tftypes.Map[tftypes.String]<unknown>, \"managedFields\":tftypes.Tuple[tftypes.Object[\"apiVersion\":tftypes.String, \"fieldsType\":tftypes.String, \"fieldsV1\":tftypes.DynamicPseudoType, \"manager\":tftypes.String, \"operation\":tftypes.String, \"subresource\":tftypes.String, \"time\":tftypes.String]]<unknown>, \"name\":tftypes.String<\"grafana\">, \"namespace\":tftypes.String<\"monitoring\">, \"ownerReferences\":tftypes.List[tftypes.Object[\"apiVersion\":tftypes.String, \"blockOwnerDeletion\":tftypes.Bool, \"controller\":tftypes.Bool, \"kind\":tftypes.String, \"name\":tftypes.String, \"uid\":tftypes.String]]<unknown>, \"resourceVersion\":tftypes.String<unknown>, \"selfLink\":tftypes.String<unknown>, \"uid\":tftypes.String<unknown>>, \"spec\":tftypes.Object[\"allocateLoadBalancerNodePorts\":tftypes.Bool, \"clusterIP\":tftypes.String, \"clusterIPs\":tftypes.List[tftypes.String], \"externalIPs\":tftypes.List[tftypes.String], \"externalName\":tftypes.String, \"externalTrafficPolicy\":tftypes.String, \"healthCheckNodePort\":tftypes.Number, \"internalTrafficPolicy\":tftypes.String, \"ipFamilies\":tftypes.List[tftypes.String], \"ipFamilyPolicy\":tftypes.String, \"loadBalancerClass\":tftypes.String, \"loadBalancerIP\":tftypes.String, \"loadBalancerSourceRanges\":tftypes.List[tftypes.String], \"ports\":tftypes.List[tftypes.Object[\"appProtocol\":tftypes.String, \"name\":tftypes.String, \"nodePort\":tftypes.Number, \"port\":tftypes.Number, \"protocol\":tftypes.String, \"targetPort\":tftypes.String]], \"publishNotReadyAddresses\":tftypes.Bool, \"selector\":tftypes.Map[tftypes.String], \"sessionAffinity\":tftypes.String, \"sessionAffinityConfig\":tftypes.Object[\"clientIP\":tftypes.Object[\"timeoutSeconds\":tftypes.Number]], \"trafficDistribution\":tftypes.String, \"type\":tftypes.String]<\"allocateLoadBalancerNodePorts\":tftypes.Bool<unknown>, \"clusterIP\":tftypes.String<unknown>, \"clusterIPs\":tftypes.List[tftypes.String]<unknown>, \"externalIPs\":tftypes.List[tftypes.String]<unknown>, \"externalName\":tftypes.String<unknown>, \"externalTrafficPolicy\":tftypes.String<unknown>, \"healthCheckNodePort\":tftypes.Number<unknown>, \"internalTrafficPolicy\":tftypes.String<unknown>, \"ipFamilies\":tftypes.List[tftypes.String]<unknown>, \"ipFamilyPolicy\":tftypes.String<unknown>, \"loadBalancerClass\":tftypes.String<unknown>, \"loadBalancerIP\":tftypes.String<unknown>, \"loadBalancerSourceRanges\":tftypes.List[tftypes.String]<unknown>, \"ports\":tftypes.List[tftypes.Object[\"appProtocol\":tftypes.String, \"name\":tftypes.String, \"nodePort\":tftypes.Number, \"port\":tftypes.Number, \"protocol\":tftypes.String, \"targetPort\":tftypes.String]]<tftypes.Object[\"appProtocol\":tftypes.String, \"name\":tftypes.String, \"nodePort\":tftypes.Number, \"port\":tftypes.Number, \"protocol\":tftypes.String, \"targetPort\":tftypes.String]<\"appProtocol\":tftypes.String<unknown>, \"name\":tftypes.String<unknown>, \"nodePort\":tftypes.Number<unknown>, \"port\":tftypes.Number<\"80\">, \"protocol\":tftypes.String<\"TCP\">, \"targetPort\":tftypes.String<\"80\">>>, \"publishNotReadyAddresses\":tftypes.Bool<unknown>, \"selector\":tftypes.Map[tftypes.String]<\"app\":tftypes.String<\"grafana\">>, \"sessionAffinity\":tftypes.String<unknown>, \"sessionAffinityConfig\":tftypes.Object[\"clientIP\":tftypes.Object[\"timeoutSeconds\":tftypes.Number]]<\"clientIP\":tftypes.Object[\"timeoutSeconds\":tftypes.Number]<\"timeoutSeconds\":tftypes.Number<unknown>>>, \"trafficDistribution\":tftypes.String<unknown>, \"type\":tftypes.String<\"LoadBalancer\">>>"
2025-11-16T16:21:38.171Z [DEBUG] provider.stdio: received EOF, stopping recv loop: err="rpc error: code = Unavailable desc = error reading from server: EOF"
2025-11-16T16:21:38.182Z [INFO]  provider: plugin process exited: plugin=.terraform/providers/registry.terraform.io/hashicorp/kubernetes/2.38.0/linux_amd64/terraform-provider-kubernetes_v2.38.0_x5 id=173605
2025-11-16T16:21:38.182Z [DEBUG] provider: plugin exited
2025-11-16T16:21:38.664Z [INFO]  provider.terraform-provider-helm_v2.17.0_x5: 2025/11/16 16:21:38 [DEBUG] [resourceDiff: kube-prometheus-stack] Got chart kube-prometheus-stack version 60.3.0: timestamp=2025-11-16T16:21:38.664Z
2025-11-16T16:21:38.664Z [INFO]  provider.terraform-provider-helm_v2.17.0_x5: 2025/11/16 16:21:38 [DEBUG] [resourceDiff: kube-prometheus-stack] Release validated: timestamp=2025-11-16T16:21:38.664Z
2025-11-16T16:21:38.664Z [INFO]  provider.terraform-provider-helm_v2.17.0_x5: 2025/11/16 16:21:38 [DEBUG] [resourceDiff: kube-prometheus-stack] setting version to 60.3.0: timestamp=2025-11-16T16:21:38.664Z
2025-11-16T16:21:38.664Z [INFO]  provider.terraform-provider-helm_v2.17.0_x5: 2025/11/16 16:21:38 [DEBUG] [resourceDiff: kube-prometheus-stack] Done: timestamp=2025-11-16T16:21:38.664Z
2025-11-16T16:21:38.666Z [WARN]  Provider "registry.terraform.io/hashicorp/helm" produced an invalid plan for helm_release.kps, but we are tolerating it because it is using the legacy plugin SDK.
    The following problems may be the cause of any confusing errors from downstream operations:
      - .force_update: planned value cty.False for a non-computed attribute
      - .dependency_update: planned value cty.False for a non-computed attribute
      - .disable_crd_hooks: planned value cty.False for a non-computed attribute
      - .disable_webhooks: planned value cty.False for a non-computed attribute
      - .max_history: planned value cty.NumberIntVal(0) for a non-computed attribute
      - .replace: planned value cty.False for a non-computed attribute
      - .reuse_values: planned value cty.False for a non-computed attribute
      - .timeout: planned value cty.NumberIntVal(300) for a non-computed attribute
      - .pass_credentials: planned value cty.False for a non-computed attribute
      - .lint: planned value cty.False for a non-computed attribute
      - .skip_crds: planned value cty.False for a non-computed attribute
      - .wait_for_jobs: planned value cty.False for a non-computed attribute
      - .recreate_pods: planned value cty.False for a non-computed attribute
      - .render_subchart_notes: planned value cty.True for a non-computed attribute
      - .atomic: planned value cty.False for a non-computed attribute
      - .disable_openapi_validation: planned value cty.False for a non-computed attribute
      - .reset_values: planned value cty.False for a non-computed attribute
      - .wait: planned value cty.True for a non-computed attribute
      - .verify: planned value cty.False for a non-computed attribute
      - .create_namespace: planned value cty.False for a non-computed attribute
2025-11-16T16:21:38.667Z [DEBUG] provider.stdio: received EOF, stopping recv loop: err="rpc error: code = Unavailable desc = error reading from server: EOF"
2025-11-16T16:21:38.675Z [INFO]  provider: plugin process exited: plugin=.terraform/providers/registry.terraform.io/hashicorp/helm/2.17.0/linux_amd64/terraform-provider-helm_v2.17.0_x5 id=173596
2025-11-16T16:21:38.675Z [DEBUG] provider: plugin exited
2025-11-16T16:21:38.679Z [DEBUG] building apply graph to check for errors
2025-11-16T16:21:38.679Z [DEBUG] ProviderTransformer: "kubernetes_manifest.grafana_service (expand)" (*terraform.nodeExpandApplyableResource) needs provider["registry.terraform.io/hashicorp/kubernetes"]
2025-11-16T16:21:38.679Z [DEBUG] ProviderTransformer: "helm_release.kps (expand)" (*terraform.nodeExpandApplyableResource) needs provider["registry.terraform.io/hashicorp/helm"]
2025-11-16T16:21:38.679Z [DEBUG] ProviderTransformer: "helm_release.kps" (*terraform.NodeApplyableResourceInstance) needs provider["registry.terraform.io/hashicorp/helm"]
2025-11-16T16:21:38.679Z [DEBUG] ProviderTransformer: "kubernetes_namespace.monitoring" (*terraform.NodeApplyableResourceInstance) needs provider["registry.terraform.io/hashicorp/kubernetes"]
2025-11-16T16:21:38.679Z [DEBUG] ProviderTransformer: "helm_release.kps (destroy)" (*terraform.NodeDestroyResourceInstance) needs provider["registry.terraform.io/hashicorp/helm"]
2025-11-16T16:21:38.679Z [DEBUG] ProviderTransformer: "kubernetes_namespace.monitoring (expand)" (*terraform.nodeExpandApplyableResource) needs provider["registry.terraform.io/hashicorp/kubernetes"]
2025-11-16T16:21:38.679Z [DEBUG] ProviderTransformer: "kubernetes_manifest.prometheus_service (expand)" (*terraform.nodeExpandApplyableResource) needs provider["registry.terraform.io/hashicorp/kubernetes"]
2025-11-16T16:21:38.680Z [DEBUG] ReferenceTransformer: "output.prometheus_url (expand)" references: []
2025-11-16T16:21:38.680Z [DEBUG] ReferenceTransformer: "kubernetes_namespace.monitoring" references: []
2025-11-16T16:21:38.680Z [DEBUG] ReferenceTransformer: "kubernetes_namespace.monitoring (expand)" references: []
2025-11-16T16:21:38.680Z [DEBUG] ReferenceTransformer: "kubernetes_manifest.prometheus_service (expand)" references: []
2025-11-16T16:21:38.680Z [DEBUG] ReferenceTransformer: "kubernetes_manifest.grafana_service (expand)" references: []
2025-11-16T16:21:38.680Z [DEBUG] ReferenceTransformer: "helm_release.kps (expand)" references: [kubernetes_namespace.monitoring kubernetes_namespace.monitoring kubernetes_namespace.monitoring (expand) kubernetes_namespace.monitoring kubernetes_namespace.monitoring kubernetes_namespace.monitoring (expand)]
2025-11-16T16:21:38.680Z [DEBUG] ReferenceTransformer: "output.grafana_infos (expand)" references: []
2025-11-16T16:21:38.680Z [DEBUG] ReferenceTransformer: "helm_release.kps" references: [kubernetes_namespace.monitoring kubernetes_namespace.monitoring kubernetes_namespace.monitoring (expand) kubernetes_namespace.monitoring kubernetes_namespace.monitoring kubernetes_namespace.monitoring (expand)]
2025-11-16T16:21:38.680Z [DEBUG] ReferenceTransformer: "provider[\"registry.terraform.io/hashicorp/kubernetes\"]" references: []
2025-11-16T16:21:38.680Z [DEBUG] ReferenceTransformer: "provider[\"registry.terraform.io/hashicorp/helm\"]" references: []
2025-11-16T16:21:38.680Z [DEBUG] DestroyEdgeTransformer2: kubernetes_namespace.monitoring has stored dependency of helm_release.kps (destroy)
2025-11-16T16:21:38.680Z [DEBUG] pruneUnusedNodes: kubernetes_manifest.prometheus_service (expand) is no longer needed, removing
2025-11-16T16:21:38.680Z [DEBUG] pruneUnusedNodes: kubernetes_manifest.grafana_service (expand) is no longer needed, removing
2025-11-16T16:21:38.699Z [INFO]  backend/local: apply calling Apply
2025-11-16T16:21:38.699Z [DEBUG] Building and walking apply graph for NormalMode plan
2025-11-16T16:21:38.700Z [DEBUG] ProviderTransformer: "kubernetes_namespace.monitoring (expand)" (*terraform.nodeExpandApplyableResource) needs provider["registry.terraform.io/hashicorp/kubernetes"]
2025-11-16T16:21:38.700Z [DEBUG] ProviderTransformer: "kubernetes_manifest.prometheus_service (expand)" (*terraform.nodeExpandApplyableResource) needs provider["registry.terraform.io/hashicorp/kubernetes"]
2025-11-16T16:21:38.700Z [DEBUG] ProviderTransformer: "kubernetes_manifest.grafana_service (expand)" (*terraform.nodeExpandApplyableResource) needs provider["registry.terraform.io/hashicorp/kubernetes"]
2025-11-16T16:21:38.700Z [DEBUG] ProviderTransformer: "kubernetes_namespace.monitoring" (*terraform.NodeApplyableResourceInstance) needs provider["registry.terraform.io/hashicorp/kubernetes"]
2025-11-16T16:21:38.700Z [DEBUG] ProviderTransformer: "helm_release.kps" (*terraform.NodeApplyableResourceInstance) needs provider["registry.terraform.io/hashicorp/helm"]
2025-11-16T16:21:38.700Z [DEBUG] ProviderTransformer: "helm_release.kps (destroy)" (*terraform.NodeDestroyResourceInstance) needs provider["registry.terraform.io/hashicorp/helm"]
2025-11-16T16:21:38.700Z [DEBUG] ProviderTransformer: "helm_release.kps (expand)" (*terraform.nodeExpandApplyableResource) needs provider["registry.terraform.io/hashicorp/helm"]
2025-11-16T16:21:38.701Z [DEBUG] ReferenceTransformer: "kubernetes_namespace.monitoring (expand)" references: []
2025-11-16T16:21:38.701Z [DEBUG] ReferenceTransformer: "kubernetes_manifest.prometheus_service (expand)" references: []
2025-11-16T16:21:38.701Z [DEBUG] ReferenceTransformer: "kubernetes_manifest.grafana_service (expand)" references: []
2025-11-16T16:21:38.701Z [DEBUG] ReferenceTransformer: "output.grafana_infos (expand)" references: []
2025-11-16T16:21:38.701Z [DEBUG] ReferenceTransformer: "kubernetes_namespace.monitoring" references: []
2025-11-16T16:21:38.701Z [DEBUG] ReferenceTransformer: "helm_release.kps" references: [kubernetes_namespace.monitoring (expand) kubernetes_namespace.monitoring kubernetes_namespace.monitoring kubernetes_namespace.monitoring (expand) kubernetes_namespace.monitoring kubernetes_namespace.monitoring]
2025-11-16T16:21:38.701Z [DEBUG] ReferenceTransformer: "helm_release.kps (expand)" references: [kubernetes_namespace.monitoring (expand) kubernetes_namespace.monitoring kubernetes_namespace.monitoring kubernetes_namespace.monitoring (expand) kubernetes_namespace.monitoring kubernetes_namespace.monitoring]
2025-11-16T16:21:38.701Z [DEBUG] ReferenceTransformer: "output.prometheus_url (expand)" references: []
2025-11-16T16:21:38.701Z [DEBUG] ReferenceTransformer: "provider[\"registry.terraform.io/hashicorp/kubernetes\"]" references: []
2025-11-16T16:21:38.701Z [DEBUG] ReferenceTransformer: "provider[\"registry.terraform.io/hashicorp/helm\"]" references: []
2025-11-16T16:21:38.702Z [DEBUG] DestroyEdgeTransformer2: kubernetes_namespace.monitoring has stored dependency of helm_release.kps (destroy)
2025-11-16T16:21:38.702Z [DEBUG] pruneUnusedNodes: kubernetes_manifest.prometheus_service (expand) is no longer needed, removing
2025-11-16T16:21:38.702Z [DEBUG] pruneUnusedNodes: kubernetes_manifest.grafana_service (expand) is no longer needed, removing
2025-11-16T16:21:38.702Z [DEBUG] Starting graph walk: walkApply
2025-11-16T16:21:38.703Z [DEBUG] created provider logger: level=debug
2025-11-16T16:21:38.703Z [INFO]  provider: configuring client automatic mTLS
2025-11-16T16:21:38.715Z [DEBUG] provider: starting plugin: path=.terraform/providers/registry.terraform.io/hashicorp/helm/2.17.0/linux_amd64/terraform-provider-helm_v2.17.0_x5 args=[".terraform/providers/registry.terraform.io/hashicorp/helm/2.17.0/linux_amd64/terraform-provider-helm_v2.17.0_x5"]
2025-11-16T16:21:38.716Z [DEBUG] provider: plugin started: path=.terraform/providers/registry.terraform.io/hashicorp/helm/2.17.0/linux_amd64/terraform-provider-helm_v2.17.0_x5 pid=173615
2025-11-16T16:21:38.716Z [DEBUG] provider: waiting for RPC address: plugin=.terraform/providers/registry.terraform.io/hashicorp/helm/2.17.0/linux_amd64/terraform-provider-helm_v2.17.0_x5
2025-11-16T16:21:38.751Z [INFO]  provider.terraform-provider-helm_v2.17.0_x5: configuring server automatic mTLS: timestamp=2025-11-16T16:21:38.751Z
2025-11-16T16:21:38.779Z [DEBUG] provider: using plugin: version=5
2025-11-16T16:21:38.779Z [DEBUG] provider.terraform-provider-helm_v2.17.0_x5: plugin address: address=/tmp/plugin4163913544 network=unix timestamp=2025-11-16T16:21:38.779Z
2025-11-16T16:21:38.798Z [DEBUG] created provider logger: level=debug
2025-11-16T16:21:38.798Z [INFO]  provider: configuring client automatic mTLS
2025-11-16T16:21:38.804Z [WARN]  ValidateProviderConfig from "provider[\"registry.terraform.io/hashicorp/helm\"]" changed the config value, but that value is unused
2025-11-16T16:21:38.807Z [DEBUG] provider: starting plugin: path=.terraform/providers/registry.terraform.io/hashicorp/kubernetes/2.38.0/linux_amd64/terraform-provider-kubernetes_v2.38.0_x5 args=[".terraform/providers/registry.terraform.io/hashicorp/kubernetes/2.38.0/linux_amd64/terraform-provider-kubernetes_v2.38.0_x5"]
2025-11-16T16:21:38.807Z [DEBUG] provider: plugin started: path=.terraform/providers/registry.terraform.io/hashicorp/kubernetes/2.38.0/linux_amd64/terraform-provider-kubernetes_v2.38.0_x5 pid=173624
2025-11-16T16:21:38.807Z [DEBUG] provider: waiting for RPC address: plugin=.terraform/providers/registry.terraform.io/hashicorp/kubernetes/2.38.0/linux_amd64/terraform-provider-kubernetes_v2.38.0_x5
2025-11-16T16:21:38.853Z [INFO]  provider.terraform-provider-kubernetes_v2.38.0_x5: configuring server automatic mTLS: timestamp=2025-11-16T16:21:38.853Z
2025-11-16T16:21:38.868Z [DEBUG] provider: using plugin: version=5
2025-11-16T16:21:38.868Z [DEBUG] provider.terraform-provider-kubernetes_v2.38.0_x5: plugin address: address=/tmp/plugin2307313254 network=unix timestamp=2025-11-16T16:21:38.868Z
2025-11-16T16:21:38.886Z [INFO]  provider.terraform-provider-helm_v2.17.0_x5: 2025/11/16 16:21:38 [DEBUG] Experiments enabled: []: timestamp=2025-11-16T16:21:38.886Z
2025-11-16T16:21:38.891Z [INFO]  Starting apply for helm_release.kps
2025-11-16T16:21:38.891Z [DEBUG] helm_release.kps: applying the planned Delete change
2025-11-16T16:21:38.893Z [INFO]  provider.terraform-provider-helm_v2.17.0_x5: 2025/11/16 16:21:38 [DEBUG] [INFO] GetHelmConfiguration start: timestamp=2025-11-16T16:21:38.893Z
2025-11-16T16:21:38.893Z [INFO]  provider.terraform-provider-helm_v2.17.0_x5: 2025/11/16 16:21:38 [DEBUG] Using kubeconfig: /root/.kube/config: timestamp=2025-11-16T16:21:38.893Z
2025-11-16T16:21:38.894Z [INFO]  provider.terraform-provider-helm_v2.17.0_x5: 2025/11/16 16:21:38 [INFO] Successfully initialized kubernetes config: timestamp=2025-11-16T16:21:38.894Z
2025-11-16T16:21:38.894Z [INFO]  provider.terraform-provider-helm_v2.17.0_x5: 2025/11/16 16:21:38 [DEBUG] [INFO] GetHelmConfiguration success: timestamp=2025-11-16T16:21:38.894Z
2025-11-16T16:21:38.904Z [DEBUG] provider.terraform-provider-kubernetes_v2.38.0_x5: 2025/11/16 16:21:38 [DEBUG] Using kubeconfig: /root/.kube/config
2025-11-16T16:21:38.905Z [DEBUG] provider.terraform-provider-kubernetes_v2.38.0_x5: 2025/11/16 16:21:38 [DEBUG] Enabling HTTP requests/responses tracing
2025-11-16T16:21:39.165Z [INFO]  provider.terraform-provider-helm_v2.17.0_x5: 2025/11/16 16:21:39 [DEBUG] uninstall: Deleting kube-prometheus-stack: timestamp=2025-11-16T16:21:39.165Z
2025-11-16T16:21:45.710Z [INFO]  provider.terraform-provider-helm_v2.17.0_x5: 2025/11/16 16:21:45 [DEBUG] uninstall: given cascade value: , defaulting to delete propagation background: timestamp=2025-11-16T16:21:45.710Z
2025-11-16T16:21:45.710Z [INFO]  provider.terraform-provider-helm_v2.17.0_x5: 2025/11/16 16:21:45 [DEBUG] Starting delete for "kube-prometheus-stack-prometheus" Service: timestamp=2025-11-16T16:21:45.710Z
2025-11-16T16:21:45.710Z [INFO]  provider.terraform-provider-helm_v2.17.0_x5: 2025/11/16 16:21:45 [DEBUG] Starting delete for "kube-prometheus-stack-kube-etcd" Service: timestamp=2025-11-16T16:21:45.710Z
2025-11-16T16:21:45.710Z [INFO]  provider.terraform-provider-helm_v2.17.0_x5: 2025/11/16 16:21:45 [DEBUG] Starting delete for "kube-prometheus-stack-kube-scheduler" Service: timestamp=2025-11-16T16:21:45.710Z
2025-11-16T16:21:45.710Z [INFO]  provider.terraform-provider-helm_v2.17.0_x5: 2025/11/16 16:21:45 [DEBUG] Starting delete for "kube-prometheus-stack-operator" Service: timestamp=2025-11-16T16:21:45.710Z
2025-11-16T16:21:45.710Z [INFO]  provider.terraform-provider-helm_v2.17.0_x5: 2025/11/16 16:21:45 [DEBUG] Starting delete for "kube-prometheus-stack-coredns" Service: timestamp=2025-11-16T16:21:45.710Z
2025-11-16T16:21:45.710Z [INFO]  provider.terraform-provider-helm_v2.17.0_x5: 2025/11/16 16:21:45 [DEBUG] Starting delete for "kube-prometheus-stack-grafana" Service: timestamp=2025-11-16T16:21:45.710Z
2025-11-16T16:21:45.710Z [INFO]  provider.terraform-provider-helm_v2.17.0_x5: 2025/11/16 16:21:45 [DEBUG] Starting delete for "kube-prometheus-stack-kube-state-metrics" Service: timestamp=2025-11-16T16:21:45.710Z
2025-11-16T16:21:45.710Z [INFO]  provider.terraform-provider-helm_v2.17.0_x5: 2025/11/16 16:21:45 [DEBUG] Starting delete for "kube-prometheus-stack-prometheus-node-exporter" Service: timestamp=2025-11-16T16:21:45.710Z
2025-11-16T16:21:45.710Z [INFO]  provider.terraform-provider-helm_v2.17.0_x5: 2025/11/16 16:21:45 [DEBUG] Starting delete for "kube-prometheus-stack-kube-proxy" Service: timestamp=2025-11-16T16:21:45.710Z
2025-11-16T16:21:45.711Z [INFO]  provider.terraform-provider-helm_v2.17.0_x5: 2025/11/16 16:21:45 [DEBUG] Starting delete for "kube-prometheus-stack-kube-controller-manager" Service: timestamp=2025-11-16T16:21:45.710Z
2025-11-16T16:21:45.810Z [INFO]  provider.terraform-provider-helm_v2.17.0_x5: 2025/11/16 16:21:45 [DEBUG] Starting delete for "kube-prometheus-stack-operator" Deployment: timestamp=2025-11-16T16:21:45.810Z
2025-11-16T16:21:45.810Z [INFO]  provider.terraform-provider-helm_v2.17.0_x5: 2025/11/16 16:21:45 [DEBUG] Starting delete for "kube-prometheus-stack-grafana" Deployment: timestamp=2025-11-16T16:21:45.810Z
2025-11-16T16:21:45.810Z [INFO]  provider.terraform-provider-helm_v2.17.0_x5: 2025/11/16 16:21:45 [DEBUG] Starting delete for "kube-prometheus-stack-kube-state-metrics" Deployment: timestamp=2025-11-16T16:21:45.810Z
2025-11-16T16:21:45.843Z [INFO]  provider.terraform-provider-helm_v2.17.0_x5: 2025/11/16 16:21:45 [DEBUG] Starting delete for "kube-prometheus-stack-prometheus-node-exporter" DaemonSet: timestamp=2025-11-16T16:21:45.843Z
2025-11-16T16:21:45.879Z [INFO]  provider.terraform-provider-helm_v2.17.0_x5: 2025/11/16 16:21:45 [DEBUG] Starting delete for "kube-prometheus-stack-grafana" RoleBinding: timestamp=2025-11-16T16:21:45.879Z
2025-11-16T16:21:45.918Z [INFO]  provider.terraform-provider-helm_v2.17.0_x5: 2025/11/16 16:21:45 [DEBUG] Starting delete for "kube-prometheus-stack-grafana" Role: timestamp=2025-11-16T16:21:45.918Z
2025-11-16T16:21:45.946Z [INFO]  provider.terraform-provider-helm_v2.17.0_x5: 2025/11/16 16:21:45 [DEBUG] Starting delete for "kube-prometheus-stack-prometheus" ClusterRoleBinding: timestamp=2025-11-16T16:21:45.945Z
2025-11-16T16:21:45.946Z [INFO]  provider.terraform-provider-helm_v2.17.0_x5: 2025/11/16 16:21:45 [DEBUG] Starting delete for "kube-prometheus-stack-operator" ClusterRoleBinding: timestamp=2025-11-16T16:21:45.946Z
2025-11-16T16:21:45.946Z [INFO]  provider.terraform-provider-helm_v2.17.0_x5: 2025/11/16 16:21:45 [DEBUG] Starting delete for "kube-prometheus-stack-grafana-clusterrolebinding" ClusterRoleBinding: timestamp=2025-11-16T16:21:45.946Z
2025-11-16T16:21:45.946Z [INFO]  provider.terraform-provider-helm_v2.17.0_x5: 2025/11/16 16:21:45 [DEBUG] Starting delete for "kube-prometheus-stack-kube-state-metrics" ClusterRoleBinding: timestamp=2025-11-16T16:21:45.946Z
2025-11-16T16:21:45.987Z [INFO]  provider.terraform-provider-helm_v2.17.0_x5: 2025/11/16 16:21:45 [DEBUG] Starting delete for "kube-prometheus-stack-prometheus" ClusterRole: timestamp=2025-11-16T16:21:45.987Z
2025-11-16T16:21:45.987Z [INFO]  provider.terraform-provider-helm_v2.17.0_x5: 2025/11/16 16:21:45 [DEBUG] Starting delete for "kube-prometheus-stack-kube-state-metrics" ClusterRole: timestamp=2025-11-16T16:21:45.987Z
2025-11-16T16:21:45.987Z [INFO]  provider.terraform-provider-helm_v2.17.0_x5: 2025/11/16 16:21:45 [DEBUG] Starting delete for "kube-prometheus-stack-grafana-clusterrole" ClusterRole: timestamp=2025-11-16T16:21:45.987Z
2025-11-16T16:21:45.987Z [INFO]  provider.terraform-provider-helm_v2.17.0_x5: 2025/11/16 16:21:45 [DEBUG] Starting delete for "kube-prometheus-stack-operator" ClusterRole: timestamp=2025-11-16T16:21:45.987Z
2025-11-16T16:21:46.017Z [INFO]  provider.terraform-provider-helm_v2.17.0_x5: 2025/11/16 16:21:46 [DEBUG] Starting delete for "kube-prometheus-stack-k8s-resources-cluster" ConfigMap: timestamp=2025-11-16T16:21:46.017Z
2025-11-16T16:21:46.017Z [INFO]  provider.terraform-provider-helm_v2.17.0_x5: 2025/11/16 16:21:46 [DEBUG] Starting delete for "kube-prometheus-stack-node-rsrc-use" ConfigMap: timestamp=2025-11-16T16:21:46.017Z
2025-11-16T16:21:46.017Z [INFO]  provider.terraform-provider-helm_v2.17.0_x5: 2025/11/16 16:21:46 [DEBUG] Starting delete for "kube-prometheus-stack-scheduler" ConfigMap: timestamp=2025-11-16T16:21:46.017Z
2025-11-16T16:21:46.017Z [INFO]  provider.terraform-provider-helm_v2.17.0_x5: 2025/11/16 16:21:46 [DEBUG] Starting delete for "kube-prometheus-stack-apiserver" ConfigMap: timestamp=2025-11-16T16:21:46.017Z
2025-11-16T16:21:46.017Z [INFO]  provider.terraform-provider-helm_v2.17.0_x5: 2025/11/16 16:21:46 [DEBUG] Starting delete for "kube-prometheus-stack-workload-total" ConfigMap: timestamp=2025-11-16T16:21:46.017Z
2025-11-16T16:21:46.017Z [INFO]  provider.terraform-provider-helm_v2.17.0_x5: 2025/11/16 16:21:46 [DEBUG] Starting delete for "kube-prometheus-stack-grafana-datasource" ConfigMap: timestamp=2025-11-16T16:21:46.017Z
2025-11-16T16:21:46.017Z [INFO]  provider.terraform-provider-helm_v2.17.0_x5: 2025/11/16 16:21:46 [DEBUG] Starting delete for "kube-prometheus-stack-grafana-config-dashboards" ConfigMap: timestamp=2025-11-16T16:21:46.017Z
2025-11-16T16:21:46.017Z [INFO]  provider.terraform-provider-helm_v2.17.0_x5: 2025/11/16 16:21:46 [DEBUG] Starting delete for "kube-prometheus-stack-persistentvolumesusage" ConfigMap: timestamp=2025-11-16T16:21:46.017Z
2025-11-16T16:21:46.017Z [INFO]  provider.terraform-provider-helm_v2.17.0_x5: 2025/11/16 16:21:46 [DEBUG] Starting delete for "kube-prometheus-stack-grafana" ConfigMap: timestamp=2025-11-16T16:21:46.017Z
2025-11-16T16:21:46.017Z [INFO]  provider.terraform-provider-helm_v2.17.0_x5: 2025/11/16 16:21:46 [DEBUG] Starting delete for "kube-prometheus-stack-cluster-total" ConfigMap: timestamp=2025-11-16T16:21:46.017Z
2025-11-16T16:21:46.018Z [INFO]  provider.terraform-provider-helm_v2.17.0_x5: 2025/11/16 16:21:46 [DEBUG] Starting delete for "kube-prometheus-stack-nodes-darwin" ConfigMap: timestamp=2025-11-16T16:21:46.018Z
2025-11-16T16:21:46.018Z [INFO]  provider.terraform-provider-helm_v2.17.0_x5: 2025/11/16 16:21:46 [DEBUG] Starting delete for "kube-prometheus-stack-nodes" ConfigMap: timestamp=2025-11-16T16:21:46.018Z
2025-11-16T16:21:46.018Z [INFO]  provider.terraform-provider-helm_v2.17.0_x5: 2025/11/16 16:21:46 [DEBUG] Starting delete for "kube-prometheus-stack-pod-total" ConfigMap: timestamp=2025-11-16T16:21:46.018Z
2025-11-16T16:21:46.018Z [INFO]  provider.terraform-provider-helm_v2.17.0_x5: 2025/11/16 16:21:46 [DEBUG] Starting delete for "kube-prometheus-stack-prometheus" ConfigMap: timestamp=2025-11-16T16:21:46.018Z
2025-11-16T16:21:46.018Z [INFO]  provider.terraform-provider-helm_v2.17.0_x5: 2025/11/16 16:21:46 [DEBUG] Starting delete for "kube-prometheus-stack-proxy" ConfigMap: timestamp=2025-11-16T16:21:46.018Z
2025-11-16T16:21:46.018Z [INFO]  provider.terraform-provider-helm_v2.17.0_x5: 2025/11/16 16:21:46 [DEBUG] Starting delete for "kube-prometheus-stack-controller-manager" ConfigMap: timestamp=2025-11-16T16:21:46.018Z
2025-11-16T16:21:46.018Z [INFO]  provider.terraform-provider-helm_v2.17.0_x5: 2025/11/16 16:21:46 [DEBUG] Starting delete for "kube-prometheus-stack-etcd" ConfigMap: timestamp=2025-11-16T16:21:46.018Z
2025-11-16T16:21:46.019Z [INFO]  provider.terraform-provider-helm_v2.17.0_x5: 2025/11/16 16:21:46 [DEBUG] Starting delete for "kube-prometheus-stack-grafana-overview" ConfigMap: timestamp=2025-11-16T16:21:46.019Z
2025-11-16T16:21:46.019Z [INFO]  provider.terraform-provider-helm_v2.17.0_x5: 2025/11/16 16:21:46 [DEBUG] Starting delete for "kube-prometheus-stack-k8s-coredns" ConfigMap: timestamp=2025-11-16T16:21:46.019Z
2025-11-16T16:21:46.019Z [INFO]  provider.terraform-provider-helm_v2.17.0_x5: 2025/11/16 16:21:46 [DEBUG] Starting delete for "kube-prometheus-stack-alertmanager-overview" ConfigMap: timestamp=2025-11-16T16:21:46.019Z
2025-11-16T16:21:46.019Z [INFO]  provider.terraform-provider-helm_v2.17.0_x5: 2025/11/16 16:21:46 [DEBUG] Starting delete for "kube-prometheus-stack-k8s-resources-workloads-namespace" ConfigMap: timestamp=2025-11-16T16:21:46.019Z
2025-11-16T16:21:46.019Z [INFO]  provider.terraform-provider-helm_v2.17.0_x5: 2025/11/16 16:21:46 [DEBUG] Starting delete for "kube-prometheus-stack-k8s-resources-multicluster" ConfigMap: timestamp=2025-11-16T16:21:46.019Z
2025-11-16T16:21:46.019Z [INFO]  provider.terraform-provider-helm_v2.17.0_x5: 2025/11/16 16:21:46 [DEBUG] Starting delete for "kube-prometheus-stack-k8s-resources-namespace" ConfigMap: timestamp=2025-11-16T16:21:46.019Z
2025-11-16T16:21:46.019Z [INFO]  provider.terraform-provider-helm_v2.17.0_x5: 2025/11/16 16:21:46 [DEBUG] Starting delete for "kube-prometheus-stack-k8s-resources-node" ConfigMap: timestamp=2025-11-16T16:21:46.019Z
2025-11-16T16:21:46.020Z [INFO]  provider.terraform-provider-helm_v2.17.0_x5: 2025/11/16 16:21:46 [DEBUG] Starting delete for "kube-prometheus-stack-k8s-resources-pod" ConfigMap: timestamp=2025-11-16T16:21:46.019Z
2025-11-16T16:21:46.020Z [INFO]  provider.terraform-provider-helm_v2.17.0_x5: 2025/11/16 16:21:46 [DEBUG] Starting delete for "kube-prometheus-stack-k8s-resources-workload" ConfigMap: timestamp=2025-11-16T16:21:46.020Z
2025-11-16T16:21:46.020Z [INFO]  provider.terraform-provider-helm_v2.17.0_x5: 2025/11/16 16:21:46 [DEBUG] Starting delete for "kube-prometheus-stack-kubelet" ConfigMap: timestamp=2025-11-16T16:21:46.020Z
2025-11-16T16:21:46.020Z [INFO]  provider.terraform-provider-helm_v2.17.0_x5: 2025/11/16 16:21:46 [DEBUG] Starting delete for "kube-prometheus-stack-namespace-by-pod" ConfigMap: timestamp=2025-11-16T16:21:46.020Z
2025-11-16T16:21:46.020Z [INFO]  provider.terraform-provider-helm_v2.17.0_x5: 2025/11/16 16:21:46 [DEBUG] Starting delete for "kube-prometheus-stack-namespace-by-workload" ConfigMap: timestamp=2025-11-16T16:21:46.020Z
2025-11-16T16:21:46.020Z [INFO]  provider.terraform-provider-helm_v2.17.0_x5: 2025/11/16 16:21:46 [DEBUG] Starting delete for "kube-prometheus-stack-node-cluster-rsrc-use" ConfigMap: timestamp=2025-11-16T16:21:46.020Z
2025-11-16T16:21:46.070Z [INFO]  provider.terraform-provider-helm_v2.17.0_x5: 2025/11/16 16:21:46 [DEBUG] Starting delete for "kube-prometheus-stack-grafana" Secret: timestamp=2025-11-16T16:21:46.070Z
2025-11-16T16:21:46.101Z [INFO]  provider.terraform-provider-helm_v2.17.0_x5: 2025/11/16 16:21:46 [DEBUG] Starting delete for "kube-prometheus-stack-prometheus" ServiceAccount: timestamp=2025-11-16T16:21:46.101Z
2025-11-16T16:21:46.101Z [INFO]  provider.terraform-provider-helm_v2.17.0_x5: 2025/11/16 16:21:46 [DEBUG] Starting delete for "kube-prometheus-stack-operator" ServiceAccount: timestamp=2025-11-16T16:21:46.101Z
2025-11-16T16:21:46.101Z [INFO]  provider.terraform-provider-helm_v2.17.0_x5: 2025/11/16 16:21:46 [DEBUG] Starting delete for "kube-prometheus-stack-kube-state-metrics" ServiceAccount: timestamp=2025-11-16T16:21:46.101Z
2025-11-16T16:21:46.101Z [INFO]  provider.terraform-provider-helm_v2.17.0_x5: 2025/11/16 16:21:46 [DEBUG] Starting delete for "kube-prometheus-stack-prometheus-node-exporter" ServiceAccount: timestamp=2025-11-16T16:21:46.101Z
2025-11-16T16:21:46.101Z [INFO]  provider.terraform-provider-helm_v2.17.0_x5: 2025/11/16 16:21:46 [DEBUG] Starting delete for "kube-prometheus-stack-grafana" ServiceAccount: timestamp=2025-11-16T16:21:46.101Z
2025-11-16T16:21:46.132Z [INFO]  provider.terraform-provider-helm_v2.17.0_x5: 2025/11/16 16:21:46 [DEBUG] Starting delete for "kube-prometheus-stack-admission" MutatingWebhookConfiguration: timestamp=2025-11-16T16:21:46.132Z
2025-11-16T16:21:46.160Z [INFO]  provider.terraform-provider-helm_v2.17.0_x5: 2025/11/16 16:21:46 [DEBUG] Starting delete for "kube-prometheus-stack-prometheus" Prometheus: timestamp=2025-11-16T16:21:46.160Z
2025-11-16T16:21:46.191Z [INFO]  provider.terraform-provider-helm_v2.17.0_x5: 2025/11/16 16:21:46 [DEBUG] Starting delete for "kube-prometheus-stack-config-reloaders" PrometheusRule: timestamp=2025-11-16T16:21:46.191Z
2025-11-16T16:21:46.191Z [INFO]  provider.terraform-provider-helm_v2.17.0_x5: 2025/11/16 16:21:46 [DEBUG] Starting delete for "kube-prometheus-stack-k8s.rules.container-cpu-usage-seconds-tot" PrometheusRule: timestamp=2025-11-16T16:21:46.191Z
2025-11-16T16:21:46.191Z [INFO]  provider.terraform-provider-helm_v2.17.0_x5: 2025/11/16 16:21:46 [DEBUG] Starting delete for "kube-prometheus-stack-kubernetes-resources" PrometheusRule: timestamp=2025-11-16T16:21:46.191Z
2025-11-16T16:21:46.191Z [INFO]  provider.terraform-provider-helm_v2.17.0_x5: 2025/11/16 16:21:46 [DEBUG] Starting delete for "kube-prometheus-stack-k8s.rules.container-memory-cache" PrometheusRule: timestamp=2025-11-16T16:21:46.191Z
2025-11-16T16:21:46.191Z [INFO]  provider.terraform-provider-helm_v2.17.0_x5: 2025/11/16 16:21:46 [DEBUG] Starting delete for "kube-prometheus-stack-kubernetes-system-kubelet" PrometheusRule: timestamp=2025-11-16T16:21:46.191Z
2025-11-16T16:21:46.192Z [INFO]  provider.terraform-provider-helm_v2.17.0_x5: 2025/11/16 16:21:46 [DEBUG] Starting delete for "kube-prometheus-stack-kubernetes-system-controller-manager" PrometheusRule: timestamp=2025-11-16T16:21:46.192Z
2025-11-16T16:21:46.192Z [INFO]  provider.terraform-provider-helm_v2.17.0_x5: 2025/11/16 16:21:46 [DEBUG] Starting delete for "kube-prometheus-stack-kubernetes-system-scheduler" PrometheusRule: timestamp=2025-11-16T16:21:46.192Z
2025-11-16T16:21:46.192Z [INFO]  provider.terraform-provider-helm_v2.17.0_x5: 2025/11/16 16:21:46 [DEBUG] Starting delete for "kube-prometheus-stack-node-exporter" PrometheusRule: timestamp=2025-11-16T16:21:46.192Z
2025-11-16T16:21:46.192Z [INFO]  provider.terraform-provider-helm_v2.17.0_x5: 2025/11/16 16:21:46 [DEBUG] Starting delete for "kube-prometheus-stack-k8s.rules.container-memory-rss" PrometheusRule: timestamp=2025-11-16T16:21:46.192Z
2025-11-16T16:21:46.192Z [INFO]  provider.terraform-provider-helm_v2.17.0_x5: 2025/11/16 16:21:46 [DEBUG] Starting delete for "kube-prometheus-stack-kubernetes-system" PrometheusRule: timestamp=2025-11-16T16:21:46.192Z
2025-11-16T16:21:46.192Z [INFO]  provider.terraform-provider-helm_v2.17.0_x5: 2025/11/16 16:21:46 [DEBUG] Starting delete for "kube-prometheus-stack-node-network" PrometheusRule: timestamp=2025-11-16T16:21:46.192Z
2025-11-16T16:21:46.192Z [INFO]  provider.terraform-provider-helm_v2.17.0_x5: 2025/11/16 16:21:46 [DEBUG] Starting delete for "kube-prometheus-stack-prometheus-operator" PrometheusRule: timestamp=2025-11-16T16:21:46.192Z
2025-11-16T16:21:46.192Z [INFO]  provider.terraform-provider-helm_v2.17.0_x5: 2025/11/16 16:21:46 [DEBUG] Starting delete for "kube-prometheus-stack-prometheus" PrometheusRule: timestamp=2025-11-16T16:21:46.192Z
2025-11-16T16:21:46.192Z [INFO]  provider.terraform-provider-helm_v2.17.0_x5: 2025/11/16 16:21:46 [DEBUG] Starting delete for "kube-prometheus-stack-kubernetes-system-kube-proxy" PrometheusRule: timestamp=2025-11-16T16:21:46.192Z
2025-11-16T16:21:46.192Z [INFO]  provider.terraform-provider-helm_v2.17.0_x5: 2025/11/16 16:21:46 [DEBUG] Starting delete for "kube-prometheus-stack-kube-scheduler.rules" PrometheusRule: timestamp=2025-11-16T16:21:46.192Z
2025-11-16T16:21:46.192Z [INFO]  provider.terraform-provider-helm_v2.17.0_x5: 2025/11/16 16:21:46 [DEBUG] Starting delete for "kube-prometheus-stack-kube-state-metrics" PrometheusRule: timestamp=2025-11-16T16:21:46.192Z
2025-11-16T16:21:46.192Z [INFO]  provider.terraform-provider-helm_v2.17.0_x5: 2025/11/16 16:21:46 [DEBUG] Starting delete for "kube-prometheus-stack-general.rules" PrometheusRule: timestamp=2025-11-16T16:21:46.192Z
2025-11-16T16:21:46.192Z [INFO]  provider.terraform-provider-helm_v2.17.0_x5: 2025/11/16 16:21:46 [DEBUG] Starting delete for "kube-prometheus-stack-kubelet.rules" PrometheusRule: timestamp=2025-11-16T16:21:46.192Z
2025-11-16T16:21:46.192Z [INFO]  provider.terraform-provider-helm_v2.17.0_x5: 2025/11/16 16:21:46 [DEBUG] Starting delete for "kube-prometheus-stack-kubernetes-apps" PrometheusRule: timestamp=2025-11-16T16:21:46.192Z
2025-11-16T16:21:46.192Z [INFO]  provider.terraform-provider-helm_v2.17.0_x5: 2025/11/16 16:21:46 [DEBUG] Starting delete for "kube-prometheus-stack-k8s.rules.container-memory-swap" PrometheusRule: timestamp=2025-11-16T16:21:46.192Z
2025-11-16T16:21:46.192Z [INFO]  provider.terraform-provider-helm_v2.17.0_x5: 2025/11/16 16:21:46 [DEBUG] Starting delete for "kube-prometheus-stack-k8s.rules.container-memory-working-set-by" PrometheusRule: timestamp=2025-11-16T16:21:46.192Z
2025-11-16T16:21:46.192Z [INFO]  provider.terraform-provider-helm_v2.17.0_x5: 2025/11/16 16:21:46 [DEBUG] Starting delete for "kube-prometheus-stack-k8s.rules.container-resource" PrometheusRule: timestamp=2025-11-16T16:21:46.192Z
2025-11-16T16:21:46.192Z [INFO]  provider.terraform-provider-helm_v2.17.0_x5: 2025/11/16 16:21:46 [DEBUG] Starting delete for "kube-prometheus-stack-k8s.rules.pod-owner" PrometheusRule: timestamp=2025-11-16T16:21:46.192Z
2025-11-16T16:21:46.192Z [INFO]  provider.terraform-provider-helm_v2.17.0_x5: 2025/11/16 16:21:46 [DEBUG] Starting delete for "kube-prometheus-stack-kube-apiserver-availability.rules" PrometheusRule: timestamp=2025-11-16T16:21:46.192Z
2025-11-16T16:21:46.192Z [INFO]  provider.terraform-provider-helm_v2.17.0_x5: 2025/11/16 16:21:46 [DEBUG] Starting delete for "kube-prometheus-stack-kube-apiserver-burnrate.rules" PrometheusRule: timestamp=2025-11-16T16:21:46.192Z
2025-11-16T16:21:46.192Z [INFO]  provider.terraform-provider-helm_v2.17.0_x5: 2025/11/16 16:21:46 [DEBUG] Starting delete for "kube-prometheus-stack-kube-apiserver-histogram.rules" PrometheusRule: timestamp=2025-11-16T16:21:46.192Z
2025-11-16T16:21:46.192Z [INFO]  provider.terraform-provider-helm_v2.17.0_x5: 2025/11/16 16:21:46 [DEBUG] Starting delete for "kube-prometheus-stack-kube-apiserver-slos" PrometheusRule: timestamp=2025-11-16T16:21:46.192Z
2025-11-16T16:21:46.192Z [INFO]  provider.terraform-provider-helm_v2.17.0_x5: 2025/11/16 16:21:46 [DEBUG] Starting delete for "kube-prometheus-stack-kube-prometheus-general.rules" PrometheusRule: timestamp=2025-11-16T16:21:46.192Z
2025-11-16T16:21:46.192Z [INFO]  provider.terraform-provider-helm_v2.17.0_x5: 2025/11/16 16:21:46 [DEBUG] Starting delete for "kube-prometheus-stack-kube-prometheus-node-recording.rules" PrometheusRule: timestamp=2025-11-16T16:21:46.192Z
2025-11-16T16:21:46.193Z [INFO]  provider.terraform-provider-helm_v2.17.0_x5: 2025/11/16 16:21:46 [DEBUG] Starting delete for "kube-prometheus-stack-kubernetes-system-apiserver" PrometheusRule: timestamp=2025-11-16T16:21:46.192Z
2025-11-16T16:21:46.193Z [INFO]  provider.terraform-provider-helm_v2.17.0_x5: 2025/11/16 16:21:46 [DEBUG] Starting delete for "kube-prometheus-stack-kubernetes-storage" PrometheusRule: timestamp=2025-11-16T16:21:46.192Z
2025-11-16T16:21:46.193Z [INFO]  provider.terraform-provider-helm_v2.17.0_x5: 2025/11/16 16:21:46 [DEBUG] Starting delete for "kube-prometheus-stack-alertmanager.rules" PrometheusRule: timestamp=2025-11-16T16:21:46.193Z
2025-11-16T16:21:46.193Z [INFO]  provider.terraform-provider-helm_v2.17.0_x5: 2025/11/16 16:21:46 [DEBUG] Starting delete for "kube-prometheus-stack-node-exporter.rules" PrometheusRule: timestamp=2025-11-16T16:21:46.193Z
2025-11-16T16:21:46.193Z [INFO]  provider.terraform-provider-helm_v2.17.0_x5: 2025/11/16 16:21:46 [DEBUG] Starting delete for "kube-prometheus-stack-node.rules" PrometheusRule: timestamp=2025-11-16T16:21:46.193Z
2025-11-16T16:21:46.193Z [INFO]  provider.terraform-provider-helm_v2.17.0_x5: 2025/11/16 16:21:46 [DEBUG] Starting delete for "kube-prometheus-stack-etcd" PrometheusRule: timestamp=2025-11-16T16:21:46.193Z
2025-11-16T16:21:46.261Z [INFO]  provider.terraform-provider-helm_v2.17.0_x5: 2025/11/16 16:21:46 [DEBUG] Starting delete for "kube-prometheus-stack-prometheus-node-exporter" ServiceMonitor: timestamp=2025-11-16T16:21:46.261Z
2025-11-16T16:21:46.262Z [INFO]  provider.terraform-provider-helm_v2.17.0_x5: 2025/11/16 16:21:46 [DEBUG] Starting delete for "kube-prometheus-stack-prometheus" ServiceMonitor: timestamp=2025-11-16T16:21:46.261Z
2025-11-16T16:21:46.262Z [INFO]  provider.terraform-provider-helm_v2.17.0_x5: 2025/11/16 16:21:46 [DEBUG] Starting delete for "kube-prometheus-stack-kube-proxy" ServiceMonitor: timestamp=2025-11-16T16:21:46.261Z
2025-11-16T16:21:46.262Z [INFO]  provider.terraform-provider-helm_v2.17.0_x5: 2025/11/16 16:21:46 [DEBUG] Starting delete for "kube-prometheus-stack-kube-state-metrics" ServiceMonitor: timestamp=2025-11-16T16:21:46.262Z
2025-11-16T16:21:46.262Z [INFO]  provider.terraform-provider-helm_v2.17.0_x5: 2025/11/16 16:21:46 [DEBUG] Starting delete for "kube-prometheus-stack-coredns" ServiceMonitor: timestamp=2025-11-16T16:21:46.262Z
2025-11-16T16:21:46.262Z [INFO]  provider.terraform-provider-helm_v2.17.0_x5: 2025/11/16 16:21:46 [DEBUG] Starting delete for "kube-prometheus-stack-apiserver" ServiceMonitor: timestamp=2025-11-16T16:21:46.262Z
2025-11-16T16:21:46.262Z [INFO]  provider.terraform-provider-helm_v2.17.0_x5: 2025/11/16 16:21:46 [DEBUG] Starting delete for "kube-prometheus-stack-kube-controller-manager" ServiceMonitor: timestamp=2025-11-16T16:21:46.262Z
2025-11-16T16:21:46.262Z [INFO]  provider.terraform-provider-helm_v2.17.0_x5: 2025/11/16 16:21:46 [DEBUG] Starting delete for "kube-prometheus-stack-kube-etcd" ServiceMonitor: timestamp=2025-11-16T16:21:46.262Z
2025-11-16T16:21:46.262Z [INFO]  provider.terraform-provider-helm_v2.17.0_x5: 2025/11/16 16:21:46 [DEBUG] Starting delete for "kube-prometheus-stack-operator" ServiceMonitor: timestamp=2025-11-16T16:21:46.262Z
2025-11-16T16:21:46.262Z [INFO]  provider.terraform-provider-helm_v2.17.0_x5: 2025/11/16 16:21:46 [DEBUG] Starting delete for "kube-prometheus-stack-kube-scheduler" ServiceMonitor: timestamp=2025-11-16T16:21:46.262Z
2025-11-16T16:21:46.262Z [INFO]  provider.terraform-provider-helm_v2.17.0_x5: 2025/11/16 16:21:46 [DEBUG] Starting delete for "kube-prometheus-stack-kubelet" ServiceMonitor: timestamp=2025-11-16T16:21:46.262Z
2025-11-16T16:21:46.263Z [INFO]  provider.terraform-provider-helm_v2.17.0_x5: 2025/11/16 16:21:46 [DEBUG] Starting delete for "kube-prometheus-stack-grafana" ServiceMonitor: timestamp=2025-11-16T16:21:46.262Z
2025-11-16T16:21:46.307Z [INFO]  provider.terraform-provider-helm_v2.17.0_x5: 2025/11/16 16:21:46 [DEBUG] Starting delete for "kube-prometheus-stack-admission" ValidatingWebhookConfiguration: timestamp=2025-11-16T16:21:46.307Z
2025-11-16T16:21:46.337Z [INFO]  provider.terraform-provider-helm_v2.17.0_x5: 2025/11/16 16:21:46 [DEBUG] beginning wait for 110 resources to be deleted with timeout of 5m0s: timestamp=2025-11-16T16:21:46.337Z
2025-11-16T16:21:51.893Z [INFO]  provider.terraform-provider-helm_v2.17.0_x5: 2025/11/16 16:21:51 [DEBUG] purge requested for kube-prometheus-stack: timestamp=2025-11-16T16:21:51.892Z
2025-11-16T16:21:52.056Z [DEBUG] State storage *statemgr.Filesystem declined to persist a state snapshot
2025-11-16T16:21:52.064Z [WARN]  Provider "registry.terraform.io/hashicorp/kubernetes" produced an invalid plan for kubernetes_namespace.monitoring, but we are tolerating it because it is using the legacy plugin SDK.
    The following problems may be the cause of any confusing errors from downstream operations:
      - .wait_for_default_service_account: planned value cty.False for a non-computed attribute
      - .metadata[0].annotations: planned value cty.MapValEmpty(cty.String) for a non-computed attribute
      - .metadata[0].generate_name: planned value cty.StringVal("") for a non-computed attribute
2025-11-16T16:21:52.064Z [INFO]  Starting apply for kubernetes_namespace.monitoring
2025-11-16T16:21:52.064Z [DEBUG] kubernetes_namespace.monitoring: applying the planned Update change
2025-11-16T16:21:52.067Z [DEBUG] provider.terraform-provider-kubernetes_v2.38.0_x5: 2025/11/16 16:21:52 [INFO] Updating namespace: [{"path":"/metadata/labels/pod-security.kubernetes.io~1enforce","value":"baseline","op":"add"}]
2025-11-16T16:21:52.068Z [DEBUG] provider.terraform-provider-kubernetes_v2.38.0_x5: Sending HTTP Request: Accept="application/json, */*" Host=91.98.16.184:6443 tf_http_req_body="[{\"path\":\"/metadata/labels/pod-security.kubernetes.io~1enforce\",\"value\":\"baseline\",\"op\":\"add\"}]" tf_http_req_method=PATCH tf_http_req_version=HTTP/1.1 tf_http_op_type=request tf_http_req_uri=/api/v1/namespaces/monitoring tf_http_trans_id=cd6f61b2-2115-9b84-f723-2874955dd4ec @caller=github.com/hashicorp/terraform-plugin-sdk/v2@v2.37.0/helper/logging/logging_http_transport.go:160 @module=kubernetes.Kubernetes Content-Type="application/json-patch+json" User-Agent="HashiCorp/1.0 Terraform/1.9.8" Accept-Encoding=gzip Content-Length=95 new_logger_warning="This log was generated by a subsystem logger that wasn't created before being used. Use tflog.NewSubsystem to create this logger before it is used." timestamp=2025-11-16T16:21:52.068Z
2025-11-16T16:21:52.151Z [DEBUG] provider.terraform-provider-kubernetes_v2.38.0_x5: Received HTTP Response: tf_http_res_status_reason="200 OK" tf_http_trans_id=cd6f61b2-2115-9b84-f723-2874955dd4ec @caller=github.com/hashicorp/terraform-plugin-sdk/v2@v2.37.0/helper/logging/logging_http_transport.go:160 Date="Sun, 16 Nov 2025 16:21:52 GMT"
  tf_http_res_body=
  | {"kind":"Namespace","apiVersion":"v1","metadata":{"name":"monitoring","uid":"1fce642b-ebce-427a-ae8e-07b0b653b297","resourceVersion":"2053811","creationTimestamp":"2025-11-16T10:59:25Z","labels":{"kubernetes.io/metadata.name":"monitoring","pod-security.kubernetes.io/audit":"restricted","pod-security.kubernetes.io/enforce":"baseline"},"managedFields":[{"manager":"HashiCorp","operation":"Update","apiVersion":"v1","time":"2025-11-16T16:21:52Z","fieldsType":"FieldsV1","fieldsV1":{"f:metadata":{"f:labels":{".":{},"f:kubernetes.io/metadata.name":{},"f:pod-security.kubernetes.io/audit":{},"f:pod-security.kubernetes.io/enforce":{}}}}}]},"spec":{"finalizers":["kubernetes"]},"status":{"phase":"Active"}}
   tf_http_res_status_code=200 @module=kubernetes.Kubernetes Content-Type=application/json new_logger_warning="This log was generated by a subsystem logger that wasn't created before being used. Use tflog.NewSubsystem to create this logger before it is used." Cache-Control="no-cache, private" Content-Length=703 tf_http_op_type=response Audit-Id=a204e27d-4d1e-41bc-b6eb-3626075ad211 X-Kubernetes-Pf-Flowschema-Uid=24ef9050-0ff9-4e4e-b810-9e682b32e548 X-Kubernetes-Pf-Prioritylevel-Uid=debe343a-fda0-4702-9e46-7980016434a2 tf_http_res_version=HTTP/2.0 timestamp=2025-11-16T16:21:52.151Z
2025-11-16T16:21:52.152Z [DEBUG] provider.terraform-provider-kubernetes_v2.38.0_x5: 2025/11/16 16:21:52 [INFO] Submitted updated namespace: &v1.Namespace{TypeMeta:v1.TypeMeta{Kind:"", APIVersion:""}, ObjectMeta:v1.ObjectMeta{Name:"monitoring", GenerateName:"", Namespace:"", SelfLink:"", UID:"1fce642b-ebce-427a-ae8e-07b0b653b297", ResourceVersion:"2053811", Generation:0, CreationTimestamp:time.Date(2025, time.November, 16, 10, 59, 25, 0, time.Local), DeletionTimestamp:<nil>, DeletionGracePeriodSeconds:(*int64)(nil), Labels:map[string]string{"kubernetes.io/metadata.name":"monitoring", "pod-security.kubernetes.io/audit":"restricted", "pod-security.kubernetes.io/enforce":"baseline"}, Annotations:map[string]string(nil), OwnerReferences:[]v1.OwnerReference(nil), Finalizers:[]string(nil), ManagedFields:[]v1.ManagedFieldsEntry{v1.ManagedFieldsEntry{Manager:"HashiCorp", Operation:"Update", APIVersion:"v1", Time:time.Date(2025, time.November, 16, 16, 21, 52, 0, time.Local), FieldsType:"FieldsV1", FieldsV1:(*v1.FieldsV1)(0xc0010065d0), Subresource:""}}}, Spec:v1.NamespaceSpec{Finalizers:[]v1.FinalizerName{"kubernetes"}}, Status:v1.NamespaceStatus{Phase:"Active", Conditions:[]v1.NamespaceCondition(nil)}}
2025-11-16T16:21:52.152Z [DEBUG] provider.terraform-provider-kubernetes_v2.38.0_x5: 2025/11/16 16:21:52 [INFO] Checking namespace monitoring
2025-11-16T16:21:52.152Z [DEBUG] provider.terraform-provider-kubernetes_v2.38.0_x5: Sending HTTP Request: @caller=github.com/hashicorp/terraform-plugin-sdk/v2@v2.37.0/helper/logging/logging_http_transport.go:160 @module=kubernetes.Kubernetes tf_http_req_body="" Accept-Encoding=gzip User-Agent="HashiCorp/1.0 Terraform/1.9.8" tf_http_req_uri=/api/v1/namespaces/monitoring tf_http_req_version=HTTP/1.1 Host=91.98.16.184:6443 new_logger_warning="This log was generated by a subsystem logger that wasn't created before being used. Use tflog.NewSubsystem to create this logger before it is used." tf_http_req_method=GET Accept="application/json, */*" tf_http_op_type=request tf_http_trans_id=4f96a295-78df-8a1f-3790-2b66872ee3f9 timestamp=2025-11-16T16:21:52.152Z
2025-11-16T16:21:52.179Z [DEBUG] provider.terraform-provider-kubernetes_v2.38.0_x5: Received HTTP Response: new_logger_warning="This log was generated by a subsystem logger that wasn't created before being used. Use tflog.NewSubsystem to create this logger before it is used." tf_http_res_status_reason="200 OK" tf_http_res_version=HTTP/2.0 tf_http_trans_id=4f96a295-78df-8a1f-3790-2b66872ee3f9 @module=kubernetes.Kubernetes Content-Type=application/json Date="Sun, 16 Nov 2025 16:21:52 GMT" Content-Length=703 X-Kubernetes-Pf-Flowschema-Uid=24ef9050-0ff9-4e4e-b810-9e682b32e548 tf_http_op_type=response Cache-Control="no-cache, private" X-Kubernetes-Pf-Prioritylevel-Uid=debe343a-fda0-4702-9e46-7980016434a2 tf_http_res_status_code=200
  tf_http_res_body=
  | {"kind":"Namespace","apiVersion":"v1","metadata":{"name":"monitoring","uid":"1fce642b-ebce-427a-ae8e-07b0b653b297","resourceVersion":"2053811","creationTimestamp":"2025-11-16T10:59:25Z","labels":{"kubernetes.io/metadata.name":"monitoring","pod-security.kubernetes.io/audit":"restricted","pod-security.kubernetes.io/enforce":"baseline"},"managedFields":[{"manager":"HashiCorp","operation":"Update","apiVersion":"v1","time":"2025-11-16T16:21:52Z","fieldsType":"FieldsV1","fieldsV1":{"f:metadata":{"f:labels":{".":{},"f:kubernetes.io/metadata.name":{},"f:pod-security.kubernetes.io/audit":{},"f:pod-security.kubernetes.io/enforce":{}}}}}]},"spec":{"finalizers":["kubernetes"]},"status":{"phase":"Active"}}
   @caller=github.com/hashicorp/terraform-plugin-sdk/v2@v2.37.0/helper/logging/logging_http_transport.go:160 Audit-Id=58b2743c-a0a9-48b8-b0a4-fea1078d3e52 timestamp=2025-11-16T16:21:52.179Z
2025-11-16T16:21:52.180Z [DEBUG] provider.terraform-provider-kubernetes_v2.38.0_x5: 2025/11/16 16:21:52 [INFO] Namespace monitoring exists
2025-11-16T16:21:52.180Z [DEBUG] provider.terraform-provider-kubernetes_v2.38.0_x5: 2025/11/16 16:21:52 [INFO] Reading namespace monitoring
2025-11-16T16:21:52.180Z [DEBUG] provider.terraform-provider-kubernetes_v2.38.0_x5: Sending HTTP Request: Accept-Encoding=gzip Host=91.98.16.184:6443 tf_http_req_uri=/api/v1/namespaces/monitoring new_logger_warning="This log was generated by a subsystem logger that wasn't created before being used. Use tflog.NewSubsystem to create this logger before it is used." tf_http_req_body="" tf_http_req_method=GET tf_http_trans_id=fcf2dbb1-9e08-e65d-5267-84513dd0ab4f @module=kubernetes.Kubernetes User-Agent="HashiCorp/1.0 Terraform/1.9.8" tf_http_op_type=request @caller=github.com/hashicorp/terraform-plugin-sdk/v2@v2.37.0/helper/logging/logging_http_transport.go:160 tf_http_req_version=HTTP/1.1 Accept="application/json, */*" timestamp=2025-11-16T16:21:52.180Z
2025-11-16T16:21:52.206Z [DEBUG] provider.terraform-provider-kubernetes_v2.38.0_x5: Received HTTP Response: Content-Type=application/json new_logger_warning="This log was generated by a subsystem logger that wasn't created before being used. Use tflog.NewSubsystem to create this logger before it is used." tf_http_op_type=response @caller=github.com/hashicorp/terraform-plugin-sdk/v2@v2.37.0/helper/logging/logging_http_transport.go:160 Date="Sun, 16 Nov 2025 16:21:52 GMT" X-Kubernetes-Pf-Flowschema-Uid=24ef9050-0ff9-4e4e-b810-9e682b32e548
  tf_http_res_body=
  | {"kind":"Namespace","apiVersion":"v1","metadata":{"name":"monitoring","uid":"1fce642b-ebce-427a-ae8e-07b0b653b297","resourceVersion":"2053811","creationTimestamp":"2025-11-16T10:59:25Z","labels":{"kubernetes.io/metadata.name":"monitoring","pod-security.kubernetes.io/audit":"restricted","pod-security.kubernetes.io/enforce":"baseline"},"managedFields":[{"manager":"HashiCorp","operation":"Update","apiVersion":"v1","time":"2025-11-16T16:21:52Z","fieldsType":"FieldsV1","fieldsV1":{"f:metadata":{"f:labels":{".":{},"f:kubernetes.io/metadata.name":{},"f:pod-security.kubernetes.io/audit":{},"f:pod-security.kubernetes.io/enforce":{}}}}}]},"spec":{"finalizers":["kubernetes"]},"status":{"phase":"Active"}}
   tf_http_trans_id=fcf2dbb1-9e08-e65d-5267-84513dd0ab4f Cache-Control="no-cache, private" Audit-Id=00662e57-4b4e-4145-a629-3d74461e7665 X-Kubernetes-Pf-Prioritylevel-Uid=debe343a-fda0-4702-9e46-7980016434a2 @module=kubernetes.Kubernetes Content-Length=703 tf_http_res_status_code=200 tf_http_res_status_reason="200 OK" tf_http_res_version=HTTP/2.0 timestamp=2025-11-16T16:21:52.206Z
2025-11-16T16:21:52.206Z [DEBUG] provider.terraform-provider-kubernetes_v2.38.0_x5: 2025/11/16 16:21:52 [INFO] Received namespace: &v1.Namespace{TypeMeta:v1.TypeMeta{Kind:"", APIVersion:""}, ObjectMeta:v1.ObjectMeta{Name:"monitoring", GenerateName:"", Namespace:"", SelfLink:"", UID:"1fce642b-ebce-427a-ae8e-07b0b653b297", ResourceVersion:"2053811", Generation:0, CreationTimestamp:time.Date(2025, time.November, 16, 10, 59, 25, 0, time.Local), DeletionTimestamp:<nil>, DeletionGracePeriodSeconds:(*int64)(nil), Labels:map[string]string{"kubernetes.io/metadata.name":"monitoring", "pod-security.kubernetes.io/audit":"restricted", "pod-security.kubernetes.io/enforce":"baseline"}, Annotations:map[string]string(nil), OwnerReferences:[]v1.OwnerReference(nil), Finalizers:[]string(nil), ManagedFields:[]v1.ManagedFieldsEntry{v1.ManagedFieldsEntry{Manager:"HashiCorp", Operation:"Update", APIVersion:"v1", Time:time.Date(2025, time.November, 16, 16, 21, 52, 0, time.Local), FieldsType:"FieldsV1", FieldsV1:(*v1.FieldsV1)(0xc0012786f0), Subresource:""}}}, Spec:v1.NamespaceSpec{Finalizers:[]v1.FinalizerName{"kubernetes"}}, Status:v1.NamespaceStatus{Phase:"Active", Conditions:[]v1.NamespaceCondition(nil)}}
2025-11-16T16:21:52.207Z [WARN]  Provider "provider[\"registry.terraform.io/hashicorp/kubernetes\"]" produced an unexpected new value for kubernetes_namespace.monitoring, but we are tolerating it because it is using the legacy plugin SDK.
    The following problems may be the cause of any confusing errors from downstream operations:
      - .metadata[0].resource_version: was cty.StringVal("2053416"), but now cty.StringVal("2053811")
2025-11-16T16:21:52.211Z [DEBUG] State storage *statemgr.Filesystem declined to persist a state snapshot
2025-11-16T16:21:52.211Z [DEBUG] provider.stdio: received EOF, stopping recv loop: err="rpc error: code = Unavailable desc = error reading from server: EOF"
2025-11-16T16:21:52.214Z [INFO]  provider: plugin process exited: plugin=.terraform/providers/registry.terraform.io/hashicorp/kubernetes/2.38.0/linux_amd64/terraform-provider-kubernetes_v2.38.0_x5 id=173624
2025-11-16T16:21:52.214Z [DEBUG] provider: plugin exited
2025-11-16T16:21:52.219Z [INFO]  provider.terraform-provider-helm_v2.17.0_x5: 2025/11/16 16:21:52 [DEBUG] [resourceDiff: kube-prometheus-stack] Start: timestamp=2025-11-16T16:21:52.219Z
2025-11-16T16:21:52.219Z [INFO]  provider.terraform-provider-helm_v2.17.0_x5: 2025/11/16 16:21:52 [DEBUG] [resourceDiff: kube-prometheus-stack] upgrade_install is enabled: false: timestamp=2025-11-16T16:21:52.219Z
2025-11-16T16:21:52.219Z [INFO]  provider.terraform-provider-helm_v2.17.0_x5: 2025/11/16 16:21:52 [DEBUG] [resourceDiff: kube-prometheus-stack] targetVersion for release kube-prometheus-stack: '60.3.0': timestamp=2025-11-16T16:21:52.219Z
2025-11-16T16:21:52.219Z [INFO]  provider.terraform-provider-helm_v2.17.0_x5: 2025/11/16 16:21:52 [DEBUG] [INFO] GetHelmConfiguration start: timestamp=2025-11-16T16:21:52.219Z
2025-11-16T16:21:52.219Z [INFO]  provider.terraform-provider-helm_v2.17.0_x5: 2025/11/16 16:21:52 [DEBUG] Using kubeconfig: /root/.kube/config: timestamp=2025-11-16T16:21:52.219Z
2025-11-16T16:21:52.220Z [INFO]  provider.terraform-provider-helm_v2.17.0_x5: 2025/11/16 16:21:52 [INFO] Successfully initialized kubernetes config: timestamp=2025-11-16T16:21:52.220Z
2025-11-16T16:21:52.220Z [INFO]  provider.terraform-provider-helm_v2.17.0_x5: 2025/11/16 16:21:52 [DEBUG] [INFO] GetHelmConfiguration success: timestamp=2025-11-16T16:21:52.220Z
2025-11-16T16:21:54.127Z [INFO]  provider.terraform-provider-helm_v2.17.0_x5: 2025/11/16 16:21:54 [DEBUG] [resourceDiff: kube-prometheus-stack] Got chart kube-prometheus-stack version 60.3.0: timestamp=2025-11-16T16:21:54.126Z
2025-11-16T16:21:54.127Z [INFO]  provider.terraform-provider-helm_v2.17.0_x5: 2025/11/16 16:21:54 [DEBUG] [resourceDiff: kube-prometheus-stack] Release validated: timestamp=2025-11-16T16:21:54.127Z
2025-11-16T16:21:54.127Z [INFO]  provider.terraform-provider-helm_v2.17.0_x5: 2025/11/16 16:21:54 [DEBUG] [resourceDiff: kube-prometheus-stack] setting version to 60.3.0: timestamp=2025-11-16T16:21:54.127Z
2025-11-16T16:21:54.127Z [INFO]  provider.terraform-provider-helm_v2.17.0_x5: 2025/11/16 16:21:54 [DEBUG] [resourceDiff: kube-prometheus-stack] Done: timestamp=2025-11-16T16:21:54.127Z
2025-11-16T16:21:54.128Z [WARN]  Provider "registry.terraform.io/hashicorp/helm" produced an invalid plan for helm_release.kps, but we are tolerating it because it is using the legacy plugin SDK.
    The following problems may be the cause of any confusing errors from downstream operations:
      - .force_update: planned value cty.False for a non-computed attribute
      - .dependency_update: planned value cty.False for a non-computed attribute
      - .disable_crd_hooks: planned value cty.False for a non-computed attribute
      - .disable_webhooks: planned value cty.False for a non-computed attribute
      - .max_history: planned value cty.NumberIntVal(0) for a non-computed attribute
      - .timeout: planned value cty.NumberIntVal(300) for a non-computed attribute
      - .replace: planned value cty.False for a non-computed attribute
      - .reuse_values: planned value cty.False for a non-computed attribute
      - .pass_credentials: planned value cty.False for a non-computed attribute
      - .lint: planned value cty.False for a non-computed attribute
      - .skip_crds: planned value cty.False for a non-computed attribute
      - .wait_for_jobs: planned value cty.False for a non-computed attribute
      - .recreate_pods: planned value cty.False for a non-computed attribute
      - .render_subchart_notes: planned value cty.True for a non-computed attribute
      - .atomic: planned value cty.False for a non-computed attribute
      - .disable_openapi_validation: planned value cty.False for a non-computed attribute
      - .reset_values: planned value cty.False for a non-computed attribute
      - .wait: planned value cty.True for a non-computed attribute
      - .verify: planned value cty.False for a non-computed attribute
      - .create_namespace: planned value cty.False for a non-computed attribute
2025-11-16T16:21:54.128Z [INFO]  Starting apply for helm_release.kps
2025-11-16T16:21:54.128Z [DEBUG] helm_release.kps: applying the planned Create change
2025-11-16T16:21:54.130Z [INFO]  provider.terraform-provider-helm_v2.17.0_x5: 2025/11/16 16:21:54 [DEBUG] setting computed for "metadata" from ComputedKeys: timestamp=2025-11-16T16:21:54.129Z
2025-11-16T16:21:54.130Z [INFO]  provider.terraform-provider-helm_v2.17.0_x5: 2025/11/16 16:21:54 [DEBUG] [resourceReleaseCreate: kube-prometheus-stack] Started: timestamp=2025-11-16T16:21:54.130Z
2025-11-16T16:21:54.130Z [INFO]  provider.terraform-provider-helm_v2.17.0_x5: 2025/11/16 16:21:54 [DEBUG] [resourceReleaseCreate: kube-prometheus-stack] Getting helm configuration: timestamp=2025-11-16T16:21:54.130Z
2025-11-16T16:21:54.130Z [INFO]  provider.terraform-provider-helm_v2.17.0_x5: 2025/11/16 16:21:54 [DEBUG] [INFO] GetHelmConfiguration start: timestamp=2025-11-16T16:21:54.130Z
2025-11-16T16:21:54.130Z [INFO]  provider.terraform-provider-helm_v2.17.0_x5: 2025/11/16 16:21:54 [DEBUG] Using kubeconfig: /root/.kube/config: timestamp=2025-11-16T16:21:54.130Z
2025-11-16T16:21:54.130Z [INFO]  provider.terraform-provider-helm_v2.17.0_x5: 2025/11/16 16:21:54 [INFO] Successfully initialized kubernetes config: timestamp=2025-11-16T16:21:54.130Z
2025-11-16T16:21:54.130Z [INFO]  provider.terraform-provider-helm_v2.17.0_x5: 2025/11/16 16:21:54 [DEBUG] [INFO] GetHelmConfiguration success: timestamp=2025-11-16T16:21:54.130Z
2025-11-16T16:21:54.130Z [INFO]  provider.terraform-provider-helm_v2.17.0_x5: 2025/11/16 16:21:54 [DEBUG] [resourceReleaseCreate: kube-prometheus-stack] Getting chart: timestamp=2025-11-16T16:21:54.130Z
2025-11-16T16:21:55.941Z [INFO]  provider.terraform-provider-helm_v2.17.0_x5: 2025/11/16 16:21:55 [DEBUG] [resourceReleaseCreate: kube-prometheus-stack] Preparing for installation: timestamp=2025-11-16T16:21:55.941Z
2025-11-16T16:21:55.942Z [INFO]  provider.terraform-provider-helm_v2.17.0_x5: 2025/11/16 16:21:55 ---[ values.yaml ]-----------------------------------
adminPassword: admin
adminUser: admin
alertmanager:
  enabled: false
kubeStateMetrics:
  enabled: true
  resources:
    limits:
      cpu: 300m
      memory: 256Mi
    requests:
      cpu: 100m
      memory: 128Mi
  securityContext:
    allowPrivilegeEscalation: false
    capabilities:
      drop:
      - ALL
    readOnlyRootFilesystem: true
    runAsNonRoot: true
    runAsUser: 65534
nodeExporter:
  enabled: true
  hostIPC: false
  hostNetwork: false
  hostPID: false
  resources:
    limits:
      cpu: 200m
      memory: 256Mi
    requests:
      cpu: 50m
      memory: 64Mi
  securityContext:
    allowPrivilegeEscalation: false
    capabilities:
      drop:
      - ALL
    readOnlyRootFilesystem: true
    runAsNonRoot: true
    runAsUser: 65534
persistence:
  enabled: true
  size: 2Gi
prometheus:
  prometheusSpec:
    containers:
    - name: prometheus
      resources:
        limits:
          cpu: "1"
          memory: 1Gi
        requests:
          cpu: 200m
          memory: 512Mi
      securityContext:
        allowPrivilegeEscalation: false
        capabilities:
          drop:
          - ALL
        readOnlyRootFilesystem: true
        runAsNonRoot: true
        runAsUser: 65534
    podMonitorSelectorNilUsesHelmValues: false
    probeSelectorNilUsesHelmValues: false
    securityContext:
      fsGroup: 65534
      runAsGroup: 65534
      runAsNonRoot: true
      runAsUser: 65534
      seccompProfile:
        type: RuntimeDefault
    serviceMonitorSelectorNilUsesHelmValues: false
resources:
  limits:
    cpu: "1"
    memory: 512Mi
  requests:
    cpu: 200m
    memory: 256Mi
securityContext:
  allowPrivilegeEscalation: false
  capabilities:
    drop:
    - ALL
  readOnlyRootFilesystem: true
  runAsNonRoot: true
  runAsUser: 65534
service:
  nodePort: 30300
  type: NodePort
serviceAccount:
  automountServiceAccountToken: false
sidecar:
  dashboards:
    enabled: false
  datasources:
    enabled: false: timestamp=2025-11-16T16:21:55.942Z
2025-11-16T16:21:55.942Z [INFO]  provider.terraform-provider-helm_v2.17.0_x5: 2025/11/16 16:21:55 [DEBUG] [resourceReleaseCreate: kube-prometheus-stack] Installing chart: timestamp=2025-11-16T16:21:55.942Z
2025-11-16T16:21:56.107Z [INFO]  provider.terraform-provider-helm_v2.17.0_x5: 2025/11/16 16:21:56 [DEBUG] creating 1 resource(s): timestamp=2025-11-16T16:21:56.107Z
2025-11-16T16:21:56.268Z [INFO]  provider.terraform-provider-helm_v2.17.0_x5: 2025/11/16 16:21:56 [DEBUG] CRD alertmanagerconfigs.monitoring.coreos.com is already present. Skipping.: timestamp=2025-11-16T16:21:56.268Z
2025-11-16T16:21:56.358Z [INFO]  provider.terraform-provider-helm_v2.17.0_x5: 2025/11/16 16:21:56 [DEBUG] creating 1 resource(s): timestamp=2025-11-16T16:21:56.358Z
2025-11-16T16:21:56.507Z [INFO]  provider.terraform-provider-helm_v2.17.0_x5: 2025/11/16 16:21:56 [DEBUG] CRD alertmanagers.monitoring.coreos.com is already present. Skipping.: timestamp=2025-11-16T16:21:56.506Z
2025-11-16T16:21:56.564Z [INFO]  provider.terraform-provider-helm_v2.17.0_x5: 2025/11/16 16:21:56 [DEBUG] creating 1 resource(s): timestamp=2025-11-16T16:21:56.564Z
2025-11-16T16:21:56.602Z [INFO]  provider.terraform-provider-helm_v2.17.0_x5: 2025/11/16 16:21:56 [DEBUG] CRD podmonitors.monitoring.coreos.com is already present. Skipping.: timestamp=2025-11-16T16:21:56.602Z
2025-11-16T16:21:56.660Z [INFO]  provider.terraform-provider-helm_v2.17.0_x5: 2025/11/16 16:21:56 [DEBUG] creating 1 resource(s): timestamp=2025-11-16T16:21:56.660Z
2025-11-16T16:21:56.700Z [INFO]  provider.terraform-provider-helm_v2.17.0_x5: 2025/11/16 16:21:56 [DEBUG] CRD probes.monitoring.coreos.com is already present. Skipping.: timestamp=2025-11-16T16:21:56.700Z
2025-11-16T16:21:56.797Z [INFO]  provider.terraform-provider-helm_v2.17.0_x5: 2025/11/16 16:21:56 [DEBUG] creating 1 resource(s): timestamp=2025-11-16T16:21:56.796Z
2025-11-16T16:21:56.933Z [INFO]  provider.terraform-provider-helm_v2.17.0_x5: 2025/11/16 16:21:56 [DEBUG] CRD prometheusagents.monitoring.coreos.com is already present. Skipping.: timestamp=2025-11-16T16:21:56.933Z
2025-11-16T16:21:57.042Z [INFO]  provider.terraform-provider-helm_v2.17.0_x5: 2025/11/16 16:21:57 [DEBUG] creating 1 resource(s): timestamp=2025-11-16T16:21:57.041Z
2025-11-16T16:21:57.198Z [INFO]  provider.terraform-provider-helm_v2.17.0_x5: 2025/11/16 16:21:57 [DEBUG] CRD prometheuses.monitoring.coreos.com is already present. Skipping.: timestamp=2025-11-16T16:21:57.198Z
2025-11-16T16:21:57.251Z [INFO]  provider.terraform-provider-helm_v2.17.0_x5: 2025/11/16 16:21:57 [DEBUG] creating 1 resource(s): timestamp=2025-11-16T16:21:57.251Z
2025-11-16T16:21:57.283Z [INFO]  provider.terraform-provider-helm_v2.17.0_x5: 2025/11/16 16:21:57 [DEBUG] CRD prometheusrules.monitoring.coreos.com is already present. Skipping.: timestamp=2025-11-16T16:21:57.283Z
2025-11-16T16:21:57.353Z [INFO]  provider.terraform-provider-helm_v2.17.0_x5: 2025/11/16 16:21:57 [DEBUG] creating 1 resource(s): timestamp=2025-11-16T16:21:57.353Z
2025-11-16T16:21:57.431Z [INFO]  provider.terraform-provider-helm_v2.17.0_x5: 2025/11/16 16:21:57 [DEBUG] CRD scrapeconfigs.monitoring.coreos.com is already present. Skipping.: timestamp=2025-11-16T16:21:57.431Z
2025-11-16T16:21:57.488Z [INFO]  provider.terraform-provider-helm_v2.17.0_x5: 2025/11/16 16:21:57 [DEBUG] creating 1 resource(s): timestamp=2025-11-16T16:21:57.488Z
2025-11-16T16:21:57.527Z [INFO]  provider.terraform-provider-helm_v2.17.0_x5: 2025/11/16 16:21:57 [DEBUG] CRD servicemonitors.monitoring.coreos.com is already present. Skipping.: timestamp=2025-11-16T16:21:57.527Z
2025-11-16T16:21:57.613Z [INFO]  provider.terraform-provider-helm_v2.17.0_x5: 2025/11/16 16:21:57 [DEBUG] creating 1 resource(s): timestamp=2025-11-16T16:21:57.613Z
2025-11-16T16:21:57.740Z [INFO]  provider.terraform-provider-helm_v2.17.0_x5: 2025/11/16 16:21:57 [DEBUG] CRD thanosrulers.monitoring.coreos.com is already present. Skipping.: timestamp=2025-11-16T16:21:57.740Z
2025-11-16T16:22:11.873Z [INFO]  provider.terraform-provider-helm_v2.17.0_x5: 2025/11/16 16:22:11 [DEBUG] Starting delete for "kube-prometheus-stack-admission" ServiceAccount: timestamp=2025-11-16T16:22:11.873Z
2025-11-16T16:22:11.900Z [INFO]  provider.terraform-provider-helm_v2.17.0_x5: 2025/11/16 16:22:11 [DEBUG] Ignoring delete failure for "kube-prometheus-stack-admission" /v1, Kind=ServiceAccount: serviceaccounts "kube-prometheus-stack-admission" not found: timestamp=2025-11-16T16:22:11.900Z
2025-11-16T16:22:11.900Z [INFO]  provider.terraform-provider-helm_v2.17.0_x5: 2025/11/16 16:22:11 [DEBUG] beginning wait for 1 resources to be deleted with timeout of 5m0s: timestamp=2025-11-16T16:22:11.900Z
2025-11-16T16:22:12.321Z [INFO]  provider.terraform-provider-helm_v2.17.0_x5: 2025/11/16 16:22:12 [DEBUG] creating 1 resource(s): timestamp=2025-11-16T16:22:12.321Z
2025-11-16T16:22:12.404Z [INFO]  provider.terraform-provider-helm_v2.17.0_x5: 2025/11/16 16:22:12 [DEBUG] Starting delete for "kube-prometheus-stack-admission" ClusterRole: timestamp=2025-11-16T16:22:12.404Z
2025-11-16T16:22:12.431Z [INFO]  provider.terraform-provider-helm_v2.17.0_x5: 2025/11/16 16:22:12 [DEBUG] Ignoring delete failure for "kube-prometheus-stack-admission" rbac.authorization.k8s.io/v1, Kind=ClusterRole: clusterroles.rbac.authorization.k8s.io "kube-prometheus-stack-admission" not found: timestamp=2025-11-16T16:22:12.431Z
2025-11-16T16:22:12.431Z [INFO]  provider.terraform-provider-helm_v2.17.0_x5: 2025/11/16 16:22:12 [DEBUG] beginning wait for 1 resources to be deleted with timeout of 5m0s: timestamp=2025-11-16T16:22:12.431Z
2025-11-16T16:22:12.801Z [INFO]  provider.terraform-provider-helm_v2.17.0_x5: 2025/11/16 16:22:12 [DEBUG] creating 1 resource(s): timestamp=2025-11-16T16:22:12.801Z
2025-11-16T16:22:12.886Z [INFO]  provider.terraform-provider-helm_v2.17.0_x5: 2025/11/16 16:22:12 [DEBUG] Starting delete for "kube-prometheus-stack-admission" ClusterRoleBinding: timestamp=2025-11-16T16:22:12.886Z
2025-11-16T16:22:12.913Z [INFO]  provider.terraform-provider-helm_v2.17.0_x5: 2025/11/16 16:22:12 [DEBUG] Ignoring delete failure for "kube-prometheus-stack-admission" rbac.authorization.k8s.io/v1, Kind=ClusterRoleBinding: clusterrolebindings.rbac.authorization.k8s.io "kube-prometheus-stack-admission" not found: timestamp=2025-11-16T16:22:12.913Z
2025-11-16T16:22:12.913Z [INFO]  provider.terraform-provider-helm_v2.17.0_x5: 2025/11/16 16:22:12 [DEBUG] beginning wait for 1 resources to be deleted with timeout of 5m0s: timestamp=2025-11-16T16:22:12.913Z
2025-11-16T16:22:13.297Z [INFO]  provider.terraform-provider-helm_v2.17.0_x5: 2025/11/16 16:22:13 [DEBUG] creating 1 resource(s): timestamp=2025-11-16T16:22:13.297Z
2025-11-16T16:22:13.388Z [INFO]  provider.terraform-provider-helm_v2.17.0_x5: 2025/11/16 16:22:13 [DEBUG] Starting delete for "kube-prometheus-stack-admission" Role: timestamp=2025-11-16T16:22:13.388Z
2025-11-16T16:22:13.415Z [INFO]  provider.terraform-provider-helm_v2.17.0_x5: 2025/11/16 16:22:13 [DEBUG] Ignoring delete failure for "kube-prometheus-stack-admission" rbac.authorization.k8s.io/v1, Kind=Role: roles.rbac.authorization.k8s.io "kube-prometheus-stack-admission" not found: timestamp=2025-11-16T16:22:13.415Z
2025-11-16T16:22:13.415Z [INFO]  provider.terraform-provider-helm_v2.17.0_x5: 2025/11/16 16:22:13 [DEBUG] beginning wait for 1 resources to be deleted with timeout of 5m0s: timestamp=2025-11-16T16:22:13.415Z
2025-11-16T16:22:13.800Z [INFO]  provider.terraform-provider-helm_v2.17.0_x5: 2025/11/16 16:22:13 [DEBUG] creating 1 resource(s): timestamp=2025-11-16T16:22:13.800Z
2025-11-16T16:22:13.888Z [INFO]  provider.terraform-provider-helm_v2.17.0_x5: 2025/11/16 16:22:13 [DEBUG] Starting delete for "kube-prometheus-stack-admission" RoleBinding: timestamp=2025-11-16T16:22:13.888Z
2025-11-16T16:22:13.914Z [INFO]  provider.terraform-provider-helm_v2.17.0_x5: 2025/11/16 16:22:13 [DEBUG] Ignoring delete failure for "kube-prometheus-stack-admission" rbac.authorization.k8s.io/v1, Kind=RoleBinding: rolebindings.rbac.authorization.k8s.io "kube-prometheus-stack-admission" not found: timestamp=2025-11-16T16:22:13.914Z
2025-11-16T16:22:13.914Z [INFO]  provider.terraform-provider-helm_v2.17.0_x5: 2025/11/16 16:22:13 [DEBUG] beginning wait for 1 resources to be deleted with timeout of 5m0s: timestamp=2025-11-16T16:22:13.914Z
2025-11-16T16:22:14.291Z [INFO]  provider.terraform-provider-helm_v2.17.0_x5: 2025/11/16 16:22:14 [DEBUG] creating 1 resource(s): timestamp=2025-11-16T16:22:14.291Z
2025-11-16T16:22:14.384Z [INFO]  provider.terraform-provider-helm_v2.17.0_x5: 2025/11/16 16:22:14 [DEBUG] Starting delete for "kube-prometheus-stack-admission-create" Job: timestamp=2025-11-16T16:22:14.384Z
2025-11-16T16:22:14.411Z [INFO]  provider.terraform-provider-helm_v2.17.0_x5: 2025/11/16 16:22:14 [DEBUG] Ignoring delete failure for "kube-prometheus-stack-admission-create" batch/v1, Kind=Job: jobs.batch "kube-prometheus-stack-admission-create" not found: timestamp=2025-11-16T16:22:14.411Z
2025-11-16T16:22:14.411Z [INFO]  provider.terraform-provider-helm_v2.17.0_x5: 2025/11/16 16:22:14 [DEBUG] beginning wait for 1 resources to be deleted with timeout of 5m0s: timestamp=2025-11-16T16:22:14.411Z
2025-11-16T16:22:14.788Z [INFO]  provider.terraform-provider-helm_v2.17.0_x5: 2025/11/16 16:22:14 [DEBUG] creating 1 resource(s): timestamp=2025-11-16T16:22:14.788Z
2025-11-16T16:22:14.818Z [INFO]  provider.terraform-provider-helm_v2.17.0_x5: 2025/11/16 16:22:14 [DEBUG] Watching for changes to Job kube-prometheus-stack-admission-create with timeout of 5m0s: timestamp=2025-11-16T16:22:14.818Z
2025-11-16T16:22:14.853Z [INFO]  provider.terraform-provider-helm_v2.17.0_x5: 2025/11/16 16:22:14 [DEBUG] Add/Modify event for kube-prometheus-stack-admission-create: ADDED: timestamp=2025-11-16T16:22:14.852Z
2025-11-16T16:22:14.853Z [INFO]  provider.terraform-provider-helm_v2.17.0_x5: 2025/11/16 16:22:14 [DEBUG] kube-prometheus-stack-admission-create: Jobs active: 0, jobs failed: 0, jobs succeeded: 0: timestamp=2025-11-16T16:22:14.853Z
2025-11-16T16:22:14.872Z [INFO]  provider.terraform-provider-helm_v2.17.0_x5: 2025/11/16 16:22:14 [DEBUG] Add/Modify event for kube-prometheus-stack-admission-create: MODIFIED: timestamp=2025-11-16T16:22:14.872Z
2025-11-16T16:22:14.872Z [INFO]  provider.terraform-provider-helm_v2.17.0_x5: 2025/11/16 16:22:14 [DEBUG] kube-prometheus-stack-admission-create: Jobs active: 1, jobs failed: 0, jobs succeeded: 0: timestamp=2025-11-16T16:22:14.872Z
2025-11-16T16:22:19.500Z [INFO]  provider.terraform-provider-helm_v2.17.0_x5: 2025/11/16 16:22:19 [DEBUG] Add/Modify event for kube-prometheus-stack-admission-create: MODIFIED: timestamp=2025-11-16T16:22:19.500Z
2025-11-16T16:22:19.501Z [INFO]  provider.terraform-provider-helm_v2.17.0_x5: 2025/11/16 16:22:19 [DEBUG] kube-prometheus-stack-admission-create: Jobs active: 0, jobs failed: 0, jobs succeeded: 0: timestamp=2025-11-16T16:22:19.500Z
2025-11-16T16:22:19.522Z [INFO]  provider.terraform-provider-helm_v2.17.0_x5: 2025/11/16 16:22:19 [DEBUG] Add/Modify event for kube-prometheus-stack-admission-create: MODIFIED: timestamp=2025-11-16T16:22:19.522Z
2025-11-16T16:22:19.600Z [INFO]  provider.terraform-provider-helm_v2.17.0_x5: 2025/11/16 16:22:19 [DEBUG] Starting delete for "kube-prometheus-stack-admission" ServiceAccount: timestamp=2025-11-16T16:22:19.599Z
2025-11-16T16:22:19.628Z [INFO]  provider.terraform-provider-helm_v2.17.0_x5: 2025/11/16 16:22:19 [DEBUG] beginning wait for 1 resources to be deleted with timeout of 5m0s: timestamp=2025-11-16T16:22:19.628Z
2025-11-16T16:22:19.737Z [INFO]  provider.terraform-provider-helm_v2.17.0_x5: 2025/11/16 16:22:19 [DEBUG] Starting delete for "kube-prometheus-stack-admission" ClusterRole: timestamp=2025-11-16T16:22:19.737Z
2025-11-16T16:22:19.766Z [INFO]  provider.terraform-provider-helm_v2.17.0_x5: 2025/11/16 16:22:19 [DEBUG] beginning wait for 1 resources to be deleted with timeout of 5m0s: timestamp=2025-11-16T16:22:19.766Z
2025-11-16T16:22:19.848Z [INFO]  provider.terraform-provider-helm_v2.17.0_x5: 2025/11/16 16:22:19 [DEBUG] Starting delete for "kube-prometheus-stack-admission" ClusterRoleBinding: timestamp=2025-11-16T16:22:19.848Z
2025-11-16T16:22:19.884Z [INFO]  provider.terraform-provider-helm_v2.17.0_x5: 2025/11/16 16:22:19 [DEBUG] beginning wait for 1 resources to be deleted with timeout of 5m0s: timestamp=2025-11-16T16:22:19.883Z
2025-11-16T16:22:19.965Z [INFO]  provider.terraform-provider-helm_v2.17.0_x5: 2025/11/16 16:22:19 [DEBUG] Starting delete for "kube-prometheus-stack-admission" Role: timestamp=2025-11-16T16:22:19.965Z
2025-11-16T16:22:19.995Z [INFO]  provider.terraform-provider-helm_v2.17.0_x5: 2025/11/16 16:22:19 [DEBUG] beginning wait for 1 resources to be deleted with timeout of 5m0s: timestamp=2025-11-16T16:22:19.995Z
2025-11-16T16:22:20.107Z [INFO]  provider.terraform-provider-helm_v2.17.0_x5: 2025/11/16 16:22:20 [DEBUG] Starting delete for "kube-prometheus-stack-admission" RoleBinding: timestamp=2025-11-16T16:22:20.106Z
2025-11-16T16:22:20.141Z [INFO]  provider.terraform-provider-helm_v2.17.0_x5: 2025/11/16 16:22:20 [DEBUG] beginning wait for 1 resources to be deleted with timeout of 5m0s: timestamp=2025-11-16T16:22:20.141Z
2025-11-16T16:22:20.250Z [INFO]  provider.terraform-provider-helm_v2.17.0_x5: 2025/11/16 16:22:20 [DEBUG] Starting delete for "kube-prometheus-stack-admission-create" Job: timestamp=2025-11-16T16:22:20.249Z
2025-11-16T16:22:20.278Z [INFO]  provider.terraform-provider-helm_v2.17.0_x5: 2025/11/16 16:22:20 [DEBUG] beginning wait for 1 resources to be deleted with timeout of 5m0s: timestamp=2025-11-16T16:22:20.278Z
2025-11-16T16:22:20.331Z [INFO]  provider.terraform-provider-helm_v2.17.0_x5: 2025/11/16 16:22:20 [DEBUG] creating 110 resource(s): timestamp=2025-11-16T16:22:20.330Z
2025-11-16T16:22:20.789Z [WARN]  unexpected data: registry.terraform.io/hashicorp/helm:stderr="W1116 16:22:20.789156  173615 warnings.go:70] would violate PodSecurity \"baseline:latest\": host namespaces (hostNetwork=true, hostPID=true), hostPath volumes (volumes \"proc\", \"sys\", \"root\")"
2025-11-16T16:22:21.048Z [INFO]  provider.terraform-provider-helm_v2.17.0_x5: 2025/11/16 16:22:21 [DEBUG] beginning wait for 110 resources with timeout of 5m0s: timestamp=2025-11-16T16:22:21.048Z
2025-11-16T16:22:21.357Z [INFO]  provider.terraform-provider-helm_v2.17.0_x5: 2025/11/16 16:22:21 [DEBUG] DaemonSet is not ready: monitoring/kube-prometheus-stack-prometheus-node-exporter. 0 out of 1 expected pods have been scheduled: timestamp=2025-11-16T16:22:21.357Z
2025-11-16T16:22:23.430Z [INFO]  provider.terraform-provider-helm_v2.17.0_x5: 2025/11/16 16:22:23 [DEBUG] DaemonSet is not ready: monitoring/kube-prometheus-stack-prometheus-node-exporter. 0 out of 1 expected pods have been scheduled: timestamp=2025-11-16T16:22:23.430Z
2025-11-16T16:22:25.350Z [INFO]  provider.terraform-provider-helm_v2.17.0_x5: 2025/11/16 16:22:25 [DEBUG] DaemonSet is not ready: monitoring/kube-prometheus-stack-prometheus-node-exporter. 0 out of 1 expected pods have been scheduled: timestamp=2025-11-16T16:22:25.350Z
2025-11-16T16:22:27.344Z [INFO]  provider.terraform-provider-helm_v2.17.0_x5: 2025/11/16 16:22:27 [DEBUG] DaemonSet is not ready: monitoring/kube-prometheus-stack-prometheus-node-exporter. 0 out of 1 expected pods have been scheduled: timestamp=2025-11-16T16:22:27.344Z
2025-11-16T16:22:29.344Z [INFO]  provider.terraform-provider-helm_v2.17.0_x5: 2025/11/16 16:22:29 [DEBUG] DaemonSet is not ready: monitoring/kube-prometheus-stack-prometheus-node-exporter. 0 out of 1 expected pods have been scheduled: timestamp=2025-11-16T16:22:29.344Z
2025-11-16T16:22:31.355Z [INFO]  provider.terraform-provider-helm_v2.17.0_x5: 2025/11/16 16:22:31 [DEBUG] DaemonSet is not ready: monitoring/kube-prometheus-stack-prometheus-node-exporter. 0 out of 1 expected pods have been scheduled: timestamp=2025-11-16T16:22:31.354Z
2025-11-16T16:22:33.343Z [INFO]  provider.terraform-provider-helm_v2.17.0_x5: 2025/11/16 16:22:33 [DEBUG] DaemonSet is not ready: monitoring/kube-prometheus-stack-prometheus-node-exporter. 0 out of 1 expected pods have been scheduled: timestamp=2025-11-16T16:22:33.343Z
2025-11-16T16:22:35.345Z [INFO]  provider.terraform-provider-helm_v2.17.0_x5: 2025/11/16 16:22:35 [DEBUG] DaemonSet is not ready: monitoring/kube-prometheus-stack-prometheus-node-exporter. 0 out of 1 expected pods have been scheduled: timestamp=2025-11-16T16:22:35.345Z
2025-11-16T16:22:37.344Z [INFO]  provider.terraform-provider-helm_v2.17.0_x5: 2025/11/16 16:22:37 [DEBUG] DaemonSet is not ready: monitoring/kube-prometheus-stack-prometheus-node-exporter. 0 out of 1 expected pods have been scheduled: timestamp=2025-11-16T16:22:37.344Z
2025-11-16T16:22:39.350Z [INFO]  provider.terraform-provider-helm_v2.17.0_x5: 2025/11/16 16:22:39 [DEBUG] DaemonSet is not ready: monitoring/kube-prometheus-stack-prometheus-node-exporter. 0 out of 1 expected pods have been scheduled: timestamp=2025-11-16T16:22:39.350Z
2025-11-16T16:22:41.349Z [INFO]  provider.terraform-provider-helm_v2.17.0_x5: 2025/11/16 16:22:41 [DEBUG] DaemonSet is not ready: monitoring/kube-prometheus-stack-prometheus-node-exporter. 0 out of 1 expected pods have been scheduled: timestamp=2025-11-16T16:22:41.349Z
2025-11-16T16:22:43.344Z [INFO]  provider.terraform-provider-helm_v2.17.0_x5: 2025/11/16 16:22:43 [DEBUG] DaemonSet is not ready: monitoring/kube-prometheus-stack-prometheus-node-exporter. 0 out of 1 expected pods have been scheduled: timestamp=2025-11-16T16:22:43.344Z
2025-11-16T16:22:45.343Z [INFO]  provider.terraform-provider-helm_v2.17.0_x5: 2025/11/16 16:22:45 [DEBUG] DaemonSet is not ready: monitoring/kube-prometheus-stack-prometheus-node-exporter. 0 out of 1 expected pods have been scheduled: timestamp=2025-11-16T16:22:45.342Z
2025-11-16T16:22:47.347Z [INFO]  provider.terraform-provider-helm_v2.17.0_x5: 2025/11/16 16:22:47 [DEBUG] DaemonSet is not ready: monitoring/kube-prometheus-stack-prometheus-node-exporter. 0 out of 1 expected pods have been scheduled: timestamp=2025-11-16T16:22:47.347Z
2025-11-16T16:22:49.341Z [INFO]  provider.terraform-provider-helm_v2.17.0_x5: 2025/11/16 16:22:49 [DEBUG] DaemonSet is not ready: monitoring/kube-prometheus-stack-prometheus-node-exporter. 0 out of 1 expected pods have been scheduled: timestamp=2025-11-16T16:22:49.341Z
2025-11-16T16:22:51.347Z [INFO]  provider.terraform-provider-helm_v2.17.0_x5: 2025/11/16 16:22:51 [DEBUG] DaemonSet is not ready: monitoring/kube-prometheus-stack-prometheus-node-exporter. 0 out of 1 expected pods have been scheduled: timestamp=2025-11-16T16:22:51.347Z
2025-11-16T16:22:53.345Z [INFO]  provider.terraform-provider-helm_v2.17.0_x5: 2025/11/16 16:22:53 [DEBUG] DaemonSet is not ready: monitoring/kube-prometheus-stack-prometheus-node-exporter. 0 out of 1 expected pods have been scheduled: timestamp=2025-11-16T16:22:53.345Z
2025-11-16T16:22:55.345Z [INFO]  provider.terraform-provider-helm_v2.17.0_x5: 2025/11/16 16:22:55 [DEBUG] DaemonSet is not ready: monitoring/kube-prometheus-stack-prometheus-node-exporter. 0 out of 1 expected pods have been scheduled: timestamp=2025-11-16T16:22:55.345Z
2025-11-16T16:22:57.344Z [INFO]  provider.terraform-provider-helm_v2.17.0_x5: 2025/11/16 16:22:57 [DEBUG] DaemonSet is not ready: monitoring/kube-prometheus-stack-prometheus-node-exporter. 0 out of 1 expected pods have been scheduled: timestamp=2025-11-16T16:22:57.344Z
2025-11-16T16:22:59.346Z [INFO]  provider.terraform-provider-helm_v2.17.0_x5: 2025/11/16 16:22:59 [DEBUG] DaemonSet is not ready: monitoring/kube-prometheus-stack-prometheus-node-exporter. 0 out of 1 expected pods have been scheduled: timestamp=2025-11-16T16:22:59.345Z
2025-11-16T16:23:01.355Z [INFO]  provider.terraform-provider-helm_v2.17.0_x5: 2025/11/16 16:23:01 [DEBUG] DaemonSet is not ready: monitoring/kube-prometheus-stack-prometheus-node-exporter. 0 out of 1 expected pods have been scheduled: timestamp=2025-11-16T16:23:01.355Z
2025-11-16T16:23:03.349Z [INFO]  provider.terraform-provider-helm_v2.17.0_x5: 2025/11/16 16:23:03 [DEBUG] DaemonSet is not ready: monitoring/kube-prometheus-stack-prometheus-node-exporter. 0 out of 1 expected pods have been scheduled: timestamp=2025-11-16T16:23:03.348Z
2025-11-16T16:23:05.383Z [INFO]  provider.terraform-provider-helm_v2.17.0_x5: 2025/11/16 16:23:05 [DEBUG] DaemonSet is not ready: monitoring/kube-prometheus-stack-prometheus-node-exporter. 0 out of 1 expected pods have been scheduled: timestamp=2025-11-16T16:23:05.383Z
2025-11-16T16:23:07.344Z [INFO]  provider.terraform-provider-helm_v2.17.0_x5: 2025/11/16 16:23:07 [DEBUG] DaemonSet is not ready: monitoring/kube-prometheus-stack-prometheus-node-exporter. 0 out of 1 expected pods have been scheduled: timestamp=2025-11-16T16:23:07.344Z
2025-11-16T16:23:09.345Z [INFO]  provider.terraform-provider-helm_v2.17.0_x5: 2025/11/16 16:23:09 [DEBUG] DaemonSet is not ready: monitoring/kube-prometheus-stack-prometheus-node-exporter. 0 out of 1 expected pods have been scheduled: timestamp=2025-11-16T16:23:09.344Z
2025-11-16T16:23:11.351Z [INFO]  provider.terraform-provider-helm_v2.17.0_x5: 2025/11/16 16:23:11 [DEBUG] DaemonSet is not ready: monitoring/kube-prometheus-stack-prometheus-node-exporter. 0 out of 1 expected pods have been scheduled: timestamp=2025-11-16T16:23:11.351Z
2025-11-16T16:23:13.347Z [INFO]  provider.terraform-provider-helm_v2.17.0_x5: 2025/11/16 16:23:13 [DEBUG] DaemonSet is not ready: monitoring/kube-prometheus-stack-prometheus-node-exporter. 0 out of 1 expected pods have been scheduled: timestamp=2025-11-16T16:23:13.347Z
2025-11-16T16:23:15.350Z [INFO]  provider.terraform-provider-helm_v2.17.0_x5: 2025/11/16 16:23:15 [DEBUG] DaemonSet is not ready: monitoring/kube-prometheus-stack-prometheus-node-exporter. 0 out of 1 expected pods have been scheduled: timestamp=2025-11-16T16:23:15.350Z
2025-11-16T16:23:17.351Z [INFO]  provider.terraform-provider-helm_v2.17.0_x5: 2025/11/16 16:23:17 [DEBUG] DaemonSet is not ready: monitoring/kube-prometheus-stack-prometheus-node-exporter. 0 out of 1 expected pods have been scheduled: timestamp=2025-11-16T16:23:17.350Z
2025-11-16T16:23:19.347Z [INFO]  provider.terraform-provider-helm_v2.17.0_x5: 2025/11/16 16:23:19 [DEBUG] DaemonSet is not ready: monitoring/kube-prometheus-stack-prometheus-node-exporter. 0 out of 1 expected pods have been scheduled: timestamp=2025-11-16T16:23:19.347Z
2025-11-16T16:23:21.346Z [INFO]  provider.terraform-provider-helm_v2.17.0_x5: 2025/11/16 16:23:21 [DEBUG] DaemonSet is not ready: monitoring/kube-prometheus-stack-prometheus-node-exporter. 0 out of 1 expected pods have been scheduled: timestamp=2025-11-16T16:23:21.346Z
2025-11-16T16:23:23.345Z [INFO]  provider.terraform-provider-helm_v2.17.0_x5: 2025/11/16 16:23:23 [DEBUG] DaemonSet is not ready: monitoring/kube-prometheus-stack-prometheus-node-exporter. 0 out of 1 expected pods have been scheduled: timestamp=2025-11-16T16:23:23.345Z
2025-11-16T16:23:25.347Z [INFO]  provider.terraform-provider-helm_v2.17.0_x5: 2025/11/16 16:23:25 [DEBUG] DaemonSet is not ready: monitoring/kube-prometheus-stack-prometheus-node-exporter. 0 out of 1 expected pods have been scheduled: timestamp=2025-11-16T16:23:25.347Z
2025-11-16T16:23:27.347Z [INFO]  provider.terraform-provider-helm_v2.17.0_x5: 2025/11/16 16:23:27 [DEBUG] DaemonSet is not ready: monitoring/kube-prometheus-stack-prometheus-node-exporter. 0 out of 1 expected pods have been scheduled: timestamp=2025-11-16T16:23:27.346Z
2025-11-16T16:23:29.346Z [INFO]  provider.terraform-provider-helm_v2.17.0_x5: 2025/11/16 16:23:29 [DEBUG] DaemonSet is not ready: monitoring/kube-prometheus-stack-prometheus-node-exporter. 0 out of 1 expected pods have been scheduled: timestamp=2025-11-16T16:23:29.346Z
2025-11-16T16:23:31.359Z [INFO]  provider.terraform-provider-helm_v2.17.0_x5: 2025/11/16 16:23:31 [DEBUG] DaemonSet is not ready: monitoring/kube-prometheus-stack-prometheus-node-exporter. 0 out of 1 expected pods have been scheduled: timestamp=2025-11-16T16:23:31.359Z
2025-11-16T16:23:33.346Z [INFO]  provider.terraform-provider-helm_v2.17.0_x5: 2025/11/16 16:23:33 [DEBUG] DaemonSet is not ready: monitoring/kube-prometheus-stack-prometheus-node-exporter. 0 out of 1 expected pods have been scheduled: timestamp=2025-11-16T16:23:33.346Z
2025-11-16T16:23:35.346Z [INFO]  provider.terraform-provider-helm_v2.17.0_x5: 2025/11/16 16:23:35 [DEBUG] DaemonSet is not ready: monitoring/kube-prometheus-stack-prometheus-node-exporter. 0 out of 1 expected pods have been scheduled: timestamp=2025-11-16T16:23:35.346Z
2025-11-16T16:23:37.348Z [INFO]  provider.terraform-provider-helm_v2.17.0_x5: 2025/11/16 16:23:37 [DEBUG] DaemonSet is not ready: monitoring/kube-prometheus-stack-prometheus-node-exporter. 0 out of 1 expected pods have been scheduled: timestamp=2025-11-16T16:23:37.347Z
2025-11-16T16:23:39.348Z [INFO]  provider.terraform-provider-helm_v2.17.0_x5: 2025/11/16 16:23:39 [DEBUG] DaemonSet is not ready: monitoring/kube-prometheus-stack-prometheus-node-exporter. 0 out of 1 expected pods have been scheduled: timestamp=2025-11-16T16:23:39.348Z
2025-11-16T16:23:41.347Z [INFO]  provider.terraform-provider-helm_v2.17.0_x5: 2025/11/16 16:23:41 [DEBUG] DaemonSet is not ready: monitoring/kube-prometheus-stack-prometheus-node-exporter. 0 out of 1 expected pods have been scheduled: timestamp=2025-11-16T16:23:41.347Z
2025-11-16T16:23:43.341Z [INFO]  provider.terraform-provider-helm_v2.17.0_x5: 2025/11/16 16:23:43 [DEBUG] DaemonSet is not ready: monitoring/kube-prometheus-stack-prometheus-node-exporter. 0 out of 1 expected pods have been scheduled: timestamp=2025-11-16T16:23:43.341Z
2025-11-16T16:23:45.348Z [INFO]  provider.terraform-provider-helm_v2.17.0_x5: 2025/11/16 16:23:45 [DEBUG] DaemonSet is not ready: monitoring/kube-prometheus-stack-prometheus-node-exporter. 0 out of 1 expected pods have been scheduled: timestamp=2025-11-16T16:23:45.347Z
2025-11-16T16:23:47.349Z [INFO]  provider.terraform-provider-helm_v2.17.0_x5: 2025/11/16 16:23:47 [DEBUG] DaemonSet is not ready: monitoring/kube-prometheus-stack-prometheus-node-exporter. 0 out of 1 expected pods have been scheduled: timestamp=2025-11-16T16:23:47.348Z
2025-11-16T16:23:49.346Z [INFO]  provider.terraform-provider-helm_v2.17.0_x5: 2025/11/16 16:23:49 [DEBUG] DaemonSet is not ready: monitoring/kube-prometheus-stack-prometheus-node-exporter. 0 out of 1 expected pods have been scheduled: timestamp=2025-11-16T16:23:49.346Z
2025-11-16T16:23:51.353Z [INFO]  provider.terraform-provider-helm_v2.17.0_x5: 2025/11/16 16:23:51 [DEBUG] DaemonSet is not ready: monitoring/kube-prometheus-stack-prometheus-node-exporter. 0 out of 1 expected pods have been scheduled: timestamp=2025-11-16T16:23:51.353Z
2025-11-16T16:23:53.350Z [INFO]  provider.terraform-provider-helm_v2.17.0_x5: 2025/11/16 16:23:53 [DEBUG] DaemonSet is not ready: monitoring/kube-prometheus-stack-prometheus-node-exporter. 0 out of 1 expected pods have been scheduled: timestamp=2025-11-16T16:23:53.349Z
2025-11-16T16:23:55.348Z [INFO]  provider.terraform-provider-helm_v2.17.0_x5: 2025/11/16 16:23:55 [DEBUG] DaemonSet is not ready: monitoring/kube-prometheus-stack-prometheus-node-exporter. 0 out of 1 expected pods have been scheduled: timestamp=2025-11-16T16:23:55.348Z
2025-11-16T16:23:57.348Z [INFO]  provider.terraform-provider-helm_v2.17.0_x5: 2025/11/16 16:23:57 [DEBUG] DaemonSet is not ready: monitoring/kube-prometheus-stack-prometheus-node-exporter. 0 out of 1 expected pods have been scheduled: timestamp=2025-11-16T16:23:57.348Z
2025-11-16T16:23:59.341Z [INFO]  provider.terraform-provider-helm_v2.17.0_x5: 2025/11/16 16:23:59 [DEBUG] DaemonSet is not ready: monitoring/kube-prometheus-stack-prometheus-node-exporter. 0 out of 1 expected pods have been scheduled: timestamp=2025-11-16T16:23:59.341Z
2025-11-16T16:24:01.353Z [INFO]  provider.terraform-provider-helm_v2.17.0_x5: 2025/11/16 16:24:01 [DEBUG] DaemonSet is not ready: monitoring/kube-prometheus-stack-prometheus-node-exporter. 0 out of 1 expected pods have been scheduled: timestamp=2025-11-16T16:24:01.353Z
2025-11-16T16:24:03.345Z [INFO]  provider.terraform-provider-helm_v2.17.0_x5: 2025/11/16 16:24:03 [DEBUG] DaemonSet is not ready: monitoring/kube-prometheus-stack-prometheus-node-exporter. 0 out of 1 expected pods have been scheduled: timestamp=2025-11-16T16:24:03.345Z
2025-11-16T16:24:05.347Z [INFO]  provider.terraform-provider-helm_v2.17.0_x5: 2025/11/16 16:24:05 [DEBUG] DaemonSet is not ready: monitoring/kube-prometheus-stack-prometheus-node-exporter. 0 out of 1 expected pods have been scheduled: timestamp=2025-11-16T16:24:05.347Z
2025-11-16T16:24:07.341Z [INFO]  provider.terraform-provider-helm_v2.17.0_x5: 2025/11/16 16:24:07 [DEBUG] DaemonSet is not ready: monitoring/kube-prometheus-stack-prometheus-node-exporter. 0 out of 1 expected pods have been scheduled: timestamp=2025-11-16T16:24:07.341Z
2025-11-16T16:24:09.349Z [INFO]  provider.terraform-provider-helm_v2.17.0_x5: 2025/11/16 16:24:09 [DEBUG] DaemonSet is not ready: monitoring/kube-prometheus-stack-prometheus-node-exporter. 0 out of 1 expected pods have been scheduled: timestamp=2025-11-16T16:24:09.349Z
2025-11-16T16:24:11.347Z [INFO]  provider.terraform-provider-helm_v2.17.0_x5: 2025/11/16 16:24:11 [DEBUG] DaemonSet is not ready: monitoring/kube-prometheus-stack-prometheus-node-exporter. 0 out of 1 expected pods have been scheduled: timestamp=2025-11-16T16:24:11.347Z
2025-11-16T16:24:13.351Z [INFO]  provider.terraform-provider-helm_v2.17.0_x5: 2025/11/16 16:24:13 [DEBUG] DaemonSet is not ready: monitoring/kube-prometheus-stack-prometheus-node-exporter. 0 out of 1 expected pods have been scheduled: timestamp=2025-11-16T16:24:13.351Z
2025-11-16T16:24:15.343Z [INFO]  provider.terraform-provider-helm_v2.17.0_x5: 2025/11/16 16:24:15 [DEBUG] DaemonSet is not ready: monitoring/kube-prometheus-stack-prometheus-node-exporter. 0 out of 1 expected pods have been scheduled: timestamp=2025-11-16T16:24:15.343Z
2025-11-16T16:24:17.346Z [INFO]  provider.terraform-provider-helm_v2.17.0_x5: 2025/11/16 16:24:17 [DEBUG] DaemonSet is not ready: monitoring/kube-prometheus-stack-prometheus-node-exporter. 0 out of 1 expected pods have been scheduled: timestamp=2025-11-16T16:24:17.346Z
2025-11-16T16:24:19.348Z [INFO]  provider.terraform-provider-helm_v2.17.0_x5: 2025/11/16 16:24:19 [DEBUG] DaemonSet is not ready: monitoring/kube-prometheus-stack-prometheus-node-exporter. 0 out of 1 expected pods have been scheduled: timestamp=2025-11-16T16:24:19.347Z
2025-11-16T16:24:21.349Z [INFO]  provider.terraform-provider-helm_v2.17.0_x5: 2025/11/16 16:24:21 [DEBUG] DaemonSet is not ready: monitoring/kube-prometheus-stack-prometheus-node-exporter. 0 out of 1 expected pods have been scheduled: timestamp=2025-11-16T16:24:21.349Z
2025-11-16T16:24:23.349Z [INFO]  provider.terraform-provider-helm_v2.17.0_x5: 2025/11/16 16:24:23 [DEBUG] DaemonSet is not ready: monitoring/kube-prometheus-stack-prometheus-node-exporter. 0 out of 1 expected pods have been scheduled: timestamp=2025-11-16T16:24:23.349Z
2025-11-16T16:24:25.336Z [INFO]  provider.terraform-provider-helm_v2.17.0_x5: 2025/11/16 16:24:25 [DEBUG] DaemonSet is not ready: monitoring/kube-prometheus-stack-prometheus-node-exporter. 0 out of 1 expected pods have been scheduled: timestamp=2025-11-16T16:24:25.336Z
2025-11-16T16:24:27.340Z [INFO]  provider.terraform-provider-helm_v2.17.0_x5: 2025/11/16 16:24:27 [DEBUG] DaemonSet is not ready: monitoring/kube-prometheus-stack-prometheus-node-exporter. 0 out of 1 expected pods have been scheduled: timestamp=2025-11-16T16:24:27.340Z
2025-11-16T16:24:29.345Z [INFO]  provider.terraform-provider-helm_v2.17.0_x5: 2025/11/16 16:24:29 [DEBUG] DaemonSet is not ready: monitoring/kube-prometheus-stack-prometheus-node-exporter. 0 out of 1 expected pods have been scheduled: timestamp=2025-11-16T16:24:29.345Z
2025-11-16T16:24:31.351Z [INFO]  provider.terraform-provider-helm_v2.17.0_x5: 2025/11/16 16:24:31 [DEBUG] DaemonSet is not ready: monitoring/kube-prometheus-stack-prometheus-node-exporter. 0 out of 1 expected pods have been scheduled: timestamp=2025-11-16T16:24:31.351Z
2025-11-16T16:24:33.352Z [INFO]  provider.terraform-provider-helm_v2.17.0_x5: 2025/11/16 16:24:33 [DEBUG] DaemonSet is not ready: monitoring/kube-prometheus-stack-prometheus-node-exporter. 0 out of 1 expected pods have been scheduled: timestamp=2025-11-16T16:24:33.352Z
2025-11-16T16:24:35.347Z [INFO]  provider.terraform-provider-helm_v2.17.0_x5: 2025/11/16 16:24:35 [DEBUG] DaemonSet is not ready: monitoring/kube-prometheus-stack-prometheus-node-exporter. 0 out of 1 expected pods have been scheduled: timestamp=2025-11-16T16:24:35.347Z
2025-11-16T16:24:37.352Z [INFO]  provider.terraform-provider-helm_v2.17.0_x5: 2025/11/16 16:24:37 [DEBUG] DaemonSet is not ready: monitoring/kube-prometheus-stack-prometheus-node-exporter. 0 out of 1 expected pods have been scheduled: timestamp=2025-11-16T16:24:37.351Z
2025-11-16T16:24:39.354Z [INFO]  provider.terraform-provider-helm_v2.17.0_x5: 2025/11/16 16:24:39 [DEBUG] DaemonSet is not ready: monitoring/kube-prometheus-stack-prometheus-node-exporter. 0 out of 1 expected pods have been scheduled: timestamp=2025-11-16T16:24:39.354Z
2025-11-16T16:24:41.354Z [INFO]  provider.terraform-provider-helm_v2.17.0_x5: 2025/11/16 16:24:41 [DEBUG] DaemonSet is not ready: monitoring/kube-prometheus-stack-prometheus-node-exporter. 0 out of 1 expected pods have been scheduled: timestamp=2025-11-16T16:24:41.354Z
2025-11-16T16:24:43.348Z [INFO]  provider.terraform-provider-helm_v2.17.0_x5: 2025/11/16 16:24:43 [DEBUG] DaemonSet is not ready: monitoring/kube-prometheus-stack-prometheus-node-exporter. 0 out of 1 expected pods have been scheduled: timestamp=2025-11-16T16:24:43.348Z
2025-11-16T16:24:43.985Z [WARN]  terraform: Stop called, initiating interrupt sequence
2025-11-16T16:24:43.985Z [WARN]  terraform: run context exists, stopping
2025-11-16T16:24:43.985Z [INFO]  terraform: waiting for graceful stop to complete
2025-11-16T16:24:45.343Z [INFO]  provider.terraform-provider-helm_v2.17.0_x5: 2025/11/16 16:24:45 [DEBUG] DaemonSet is not ready: monitoring/kube-prometheus-stack-prometheus-node-exporter. 0 out of 1 expected pods have been scheduled: timestamp=2025-11-16T16:24:45.343Z
2025-11-16T16:24:47.352Z [INFO]  provider.terraform-provider-helm_v2.17.0_x5: 2025/11/16 16:24:47 [DEBUG] DaemonSet is not ready: monitoring/kube-prometheus-stack-prometheus-node-exporter. 0 out of 1 expected pods have been scheduled: timestamp=2025-11-16T16:24:47.352Z
2025-11-16T16:24:47.611Z [WARN]  running operation was forcefully canceled
2025-11-16T16:24:47.612Z [DEBUG] provider.stdio: received EOF, stopping recv loop: err="rpc error: code = Unavailable desc = error reading from server: EOF"
2025-11-16T16:24:47.612Z [ERROR] plugin.(*GRPCProvider).ApplyResourceChange: error="rpc error: code = Unavailable desc = error reading from server: EOF"
2025-11-16T16:24:47.617Z [ERROR] vertex "helm_release.kps" error: Plugin did not respond
2025-11-16T16:24:47.617Z [ERROR] vertex "helm_release.kps" error: execution halted
2025-11-16T16:24:47.617Z [ERROR] vertex "helm_release.kps" error: execution halted
2025-11-16T16:24:47.617Z [WARN]  terraform: stop complete
2025-11-16T16:24:47.618Z [INFO]  provider: plugin process exited: plugin=.terraform/providers/registry.terraform.io/hashicorp/helm/2.17.0/linux_amd64/terraform-provider-helm_v2.17.0_x5 id=173615
2025-11-16T16:24:47.618Z [DEBUG] provider: plugin exited
2025-11-16T16:25:03.533Z [INFO]  Terraform version: 1.9.8
2025-11-16T16:25:03.533Z [DEBUG] using github.com/hashicorp/go-tfe v1.58.0
2025-11-16T16:25:03.533Z [DEBUG] using github.com/hashicorp/hcl/v2 v2.20.0
2025-11-16T16:25:03.533Z [DEBUG] using github.com/hashicorp/terraform-svchost v0.1.1
2025-11-16T16:25:03.533Z [DEBUG] using github.com/zclconf/go-cty v1.14.4
2025-11-16T16:25:03.533Z [INFO]  Go runtime version: go1.22.7
2025-11-16T16:25:03.533Z [INFO]  CLI args: []string{"terraform", "apply", "--auto-approve"}
2025-11-16T16:25:03.533Z [DEBUG] Attempting to open CLI config file: /root/.terraformrc
2025-11-16T16:25:03.533Z [DEBUG] File doesn't exist, but doesn't need to. Ignoring.
2025-11-16T16:25:03.533Z [DEBUG] ignoring non-existing provider search directory terraform.d/plugins
2025-11-16T16:25:03.533Z [DEBUG] ignoring non-existing provider search directory /root/.terraform.d/plugins
2025-11-16T16:25:03.533Z [DEBUG] ignoring non-existing provider search directory /root/.local/share/terraform/plugins
2025-11-16T16:25:03.533Z [DEBUG] ignoring non-existing provider search directory /usr/local/share/terraform/plugins
2025-11-16T16:25:03.533Z [DEBUG] ignoring non-existing provider search directory /usr/share/terraform/plugins
2025-11-16T16:25:03.533Z [DEBUG] ignoring non-existing provider search directory /var/lib/snapd/desktop/terraform/plugins
2025-11-16T16:25:03.534Z [INFO]  CLI command args: []string{"apply", "--auto-approve"}
2025-11-16T16:25:03.629Z [DEBUG] checking for provisioner in "."
2025-11-16T16:25:03.629Z [DEBUG] checking for provisioner in "/usr/local/bin"
2025-11-16T16:25:03.629Z [INFO]  backend/local: starting Apply operation
2025-11-16T16:25:03.631Z [DEBUG] created provider logger: level=debug
2025-11-16T16:25:03.631Z [INFO]  provider: configuring client automatic mTLS
2025-11-16T16:25:03.650Z [DEBUG] provider: starting plugin: path=.terraform/providers/registry.terraform.io/hashicorp/helm/2.17.0/linux_amd64/terraform-provider-helm_v2.17.0_x5 args=[".terraform/providers/registry.terraform.io/hashicorp/helm/2.17.0/linux_amd64/terraform-provider-helm_v2.17.0_x5"]
2025-11-16T16:25:03.650Z [DEBUG] provider: plugin started: path=.terraform/providers/registry.terraform.io/hashicorp/helm/2.17.0/linux_amd64/terraform-provider-helm_v2.17.0_x5 pid=173728
2025-11-16T16:25:03.650Z [DEBUG] provider: waiting for RPC address: plugin=.terraform/providers/registry.terraform.io/hashicorp/helm/2.17.0/linux_amd64/terraform-provider-helm_v2.17.0_x5
2025-11-16T16:25:03.672Z [INFO]  provider.terraform-provider-helm_v2.17.0_x5: configuring server automatic mTLS: timestamp=2025-11-16T16:25:03.672Z
2025-11-16T16:25:03.698Z [DEBUG] provider: using plugin: version=5
2025-11-16T16:25:03.698Z [DEBUG] provider.terraform-provider-helm_v2.17.0_x5: plugin address: address=/tmp/plugin77691597 network=unix timestamp=2025-11-16T16:25:03.698Z
2025-11-16T16:25:03.724Z [DEBUG] provider.stdio: received EOF, stopping recv loop: err="rpc error: code = Unavailable desc = error reading from server: EOF"
2025-11-16T16:25:03.726Z [INFO]  provider: plugin process exited: plugin=.terraform/providers/registry.terraform.io/hashicorp/helm/2.17.0/linux_amd64/terraform-provider-helm_v2.17.0_x5 id=173728
2025-11-16T16:25:03.726Z [DEBUG] provider: plugin exited
2025-11-16T16:25:03.726Z [DEBUG] created provider logger: level=debug
2025-11-16T16:25:03.726Z [INFO]  provider: configuring client automatic mTLS
2025-11-16T16:25:03.738Z [DEBUG] provider: starting plugin: path=.terraform/providers/registry.terraform.io/hashicorp/kubernetes/2.38.0/linux_amd64/terraform-provider-kubernetes_v2.38.0_x5 args=[".terraform/providers/registry.terraform.io/hashicorp/kubernetes/2.38.0/linux_amd64/terraform-provider-kubernetes_v2.38.0_x5"]
2025-11-16T16:25:03.738Z [DEBUG] provider: plugin started: path=.terraform/providers/registry.terraform.io/hashicorp/kubernetes/2.38.0/linux_amd64/terraform-provider-kubernetes_v2.38.0_x5 pid=173737
2025-11-16T16:25:03.738Z [DEBUG] provider: waiting for RPC address: plugin=.terraform/providers/registry.terraform.io/hashicorp/kubernetes/2.38.0/linux_amd64/terraform-provider-kubernetes_v2.38.0_x5
2025-11-16T16:25:03.791Z [INFO]  provider.terraform-provider-kubernetes_v2.38.0_x5: configuring server automatic mTLS: timestamp=2025-11-16T16:25:03.791Z
2025-11-16T16:25:03.820Z [DEBUG] provider: using plugin: version=5
2025-11-16T16:25:03.820Z [DEBUG] provider.terraform-provider-kubernetes_v2.38.0_x5: plugin address: address=/tmp/plugin2302769800 network=unix timestamp=2025-11-16T16:25:03.820Z
2025-11-16T16:25:03.973Z [DEBUG] provider.stdio: received EOF, stopping recv loop: err="rpc error: code = Unavailable desc = error reading from server: EOF"
2025-11-16T16:25:03.976Z [INFO]  provider: plugin process exited: plugin=.terraform/providers/registry.terraform.io/hashicorp/kubernetes/2.38.0/linux_amd64/terraform-provider-kubernetes_v2.38.0_x5 id=173737
2025-11-16T16:25:03.976Z [DEBUG] provider: plugin exited
2025-11-16T16:25:03.977Z [DEBUG] Building and walking validate graph
2025-11-16T16:25:03.977Z [DEBUG] ProviderTransformer: "helm_release.kps" (*terraform.NodeValidatableResource) needs provider["registry.terraform.io/hashicorp/helm"]
2025-11-16T16:25:03.977Z [DEBUG] ProviderTransformer: "kubernetes_namespace.monitoring" (*terraform.NodeValidatableResource) needs provider["registry.terraform.io/hashicorp/kubernetes"]
2025-11-16T16:25:03.977Z [DEBUG] ProviderTransformer: "kubernetes_manifest.prometheus_service" (*terraform.NodeValidatableResource) needs provider["registry.terraform.io/hashicorp/kubernetes"]
2025-11-16T16:25:03.977Z [DEBUG] ProviderTransformer: "kubernetes_manifest.grafana_service" (*terraform.NodeValidatableResource) needs provider["registry.terraform.io/hashicorp/kubernetes"]
2025-11-16T16:25:03.977Z [DEBUG] ReferenceTransformer: "provider[\"registry.terraform.io/hashicorp/kubernetes\"]" references: []
2025-11-16T16:25:03.977Z [DEBUG] ReferenceTransformer: "provider[\"registry.terraform.io/hashicorp/helm\"]" references: []
2025-11-16T16:25:03.978Z [DEBUG] ReferenceTransformer: "helm_release.kps" references: [kubernetes_namespace.monitoring kubernetes_namespace.monitoring]
2025-11-16T16:25:03.978Z [DEBUG] ReferenceTransformer: "kubernetes_namespace.monitoring" references: []
2025-11-16T16:25:03.978Z [DEBUG] ReferenceTransformer: "kubernetes_manifest.prometheus_service" references: []
2025-11-16T16:25:03.978Z [DEBUG] ReferenceTransformer: "kubernetes_manifest.grafana_service" references: []
2025-11-16T16:25:03.978Z [DEBUG] ReferenceTransformer: "output.grafana_infos (expand)" references: []
2025-11-16T16:25:03.978Z [DEBUG] ReferenceTransformer: "output.prometheus_url (expand)" references: []
2025-11-16T16:25:03.978Z [DEBUG] Starting graph walk: walkValidate
2025-11-16T16:25:03.978Z [DEBUG] created provider logger: level=debug
2025-11-16T16:25:03.978Z [INFO]  provider: configuring client automatic mTLS
2025-11-16T16:25:03.991Z [DEBUG] provider: starting plugin: path=.terraform/providers/registry.terraform.io/hashicorp/kubernetes/2.38.0/linux_amd64/terraform-provider-kubernetes_v2.38.0_x5 args=[".terraform/providers/registry.terraform.io/hashicorp/kubernetes/2.38.0/linux_amd64/terraform-provider-kubernetes_v2.38.0_x5"]
2025-11-16T16:25:03.992Z [DEBUG] provider: plugin started: path=.terraform/providers/registry.terraform.io/hashicorp/kubernetes/2.38.0/linux_amd64/terraform-provider-kubernetes_v2.38.0_x5 pid=173746
2025-11-16T16:25:03.992Z [DEBUG] provider: waiting for RPC address: plugin=.terraform/providers/registry.terraform.io/hashicorp/kubernetes/2.38.0/linux_amd64/terraform-provider-kubernetes_v2.38.0_x5
2025-11-16T16:25:04.048Z [INFO]  provider.terraform-provider-kubernetes_v2.38.0_x5: configuring server automatic mTLS: timestamp=2025-11-16T16:25:04.048Z
2025-11-16T16:25:04.066Z [DEBUG] provider.terraform-provider-kubernetes_v2.38.0_x5: plugin address: address=/tmp/plugin1474407963 network=unix timestamp=2025-11-16T16:25:04.066Z
2025-11-16T16:25:04.066Z [DEBUG] provider: using plugin: version=5
2025-11-16T16:25:04.084Z [DEBUG] created provider logger: level=debug
2025-11-16T16:25:04.084Z [INFO]  provider: configuring client automatic mTLS
2025-11-16T16:25:04.097Z [DEBUG] provider: starting plugin: path=.terraform/providers/registry.terraform.io/hashicorp/helm/2.17.0/linux_amd64/terraform-provider-helm_v2.17.0_x5 args=[".terraform/providers/registry.terraform.io/hashicorp/helm/2.17.0/linux_amd64/terraform-provider-helm_v2.17.0_x5"]
2025-11-16T16:25:04.097Z [DEBUG] provider: plugin started: path=.terraform/providers/registry.terraform.io/hashicorp/helm/2.17.0/linux_amd64/terraform-provider-helm_v2.17.0_x5 pid=173754
2025-11-16T16:25:04.097Z [DEBUG] provider: waiting for RPC address: plugin=.terraform/providers/registry.terraform.io/hashicorp/helm/2.17.0/linux_amd64/terraform-provider-helm_v2.17.0_x5
2025-11-16T16:25:04.132Z [INFO]  provider.terraform-provider-helm_v2.17.0_x5: configuring server automatic mTLS: timestamp=2025-11-16T16:25:04.132Z
2025-11-16T16:25:04.157Z [DEBUG] provider: using plugin: version=5
2025-11-16T16:25:04.157Z [DEBUG] provider.terraform-provider-helm_v2.17.0_x5: plugin address: address=/tmp/plugin1593444875 network=unix timestamp=2025-11-16T16:25:04.156Z
2025-11-16T16:25:04.175Z [DEBUG] skipping FixUpBlockAttrs
2025-11-16T16:25:04.175Z [DEBUG] skipping FixUpBlockAttrs
2025-11-16T16:25:04.180Z [DEBUG] provider.stdio: received EOF, stopping recv loop: err="rpc error: code = Unavailable desc = error reading from server: EOF"
2025-11-16T16:25:04.183Z [INFO]  provider: plugin process exited: plugin=.terraform/providers/registry.terraform.io/hashicorp/kubernetes/2.38.0/linux_amd64/terraform-provider-kubernetes_v2.38.0_x5 id=173746
2025-11-16T16:25:04.183Z [DEBUG] provider: plugin exited
2025-11-16T16:25:04.183Z [DEBUG] provider.stdio: received EOF, stopping recv loop: err="rpc error: code = Unavailable desc = error reading from server: EOF"
2025-11-16T16:25:04.186Z [INFO]  provider: plugin process exited: plugin=.terraform/providers/registry.terraform.io/hashicorp/helm/2.17.0/linux_amd64/terraform-provider-helm_v2.17.0_x5 id=173754
2025-11-16T16:25:04.186Z [DEBUG] provider: plugin exited
2025-11-16T16:25:04.186Z [INFO]  backend/local: apply calling Plan
2025-11-16T16:25:04.186Z [DEBUG] Building and walking plan graph for NormalMode
2025-11-16T16:25:04.186Z [DEBUG] ProviderTransformer: "kubernetes_manifest.prometheus_service (expand)" (*terraform.nodeExpandPlannableResource) needs provider["registry.terraform.io/hashicorp/kubernetes"]
2025-11-16T16:25:04.186Z [DEBUG] ProviderTransformer: "kubernetes_manifest.grafana_service (expand)" (*terraform.nodeExpandPlannableResource) needs provider["registry.terraform.io/hashicorp/kubernetes"]
2025-11-16T16:25:04.186Z [DEBUG] ProviderTransformer: "helm_release.kps (expand)" (*terraform.nodeExpandPlannableResource) needs provider["registry.terraform.io/hashicorp/helm"]
2025-11-16T16:25:04.186Z [DEBUG] ProviderTransformer: "kubernetes_namespace.monitoring (expand)" (*terraform.nodeExpandPlannableResource) needs provider["registry.terraform.io/hashicorp/kubernetes"]
2025-11-16T16:25:04.186Z [DEBUG] ReferenceTransformer: "kubernetes_manifest.prometheus_service (expand)" references: []
2025-11-16T16:25:04.186Z [DEBUG] ReferenceTransformer: "kubernetes_manifest.grafana_service (expand)" references: []
2025-11-16T16:25:04.186Z [DEBUG] ReferenceTransformer: "output.grafana_infos (expand)" references: []
2025-11-16T16:25:04.186Z [DEBUG] ReferenceTransformer: "output.prometheus_url (expand)" references: []
2025-11-16T16:25:04.186Z [DEBUG] ReferenceTransformer: "provider[\"registry.terraform.io/hashicorp/kubernetes\"]" references: []
2025-11-16T16:25:04.186Z [DEBUG] ReferenceTransformer: "provider[\"registry.terraform.io/hashicorp/helm\"]" references: []
2025-11-16T16:25:04.187Z [DEBUG] ReferenceTransformer: "helm_release.kps (expand)" references: [kubernetes_namespace.monitoring (expand) kubernetes_namespace.monitoring (expand)]
2025-11-16T16:25:04.187Z [DEBUG] ReferenceTransformer: "kubernetes_namespace.monitoring (expand)" references: []
2025-11-16T16:25:04.187Z [DEBUG] Starting graph walk: walkPlan
2025-11-16T16:25:04.187Z [DEBUG] created provider logger: level=debug
2025-11-16T16:25:04.187Z [INFO]  provider: configuring client automatic mTLS
2025-11-16T16:25:04.195Z [DEBUG] provider: starting plugin: path=.terraform/providers/registry.terraform.io/hashicorp/helm/2.17.0/linux_amd64/terraform-provider-helm_v2.17.0_x5 args=[".terraform/providers/registry.terraform.io/hashicorp/helm/2.17.0/linux_amd64/terraform-provider-helm_v2.17.0_x5"]
2025-11-16T16:25:04.195Z [DEBUG] provider: plugin started: path=.terraform/providers/registry.terraform.io/hashicorp/helm/2.17.0/linux_amd64/terraform-provider-helm_v2.17.0_x5 pid=173764
2025-11-16T16:25:04.195Z [DEBUG] provider: waiting for RPC address: plugin=.terraform/providers/registry.terraform.io/hashicorp/helm/2.17.0/linux_amd64/terraform-provider-helm_v2.17.0_x5
2025-11-16T16:25:04.232Z [INFO]  provider.terraform-provider-helm_v2.17.0_x5: configuring server automatic mTLS: timestamp=2025-11-16T16:25:04.232Z
2025-11-16T16:25:04.250Z [DEBUG] provider: using plugin: version=5
2025-11-16T16:25:04.251Z [DEBUG] provider.terraform-provider-helm_v2.17.0_x5: plugin address: address=/tmp/plugin3760508296 network=unix timestamp=2025-11-16T16:25:04.250Z
2025-11-16T16:25:04.267Z [DEBUG] created provider logger: level=debug
2025-11-16T16:25:04.267Z [INFO]  provider: configuring client automatic mTLS
2025-11-16T16:25:04.269Z [WARN]  ValidateProviderConfig from "provider[\"registry.terraform.io/hashicorp/helm\"]" changed the config value, but that value is unused
2025-11-16T16:25:04.276Z [DEBUG] provider: starting plugin: path=.terraform/providers/registry.terraform.io/hashicorp/kubernetes/2.38.0/linux_amd64/terraform-provider-kubernetes_v2.38.0_x5 args=[".terraform/providers/registry.terraform.io/hashicorp/kubernetes/2.38.0/linux_amd64/terraform-provider-kubernetes_v2.38.0_x5"]
2025-11-16T16:25:04.276Z [DEBUG] provider: plugin started: path=.terraform/providers/registry.terraform.io/hashicorp/kubernetes/2.38.0/linux_amd64/terraform-provider-kubernetes_v2.38.0_x5 pid=173773
2025-11-16T16:25:04.276Z [DEBUG] provider: waiting for RPC address: plugin=.terraform/providers/registry.terraform.io/hashicorp/kubernetes/2.38.0/linux_amd64/terraform-provider-kubernetes_v2.38.0_x5
2025-11-16T16:25:04.337Z [INFO]  provider.terraform-provider-kubernetes_v2.38.0_x5: configuring server automatic mTLS: timestamp=2025-11-16T16:25:04.336Z
2025-11-16T16:25:04.366Z [DEBUG] provider: using plugin: version=5
2025-11-16T16:25:04.366Z [DEBUG] provider.terraform-provider-kubernetes_v2.38.0_x5: plugin address: address=/tmp/plugin2278449681 network=unix timestamp=2025-11-16T16:25:04.366Z
2025-11-16T16:25:04.385Z [INFO]  provider.terraform-provider-helm_v2.17.0_x5: 2025/11/16 16:25:04 [DEBUG] Experiments enabled: []: timestamp=2025-11-16T16:25:04.385Z
2025-11-16T16:25:04.405Z [DEBUG] provider.terraform-provider-kubernetes_v2.38.0_x5: 2025/11/16 16:25:04 [DEBUG] Using kubeconfig: /root/.kube/config
2025-11-16T16:25:04.407Z [DEBUG] provider.terraform-provider-kubernetes_v2.38.0_x5: 2025/11/16 16:25:04 [DEBUG] Enabling HTTP requests/responses tracing
2025-11-16T16:25:04.408Z [DEBUG] ReferenceTransformer: "kubernetes_namespace.monitoring" references: []
2025-11-16T16:25:04.409Z [DEBUG] ReferenceTransformer: "kubernetes_manifest.grafana_service" references: []
2025-11-16T16:25:04.409Z [DEBUG] ReferenceTransformer: "kubernetes_manifest.prometheus_service" references: []
2025-11-16T16:25:04.410Z [DEBUG] UpgradeResourceState: ignoring dynamic block: map[string]interface {}{"type":[]interface {}{"object", map[string]interface {}{"apiVersion":"string", "kind":"string", "metadata":[]interface {}{"object", map[string]interface {}{"name":"string", "namespace":"string"}}, "spec":[]interface {}{"object", map[string]interface {}{"ports":[]interface {}{"tuple", []interface {}{[]interface {}{"object", map[string]interface {}{"port":"number", "protocol":"string", "targetPort":"number"}}}}, "selector":[]interface {}{"object", map[string]interface {}{"app":"string"}}, "type":"string"}}}}, "value":map[string]interface {}{"apiVersion":"v1", "kind":"Service", "metadata":map[string]interface {}{"name":"prometheus-server", "namespace":"monitoring"}, "spec":map[string]interface {}{"ports":[]interface {}{map[string]interface {}{"port":9090, "protocol":"TCP", "targetPort":9090}}, "selector":map[string]interface {}{"app":"prometheus"}, "type":"LoadBalancer"}}}
2025-11-16T16:25:04.410Z [DEBUG] UpgradeResourceState: ignoring dynamic block: map[string]interface {}{"type":[]interface {}{"object", map[string]interface {}{"apiVersion":"string", "kind":"string", "metadata":[]interface {}{"object", map[string]interface {}{"name":"string", "namespace":"string"}}, "spec":[]interface {}{"object", map[string]interface {}{"ports":[]interface {}{"tuple", []interface {}{[]interface {}{"object", map[string]interface {}{"port":"number", "protocol":"string", "targetPort":"number"}}}}, "selector":[]interface {}{"object", map[string]interface {}{"app":"string"}}, "type":"string"}}}}, "value":map[string]interface {}{"apiVersion":"v1", "kind":"Service", "metadata":map[string]interface {}{"name":"grafana", "namespace":"monitoring"}, "spec":map[string]interface {}{"ports":[]interface {}{map[string]interface {}{"port":80, "protocol":"TCP", "targetPort":80}}, "selector":map[string]interface {}{"app":"grafana"}, "type":"LoadBalancer"}}}
2025-11-16T16:25:04.410Z [DEBUG] UpgradeResourceState: ignoring dynamic block: map[string]interface {}{"type":[]interface {}{"object", map[string]interface {}{"apiVersion":"string", "kind":"string", "metadata":[]interface {}{"object", map[string]interface {}{"annotations":[]interface {}{"map", "string"}, "creationTimestamp":"string", "deletionGracePeriodSeconds":"number", "deletionTimestamp":"string", "finalizers":[]interface {}{"list", "string"}, "generateName":"string", "generation":"number", "labels":[]interface {}{"map", "string"}, "managedFields":[]interface {}{"tuple", []interface {}{[]interface {}{"object", map[string]interface {}{"apiVersion":"string", "fieldsType":"string", "fieldsV1":"dynamic", "manager":"string", "operation":"string", "subresource":"string", "time":"string"}}}}, "name":"string", "namespace":"string", "ownerReferences":[]interface {}{"list", []interface {}{"object", map[string]interface {}{"apiVersion":"string", "blockOwnerDeletion":"bool", "controller":"bool", "kind":"string", "name":"string", "uid":"string"}}}, "resourceVersion":"string", "selfLink":"string", "uid":"string"}}, "spec":[]interface {}{"object", map[string]interface {}{"allocateLoadBalancerNodePorts":"bool", "clusterIP":"string", "clusterIPs":[]interface {}{"list", "string"}, "externalIPs":[]interface {}{"list", "string"}, "externalName":"string", "externalTrafficPolicy":"string", "healthCheckNodePort":"number", "internalTrafficPolicy":"string", "ipFamilies":[]interface {}{"list", "string"}, "ipFamilyPolicy":"string", "loadBalancerClass":"string", "loadBalancerIP":"string", "loadBalancerSourceRanges":[]interface {}{"list", "string"}, "ports":[]interface {}{"list", []interface {}{"object", map[string]interface {}{"appProtocol":"string", "name":"string", "nodePort":"number", "port":"number", "protocol":"string", "targetPort":"string"}}}, "publishNotReadyAddresses":"bool", "selector":[]interface {}{"map", "string"}, "sessionAffinity":"string", "sessionAffinityConfig":[]interface {}{"object", map[string]interface {}{"clientIP":[]interface {}{"object", map[string]interface {}{"timeoutSeconds":"number"}}}}, "trafficDistribution":"string", "type":"string"}}}}, "value":map[string]interface {}{"apiVersion":"v1", "kind":"Service", "metadata":map[string]interface {}{"annotations":interface {}(nil), "creationTimestamp":interface {}(nil), "deletionGracePeriodSeconds":interface {}(nil), "deletionTimestamp":interface {}(nil), "finalizers":interface {}(nil), "generateName":interface {}(nil), "generation":interface {}(nil), "labels":interface {}(nil), "managedFields":interface {}(nil), "name":"prometheus-server", "namespace":"monitoring", "ownerReferences":interface {}(nil), "resourceVersion":interface {}(nil), "selfLink":interface {}(nil), "uid":interface {}(nil)}, "spec":map[string]interface {}{"allocateLoadBalancerNodePorts":true, "clusterIP":"10.109.87.174", "clusterIPs":[]interface {}{"10.109.87.174"}, "externalIPs":interface {}(nil), "externalName":interface {}(nil), "externalTrafficPolicy":"Cluster", "healthCheckNodePort":interface {}(nil), "internalTrafficPolicy":"Cluster", "ipFamilies":[]interface {}{"IPv4"}, "ipFamilyPolicy":"SingleStack", "loadBalancerClass":interface {}(nil), "loadBalancerIP":interface {}(nil), "loadBalancerSourceRanges":interface {}(nil), "ports":[]interface {}{map[string]interface {}{"appProtocol":interface {}(nil), "name":interface {}(nil), "nodePort":32426, "port":9090, "protocol":"TCP", "targetPort":"9090"}}, "publishNotReadyAddresses":interface {}(nil), "selector":map[string]interface {}{"app":"prometheus"}, "sessionAffinity":"None", "sessionAffinityConfig":map[string]interface {}{"clientIP":map[string]interface {}{"timeoutSeconds":interface {}(nil)}}, "trafficDistribution":interface {}(nil), "type":"LoadBalancer"}}}
2025-11-16T16:25:04.410Z [DEBUG] UpgradeResourceState: ignoring dynamic block: map[string]interface {}{"type":[]interface {}{"object", map[string]interface {}{"apiVersion":"string", "kind":"string", "metadata":[]interface {}{"object", map[string]interface {}{"annotations":[]interface {}{"map", "string"}, "creationTimestamp":"string", "deletionGracePeriodSeconds":"number", "deletionTimestamp":"string", "finalizers":[]interface {}{"list", "string"}, "generateName":"string", "generation":"number", "labels":[]interface {}{"map", "string"}, "managedFields":[]interface {}{"tuple", []interface {}{[]interface {}{"object", map[string]interface {}{"apiVersion":"string", "fieldsType":"string", "fieldsV1":"dynamic", "manager":"string", "operation":"string", "subresource":"string", "time":"string"}}}}, "name":"string", "namespace":"string", "ownerReferences":[]interface {}{"list", []interface {}{"object", map[string]interface {}{"apiVersion":"string", "blockOwnerDeletion":"bool", "controller":"bool", "kind":"string", "name":"string", "uid":"string"}}}, "resourceVersion":"string", "selfLink":"string", "uid":"string"}}, "spec":[]interface {}{"object", map[string]interface {}{"allocateLoadBalancerNodePorts":"bool", "clusterIP":"string", "clusterIPs":[]interface {}{"list", "string"}, "externalIPs":[]interface {}{"list", "string"}, "externalName":"string", "externalTrafficPolicy":"string", "healthCheckNodePort":"number", "internalTrafficPolicy":"string", "ipFamilies":[]interface {}{"list", "string"}, "ipFamilyPolicy":"string", "loadBalancerClass":"string", "loadBalancerIP":"string", "loadBalancerSourceRanges":[]interface {}{"list", "string"}, "ports":[]interface {}{"list", []interface {}{"object", map[string]interface {}{"appProtocol":"string", "name":"string", "nodePort":"number", "port":"number", "protocol":"string", "targetPort":"string"}}}, "publishNotReadyAddresses":"bool", "selector":[]interface {}{"map", "string"}, "sessionAffinity":"string", "sessionAffinityConfig":[]interface {}{"object", map[string]interface {}{"clientIP":[]interface {}{"object", map[string]interface {}{"timeoutSeconds":"number"}}}}, "trafficDistribution":"string", "type":"string"}}}}, "value":map[string]interface {}{"apiVersion":"v1", "kind":"Service", "metadata":map[string]interface {}{"annotations":interface {}(nil), "creationTimestamp":interface {}(nil), "deletionGracePeriodSeconds":interface {}(nil), "deletionTimestamp":interface {}(nil), "finalizers":interface {}(nil), "generateName":interface {}(nil), "generation":interface {}(nil), "labels":interface {}(nil), "managedFields":interface {}(nil), "name":"grafana", "namespace":"monitoring", "ownerReferences":interface {}(nil), "resourceVersion":interface {}(nil), "selfLink":interface {}(nil), "uid":interface {}(nil)}, "spec":map[string]interface {}{"allocateLoadBalancerNodePorts":true, "clusterIP":"10.111.54.2", "clusterIPs":[]interface {}{"10.111.54.2"}, "externalIPs":interface {}(nil), "externalName":interface {}(nil), "externalTrafficPolicy":"Cluster", "healthCheckNodePort":interface {}(nil), "internalTrafficPolicy":"Cluster", "ipFamilies":[]interface {}{"IPv4"}, "ipFamilyPolicy":"SingleStack", "loadBalancerClass":interface {}(nil), "loadBalancerIP":interface {}(nil), "loadBalancerSourceRanges":interface {}(nil), "ports":[]interface {}{map[string]interface {}{"appProtocol":interface {}(nil), "name":interface {}(nil), "nodePort":30407, "port":80, "protocol":"TCP", "targetPort":"80"}}, "publishNotReadyAddresses":interface {}(nil), "selector":map[string]interface {}{"app":"grafana"}, "sessionAffinity":"None", "sessionAffinityConfig":map[string]interface {}{"clientIP":map[string]interface {}{"timeoutSeconds":interface {}(nil)}}, "trafficDistribution":interface {}(nil), "type":"LoadBalancer"}}}
2025-11-16T16:25:04.416Z [DEBUG] provider.terraform-provider-kubernetes_v2.38.0_x5: 2025/11/16 16:25:04 [INFO] Checking namespace monitoring
2025-11-16T16:25:04.417Z [DEBUG] provider.terraform-provider-kubernetes_v2.38.0_x5: Sending HTTP Request: @caller=github.com/hashicorp/terraform-plugin-sdk/v2@v2.37.0/helper/logging/logging_http_transport.go:160 Accept="application/json, */*" tf_http_req_body="" new_logger_warning="This log was generated by a subsystem logger that wasn't created before being used. Use tflog.NewSubsystem to create this logger before it is used." tf_http_req_method=GET tf_http_trans_id=86a79637-c33d-a65b-cca8-531c089e0355 Host=91.98.16.184:6443 User-Agent="HashiCorp/1.0 Terraform/1.9.8" tf_http_op_type=request tf_http_req_version=HTTP/1.1 @module=kubernetes.Kubernetes Accept-Encoding=gzip tf_http_req_uri=/api/v1/namespaces/monitoring timestamp=2025-11-16T16:25:04.416Z
2025-11-16T16:25:04.513Z [DEBUG] provider.terraform-provider-kubernetes_v2.38.0_x5: Received HTTP Response:
  tf_http_res_body=
  | {"kind":"Namespace","apiVersion":"v1","metadata":{"name":"monitoring","uid":"1fce642b-ebce-427a-ae8e-07b0b653b297","resourceVersion":"2054408","creationTimestamp":"2025-11-16T10:59:25Z","labels":{"kubernetes.io/metadata.name":"monitoring"},"managedFields":[{"manager":"HashiCorp","operation":"Update","apiVersion":"v1","time":"2025-11-16T16:21:52Z","fieldsType":"FieldsV1","fieldsV1":{"f:metadata":{"f:labels":{".":{},"f:kubernetes.io/metadata.name":{}}}}}]},"spec":{"finalizers":["kubernetes"]},"status":{"phase":"Active"}}
   tf_http_res_status_reason="200 OK" tf_http_res_version=HTTP/2.0 Content-Type=application/json tf_http_trans_id=86a79637-c33d-a65b-cca8-531c089e0355 @module=kubernetes.Kubernetes tf_http_res_status_code=200 Cache-Control="no-cache, private" Date="Sun, 16 Nov 2025 16:25:04 GMT" X-Kubernetes-Pf-Prioritylevel-Uid=debe343a-fda0-4702-9e46-7980016434a2 Audit-Id=0be0e3fc-5e0b-4b97-acfc-55707d95469a Content-Length=525 X-Kubernetes-Pf-Flowschema-Uid=24ef9050-0ff9-4e4e-b810-9e682b32e548 new_logger_warning="This log was generated by a subsystem logger that wasn't created before being used. Use tflog.NewSubsystem to create this logger before it is used." tf_http_op_type=response @caller=github.com/hashicorp/terraform-plugin-sdk/v2@v2.37.0/helper/logging/logging_http_transport.go:160 timestamp=2025-11-16T16:25:04.512Z
2025-11-16T16:25:04.513Z [DEBUG] provider.terraform-provider-kubernetes_v2.38.0_x5: 2025/11/16 16:25:04 [INFO] Namespace monitoring exists
2025-11-16T16:25:04.513Z [DEBUG] provider.terraform-provider-kubernetes_v2.38.0_x5: 2025/11/16 16:25:04 [INFO] Reading namespace monitoring
2025-11-16T16:25:04.514Z [DEBUG] provider.terraform-provider-kubernetes_v2.38.0_x5: Sending HTTP Request: tf_http_op_type=request tf_http_req_uri=/api/v1/namespaces/monitoring Accept="application/json, */*" Accept-Encoding=gzip tf_http_req_body="" @caller=github.com/hashicorp/terraform-plugin-sdk/v2@v2.37.0/helper/logging/logging_http_transport.go:160 @module=kubernetes.Kubernetes tf_http_req_version=HTTP/1.1 tf_http_trans_id=3298f4d0-f88c-3e61-d434-8cef28fb1499 Host=91.98.16.184:6443 new_logger_warning="This log was generated by a subsystem logger that wasn't created before being used. Use tflog.NewSubsystem to create this logger before it is used." tf_http_req_method=GET User-Agent="HashiCorp/1.0 Terraform/1.9.8" timestamp=2025-11-16T16:25:04.513Z
2025-11-16T16:25:04.540Z [DEBUG] provider.terraform-provider-kubernetes_v2.38.0_x5: Received HTTP Response: X-Kubernetes-Pf-Flowschema-Uid=24ef9050-0ff9-4e4e-b810-9e682b32e548 tf_http_res_version=HTTP/2.0 Audit-Id=0533c676-d066-42bf-b2b9-a6e24294b32e Date="Sun, 16 Nov 2025 16:25:04 GMT" tf_http_op_type=response @caller=github.com/hashicorp/terraform-plugin-sdk/v2@v2.37.0/helper/logging/logging_http_transport.go:160 Content-Type=application/json X-Kubernetes-Pf-Prioritylevel-Uid=debe343a-fda0-4702-9e46-7980016434a2 tf_http_trans_id=3298f4d0-f88c-3e61-d434-8cef28fb1499 tf_http_res_status_reason="200 OK" new_logger_warning="This log was generated by a subsystem logger that wasn't created before being used. Use tflog.NewSubsystem to create this logger before it is used."
  tf_http_res_body=
  | {"kind":"Namespace","apiVersion":"v1","metadata":{"name":"monitoring","uid":"1fce642b-ebce-427a-ae8e-07b0b653b297","resourceVersion":"2054408","creationTimestamp":"2025-11-16T10:59:25Z","labels":{"kubernetes.io/metadata.name":"monitoring"},"managedFields":[{"manager":"HashiCorp","operation":"Update","apiVersion":"v1","time":"2025-11-16T16:21:52Z","fieldsType":"FieldsV1","fieldsV1":{"f:metadata":{"f:labels":{".":{},"f:kubernetes.io/metadata.name":{}}}}}]},"spec":{"finalizers":["kubernetes"]},"status":{"phase":"Active"}}
   tf_http_res_status_code=200 @module=kubernetes.Kubernetes Cache-Control="no-cache, private" Content-Length=525 timestamp=2025-11-16T16:25:04.539Z
2025-11-16T16:25:04.540Z [DEBUG] provider.terraform-provider-kubernetes_v2.38.0_x5: 2025/11/16 16:25:04 [INFO] Received namespace: &v1.Namespace{TypeMeta:v1.TypeMeta{Kind:"", APIVersion:""}, ObjectMeta:v1.ObjectMeta{Name:"monitoring", GenerateName:"", Namespace:"", SelfLink:"", UID:"1fce642b-ebce-427a-ae8e-07b0b653b297", ResourceVersion:"2054408", Generation:0, CreationTimestamp:time.Date(2025, time.November, 16, 10, 59, 25, 0, time.Local), DeletionTimestamp:<nil>, DeletionGracePeriodSeconds:(*int64)(nil), Labels:map[string]string{"kubernetes.io/metadata.name":"monitoring"}, Annotations:map[string]string(nil), OwnerReferences:[]v1.OwnerReference(nil), Finalizers:[]string(nil), ManagedFields:[]v1.ManagedFieldsEntry{v1.ManagedFieldsEntry{Manager:"HashiCorp", Operation:"Update", APIVersion:"v1", Time:time.Date(2025, time.November, 16, 16, 21, 52, 0, time.Local), FieldsType:"FieldsV1", FieldsV1:(*v1.FieldsV1)(0xc0011002e8), Subresource:""}}}, Spec:v1.NamespaceSpec{Finalizers:[]v1.FinalizerName{"kubernetes"}}, Status:v1.NamespaceStatus{Phase:"Active", Conditions:[]v1.NamespaceCondition(nil)}}
2025-11-16T16:25:04.541Z [WARN]  Provider "registry.terraform.io/hashicorp/kubernetes" produced an unexpected new value for kubernetes_namespace.monitoring during refresh.
      - .metadata[0].resource_version: was cty.StringVal("2053811"), but now cty.StringVal("2054408")
      - .metadata[0].labels: element "pod-security.kubernetes.io/audit" has vanished
      - .metadata[0].labels: element "pod-security.kubernetes.io/enforce" has vanished
2025-11-16T16:25:04.546Z [WARN]  Provider "registry.terraform.io/hashicorp/kubernetes" produced an invalid plan for kubernetes_namespace.monitoring, but we are tolerating it because it is using the legacy plugin SDK.
    The following problems may be the cause of any confusing errors from downstream operations:
      - .wait_for_default_service_account: planned value cty.False for a non-computed attribute
      - .metadata[0].annotations: planned value cty.MapValEmpty(cty.String) for a non-computed attribute
      - .metadata[0].generate_name: planned value cty.StringVal("") for a non-computed attribute
2025-11-16T16:25:04.547Z [DEBUG] Resource instance state not found for node "helm_release.kps", instance helm_release.kps
2025-11-16T16:25:04.547Z [DEBUG] ReferenceTransformer: "helm_release.kps" references: []
2025-11-16T16:25:04.547Z [DEBUG] refresh: helm_release.kps: no state, so not refreshing
2025-11-16T16:25:04.556Z [INFO]  provider.terraform-provider-helm_v2.17.0_x5: 2025/11/16 16:25:04 [DEBUG] [resourceDiff: kube-prometheus-stack] Start: timestamp=2025-11-16T16:25:04.556Z
2025-11-16T16:25:04.556Z [INFO]  provider.terraform-provider-helm_v2.17.0_x5: 2025/11/16 16:25:04 [DEBUG] [resourceDiff: kube-prometheus-stack] upgrade_install is enabled: false: timestamp=2025-11-16T16:25:04.556Z
2025-11-16T16:25:04.556Z [INFO]  provider.terraform-provider-helm_v2.17.0_x5: 2025/11/16 16:25:04 [DEBUG] [resourceDiff: kube-prometheus-stack] targetVersion for release kube-prometheus-stack: '60.3.0': timestamp=2025-11-16T16:25:04.556Z
2025-11-16T16:25:04.556Z [INFO]  provider.terraform-provider-helm_v2.17.0_x5: 2025/11/16 16:25:04 [DEBUG] [INFO] GetHelmConfiguration start: timestamp=2025-11-16T16:25:04.556Z
2025-11-16T16:25:04.556Z [INFO]  provider.terraform-provider-helm_v2.17.0_x5: 2025/11/16 16:25:04 [DEBUG] Using kubeconfig: /root/.kube/config: timestamp=2025-11-16T16:25:04.556Z
2025-11-16T16:25:04.557Z [INFO]  provider.terraform-provider-helm_v2.17.0_x5: 2025/11/16 16:25:04 [INFO] Successfully initialized kubernetes config: timestamp=2025-11-16T16:25:04.556Z
2025-11-16T16:25:04.557Z [INFO]  provider.terraform-provider-helm_v2.17.0_x5: 2025/11/16 16:25:04 [DEBUG] [INFO] GetHelmConfiguration success: timestamp=2025-11-16T16:25:04.557Z
2025-11-16T16:25:06.684Z [DEBUG] provider.terraform-provider-kubernetes_v2.38.0_x5: 2025-11-16T16:25:06.683Z [DEBUG] [UpgradeResourceState]: morphed object="tftypes.Object[\"apiVersion\":tftypes.String, \"kind\":tftypes.String, \"metadata\":tftypes.Object[\"annotations\":tftypes.Map[tftypes.String], \"creationTimestamp\":tftypes.String, \"deletionGracePeriodSeconds\":tftypes.Number, \"deletionTimestamp\":tftypes.String, \"finalizers\":tftypes.List[tftypes.String], \"generateName\":tftypes.String, \"generation\":tftypes.Number, \"labels\":tftypes.Map[tftypes.String], \"managedFields\":tftypes.Tuple[tftypes.Object[\"apiVersion\":tftypes.String, \"fieldsType\":tftypes.String, \"fieldsV1\":tftypes.DynamicPseudoType, \"manager\":tftypes.String, \"operation\":tftypes.String, \"subresource\":tftypes.String, \"time\":tftypes.String]], \"name\":tftypes.String, \"namespace\":tftypes.String, \"ownerReferences\":tftypes.List[tftypes.Object[\"apiVersion\":tftypes.String, \"blockOwnerDeletion\":tftypes.Bool, \"controller\":tftypes.Bool, \"kind\":tftypes.String, \"name\":tftypes.String, \"uid\":tftypes.String]], \"resourceVersion\":tftypes.String, \"selfLink\":tftypes.String, \"uid\":tftypes.String], \"spec\":tftypes.Object[\"allocateLoadBalancerNodePorts\":tftypes.Bool, \"clusterIP\":tftypes.String, \"clusterIPs\":tftypes.List[tftypes.String], \"externalIPs\":tftypes.List[tftypes.String], \"externalName\":tftypes.String, \"externalTrafficPolicy\":tftypes.String, \"healthCheckNodePort\":tftypes.Number, \"internalTrafficPolicy\":tftypes.String, \"ipFamilies\":tftypes.List[tftypes.String], \"ipFamilyPolicy\":tftypes.String, \"loadBalancerClass\":tftypes.String, \"loadBalancerIP\":tftypes.String, \"loadBalancerSourceRanges\":tftypes.List[tftypes.String], \"ports\":tftypes.List[tftypes.Object[\"appProtocol\":tftypes.String, \"name\":tftypes.String, \"nodePort\":tftypes.Number, \"port\":tftypes.Number, \"protocol\":tftypes.String, \"targetPort\":tftypes.String]], \"publishNotReadyAddresses\":tftypes.Bool, \"selector\":tftypes.Map[tftypes.String], \"sessionAffinity\":tftypes.String, \"sessionAffinityConfig\":tftypes.Object[\"clientIP\":tftypes.Object[\"timeoutSeconds\":tftypes.Number]], \"trafficDistribution\":tftypes.String, \"type\":tftypes.String]]<\"apiVersion\":tftypes.String<\"v1\">, \"kind\":tftypes.String<\"Service\">, \"metadata\":tftypes.Object[\"annotations\":tftypes.Map[tftypes.String], \"creationTimestamp\":tftypes.String, \"deletionGracePeriodSeconds\":tftypes.Number, \"deletionTimestamp\":tftypes.String, \"finalizers\":tftypes.List[tftypes.String], \"generateName\":tftypes.String, \"generation\":tftypes.Number, \"labels\":tftypes.Map[tftypes.String], \"managedFields\":tftypes.Tuple[tftypes.Object[\"apiVersion\":tftypes.String, \"fieldsType\":tftypes.String, \"fieldsV1\":tftypes.DynamicPseudoType, \"manager\":tftypes.String, \"operation\":tftypes.String, \"subresource\":tftypes.String, \"time\":tftypes.String]], \"name\":tftypes.String, \"namespace\":tftypes.String, \"ownerReferences\":tftypes.List[tftypes.Object[\"apiVersion\":tftypes.String, \"blockOwnerDeletion\":tftypes.Bool, \"controller\":tftypes.Bool, \"kind\":tftypes.String, \"name\":tftypes.String, \"uid\":tftypes.String]], \"resourceVersion\":tftypes.String, \"selfLink\":tftypes.String, \"uid\":tftypes.String]<\"annotations\":tftypes.Map[tftypes.String]<null>, \"creationTimestamp\":tftypes.String<null>, \"deletionGracePeriodSeconds\":tftypes.Number<null>, \"deletionTimestamp\":tftypes.String<null>, \"finalizers\":tftypes.List[tftypes.String]<null>, \"generateName\":tftypes.String<null>, \"generation\":tftypes.Number<null>, \"labels\":tftypes.Map[tftypes.String]<null>, \"managedFields\":tftypes.Tuple[tftypes.Object[\"apiVersion\":tftypes.String, \"fieldsType\":tftypes.String, \"fieldsV1\":tftypes.DynamicPseudoType, \"manager\":tftypes.String, \"operation\":tftypes.String, \"subresource\":tftypes.String, \"time\":tftypes.String]]<null>, \"name\":tftypes.String<\"grafana\">, \"namespace\":tftypes.String<\"monitoring\">, \"ownerReferences\":tftypes.List[tftypes.Object[\"apiVersion\":tftypes.String, \"blockOwnerDeletion\":tftypes.Bool, \"controller\":tftypes.Bool, \"kind\":tftypes.String, \"name\":tftypes.String, \"uid\":tftypes.String]]<null>, \"resourceVersion\":tftypes.String<null>, \"selfLink\":tftypes.String<null>, \"uid\":tftypes.String<null>>, \"spec\":tftypes.Object[\"allocateLoadBalancerNodePorts\":tftypes.Bool, \"clusterIP\":tftypes.String, \"clusterIPs\":tftypes.List[tftypes.String], \"externalIPs\":tftypes.List[tftypes.String], \"externalName\":tftypes.String, \"externalTrafficPolicy\":tftypes.String, \"healthCheckNodePort\":tftypes.Number, \"internalTrafficPolicy\":tftypes.String, \"ipFamilies\":tftypes.List[tftypes.String], \"ipFamilyPolicy\":tftypes.String, \"loadBalancerClass\":tftypes.String, \"loadBalancerIP\":tftypes.String, \"loadBalancerSourceRanges\":tftypes.List[tftypes.String], \"ports\":tftypes.List[tftypes.Object[\"appProtocol\":tftypes.String, \"name\":tftypes.String, \"nodePort\":tftypes.Number, \"port\":tftypes.Number, \"protocol\":tftypes.String, \"targetPort\":tftypes.String]], \"publishNotReadyAddresses\":tftypes.Bool, \"selector\":tftypes.Map[tftypes.String], \"sessionAffinity\":tftypes.String, \"sessionAffinityConfig\":tftypes.Object[\"clientIP\":tftypes.Object[\"timeoutSeconds\":tftypes.Number]], \"trafficDistribution\":tftypes.String, \"type\":tftypes.String]<\"allocateLoadBalancerNodePorts\":tftypes.Bool<\"true\">, \"clusterIP\":tftypes.String<\"10.111.54.2\">, \"clusterIPs\":tftypes.List[tftypes.String]<tftypes.String<\"10.111.54.2\">>, \"externalIPs\":tftypes.List[tftypes.String]<null>, \"externalName\":tftypes.String<null>, \"externalTrafficPolicy\":tftypes.String<\"Cluster\">, \"healthCheckNodePort\":tftypes.Number<null>, \"internalTrafficPolicy\":tftypes.String<\"Cluster\">, \"ipFamilies\":tftypes.List[tftypes.String]<tftypes.String<\"IPv4\">>, \"ipFamilyPolicy\":tftypes.String<\"SingleStack\">, \"loadBalancerClass\":tftypes.String<null>, \"loadBalancerIP\":tftypes.String<null>, \"loadBalancerSourceRanges\":tftypes.List[tftypes.String]<null>, \"ports\":tftypes.List[tftypes.Object[\"appProtocol\":tftypes.String, \"name\":tftypes.String, \"nodePort\":tftypes.Number, \"port\":tftypes.Number, \"protocol\":tftypes.String, \"targetPort\":tftypes.String]]<tftypes.Object[\"appProtocol\":tftypes.String, \"name\":tftypes.String, \"nodePort\":tftypes.Number, \"port\":tftypes.Number, \"protocol\":tftypes.String, \"targetPort\":tftypes.String]<\"appProtocol\":tftypes.String<null>, \"name\":tftypes.String<null>, \"nodePort\":tftypes.Number<\"30407\">, \"port\":tftypes.Number<\"80\">, \"protocol\":tftypes.String<\"TCP\">, \"targetPort\":tftypes.String<\"80\">>>, \"publishNotReadyAddresses\":tftypes.Bool<null>, \"selector\":tftypes.Map[tftypes.String]<\"app\":tftypes.String<\"grafana\">>, \"sessionAffinity\":tftypes.String<\"None\">, \"sessionAffinityConfig\":tftypes.Object[\"clientIP\":tftypes.Object[\"timeoutSeconds\":tftypes.Number]]<\"clientIP\":tftypes.Object[\"timeoutSeconds\":tftypes.Number]<\"timeoutSeconds\":tftypes.Number<null>>>, \"trafficDistribution\":tftypes.String<null>, \"type\":tftypes.String<\"LoadBalancer\">>>"
2025-11-16T16:25:06.688Z [DEBUG] provider.terraform-provider-kubernetes_v2.38.0_x5: 2025-11-16T16:25:06.688Z [DEBUG] [UpgradeResourceState]: morphed object="tftypes.Object[\"apiVersion\":tftypes.String, \"kind\":tftypes.String, \"metadata\":tftypes.Object[\"annotations\":tftypes.Map[tftypes.String], \"creationTimestamp\":tftypes.String, \"deletionGracePeriodSeconds\":tftypes.Number, \"deletionTimestamp\":tftypes.String, \"finalizers\":tftypes.List[tftypes.String], \"generateName\":tftypes.String, \"generation\":tftypes.Number, \"labels\":tftypes.Map[tftypes.String], \"managedFields\":tftypes.Tuple[tftypes.Object[\"apiVersion\":tftypes.String, \"fieldsType\":tftypes.String, \"fieldsV1\":tftypes.DynamicPseudoType, \"manager\":tftypes.String, \"operation\":tftypes.String, \"subresource\":tftypes.String, \"time\":tftypes.String]], \"name\":tftypes.String, \"namespace\":tftypes.String, \"ownerReferences\":tftypes.List[tftypes.Object[\"apiVersion\":tftypes.String, \"blockOwnerDeletion\":tftypes.Bool, \"controller\":tftypes.Bool, \"kind\":tftypes.String, \"name\":tftypes.String, \"uid\":tftypes.String]], \"resourceVersion\":tftypes.String, \"selfLink\":tftypes.String, \"uid\":tftypes.String], \"spec\":tftypes.Object[\"allocateLoadBalancerNodePorts\":tftypes.Bool, \"clusterIP\":tftypes.String, \"clusterIPs\":tftypes.List[tftypes.String], \"externalIPs\":tftypes.List[tftypes.String], \"externalName\":tftypes.String, \"externalTrafficPolicy\":tftypes.String, \"healthCheckNodePort\":tftypes.Number, \"internalTrafficPolicy\":tftypes.String, \"ipFamilies\":tftypes.List[tftypes.String], \"ipFamilyPolicy\":tftypes.String, \"loadBalancerClass\":tftypes.String, \"loadBalancerIP\":tftypes.String, \"loadBalancerSourceRanges\":tftypes.List[tftypes.String], \"ports\":tftypes.List[tftypes.Object[\"appProtocol\":tftypes.String, \"name\":tftypes.String, \"nodePort\":tftypes.Number, \"port\":tftypes.Number, \"protocol\":tftypes.String, \"targetPort\":tftypes.String]], \"publishNotReadyAddresses\":tftypes.Bool, \"selector\":tftypes.Map[tftypes.String], \"sessionAffinity\":tftypes.String, \"sessionAffinityConfig\":tftypes.Object[\"clientIP\":tftypes.Object[\"timeoutSeconds\":tftypes.Number]], \"trafficDistribution\":tftypes.String, \"type\":tftypes.String]]<\"apiVersion\":tftypes.String<\"v1\">, \"kind\":tftypes.String<\"Service\">, \"metadata\":tftypes.Object[\"annotations\":tftypes.Map[tftypes.String], \"creationTimestamp\":tftypes.String, \"deletionGracePeriodSeconds\":tftypes.Number, \"deletionTimestamp\":tftypes.String, \"finalizers\":tftypes.List[tftypes.String], \"generateName\":tftypes.String, \"generation\":tftypes.Number, \"labels\":tftypes.Map[tftypes.String], \"managedFields\":tftypes.Tuple[tftypes.Object[\"apiVersion\":tftypes.String, \"fieldsType\":tftypes.String, \"fieldsV1\":tftypes.DynamicPseudoType, \"manager\":tftypes.String, \"operation\":tftypes.String, \"subresource\":tftypes.String, \"time\":tftypes.String]], \"name\":tftypes.String, \"namespace\":tftypes.String, \"ownerReferences\":tftypes.List[tftypes.Object[\"apiVersion\":tftypes.String, \"blockOwnerDeletion\":tftypes.Bool, \"controller\":tftypes.Bool, \"kind\":tftypes.String, \"name\":tftypes.String, \"uid\":tftypes.String]], \"resourceVersion\":tftypes.String, \"selfLink\":tftypes.String, \"uid\":tftypes.String]<\"annotations\":tftypes.Map[tftypes.String]<null>, \"creationTimestamp\":tftypes.String<null>, \"deletionGracePeriodSeconds\":tftypes.Number<null>, \"deletionTimestamp\":tftypes.String<null>, \"finalizers\":tftypes.List[tftypes.String]<null>, \"generateName\":tftypes.String<null>, \"generation\":tftypes.Number<null>, \"labels\":tftypes.Map[tftypes.String]<null>, \"managedFields\":tftypes.Tuple[tftypes.Object[\"apiVersion\":tftypes.String, \"fieldsType\":tftypes.String, \"fieldsV1\":tftypes.DynamicPseudoType, \"manager\":tftypes.String, \"operation\":tftypes.String, \"subresource\":tftypes.String, \"time\":tftypes.String]]<null>, \"name\":tftypes.String<\"prometheus-server\">, \"namespace\":tftypes.String<\"monitoring\">, \"ownerReferences\":tftypes.List[tftypes.Object[\"apiVersion\":tftypes.String, \"blockOwnerDeletion\":tftypes.Bool, \"controller\":tftypes.Bool, \"kind\":tftypes.String, \"name\":tftypes.String, \"uid\":tftypes.String]]<null>, \"resourceVersion\":tftypes.String<null>, \"selfLink\":tftypes.String<null>, \"uid\":tftypes.String<null>>, \"spec\":tftypes.Object[\"allocateLoadBalancerNodePorts\":tftypes.Bool, \"clusterIP\":tftypes.String, \"clusterIPs\":tftypes.List[tftypes.String], \"externalIPs\":tftypes.List[tftypes.String], \"externalName\":tftypes.String, \"externalTrafficPolicy\":tftypes.String, \"healthCheckNodePort\":tftypes.Number, \"internalTrafficPolicy\":tftypes.String, \"ipFamilies\":tftypes.List[tftypes.String], \"ipFamilyPolicy\":tftypes.String, \"loadBalancerClass\":tftypes.String, \"loadBalancerIP\":tftypes.String, \"loadBalancerSourceRanges\":tftypes.List[tftypes.String], \"ports\":tftypes.List[tftypes.Object[\"appProtocol\":tftypes.String, \"name\":tftypes.String, \"nodePort\":tftypes.Number, \"port\":tftypes.Number, \"protocol\":tftypes.String, \"targetPort\":tftypes.String]], \"publishNotReadyAddresses\":tftypes.Bool, \"selector\":tftypes.Map[tftypes.String], \"sessionAffinity\":tftypes.String, \"sessionAffinityConfig\":tftypes.Object[\"clientIP\":tftypes.Object[\"timeoutSeconds\":tftypes.Number]], \"trafficDistribution\":tftypes.String, \"type\":tftypes.String]<\"allocateLoadBalancerNodePorts\":tftypes.Bool<\"true\">, \"clusterIP\":tftypes.String<\"10.109.87.174\">, \"clusterIPs\":tftypes.List[tftypes.String]<tftypes.String<\"10.109.87.174\">>, \"externalIPs\":tftypes.List[tftypes.String]<null>, \"externalName\":tftypes.String<null>, \"externalTrafficPolicy\":tftypes.String<\"Cluster\">, \"healthCheckNodePort\":tftypes.Number<null>, \"internalTrafficPolicy\":tftypes.String<\"Cluster\">, \"ipFamilies\":tftypes.List[tftypes.String]<tftypes.String<\"IPv4\">>, \"ipFamilyPolicy\":tftypes.String<\"SingleStack\">, \"loadBalancerClass\":tftypes.String<null>, \"loadBalancerIP\":tftypes.String<null>, \"loadBalancerSourceRanges\":tftypes.List[tftypes.String]<null>, \"ports\":tftypes.List[tftypes.Object[\"appProtocol\":tftypes.String, \"name\":tftypes.String, \"nodePort\":tftypes.Number, \"port\":tftypes.Number, \"protocol\":tftypes.String, \"targetPort\":tftypes.String]]<tftypes.Object[\"appProtocol\":tftypes.String, \"name\":tftypes.String, \"nodePort\":tftypes.Number, \"port\":tftypes.Number, \"protocol\":tftypes.String, \"targetPort\":tftypes.String]<\"appProtocol\":tftypes.String<null>, \"name\":tftypes.String<null>, \"nodePort\":tftypes.Number<\"32426\">, \"port\":tftypes.Number<\"9090\">, \"protocol\":tftypes.String<\"TCP\">, \"targetPort\":tftypes.String<\"9090\">>>, \"publishNotReadyAddresses\":tftypes.Bool<null>, \"selector\":tftypes.Map[tftypes.String]<\"app\":tftypes.String<\"prometheus\">>, \"sessionAffinity\":tftypes.String<\"None\">, \"sessionAffinityConfig\":tftypes.Object[\"clientIP\":tftypes.Object[\"timeoutSeconds\":tftypes.Number]]<\"clientIP\":tftypes.Object[\"timeoutSeconds\":tftypes.Number]<\"timeoutSeconds\":tftypes.Number<null>>>, \"trafficDistribution\":tftypes.String<null>, \"type\":tftypes.String<\"LoadBalancer\">>>"
2025-11-16T16:25:06.736Z [DEBUG] skipping FixUpBlockAttrs
2025-11-16T16:25:06.743Z [DEBUG] skipping FixUpBlockAttrs
2025-11-16T16:25:06.748Z [DEBUG] provider.terraform-provider-kubernetes_v2.38.0_x5: 2025-11-16T16:25:06.748Z [DEBUG] [PlanUpdateResource]: OAPI type="tftypes.Object[\"apiVersion\":tftypes.String, \"kind\":tftypes.String, \"metadata\":tftypes.Object[\"annotations\":tftypes.Map[tftypes.String], \"creationTimestamp\":tftypes.String, \"deletionGracePeriodSeconds\":tftypes.Number, \"deletionTimestamp\":tftypes.String, \"finalizers\":tftypes.List[tftypes.String], \"generateName\":tftypes.String, \"generation\":tftypes.Number, \"labels\":tftypes.Map[tftypes.String], \"managedFields\":tftypes.Tuple[tftypes.Object[\"apiVersion\":tftypes.String, \"fieldsType\":tftypes.String, \"fieldsV1\":tftypes.DynamicPseudoType, \"manager\":tftypes.String, \"operation\":tftypes.String, \"subresource\":tftypes.String, \"time\":tftypes.String]], \"name\":tftypes.String, \"namespace\":tftypes.String, \"ownerReferences\":tftypes.List[tftypes.Object[\"apiVersion\":tftypes.String, \"blockOwnerDeletion\":tftypes.Bool, \"controller\":tftypes.Bool, \"kind\":tftypes.String, \"name\":tftypes.String, \"uid\":tftypes.String]], \"resourceVersion\":tftypes.String, \"selfLink\":tftypes.String, \"uid\":tftypes.String], \"spec\":tftypes.Object[\"allocateLoadBalancerNodePorts\":tftypes.Bool, \"clusterIP\":tftypes.String, \"clusterIPs\":tftypes.List[tftypes.String], \"externalIPs\":tftypes.List[tftypes.String], \"externalName\":tftypes.String, \"externalTrafficPolicy\":tftypes.String, \"healthCheckNodePort\":tftypes.Number, \"internalTrafficPolicy\":tftypes.String, \"ipFamilies\":tftypes.List[tftypes.String], \"ipFamilyPolicy\":tftypes.String, \"loadBalancerClass\":tftypes.String, \"loadBalancerIP\":tftypes.String, \"loadBalancerSourceRanges\":tftypes.List[tftypes.String], \"ports\":tftypes.List[tftypes.Object[\"appProtocol\":tftypes.String, \"name\":tftypes.String, \"nodePort\":tftypes.Number, \"port\":tftypes.Number, \"protocol\":tftypes.String, \"targetPort\":tftypes.String]], \"publishNotReadyAddresses\":tftypes.Bool, \"selector\":tftypes.Map[tftypes.String], \"sessionAffinity\":tftypes.String, \"sessionAffinityConfig\":tftypes.Object[\"clientIP\":tftypes.Object[\"timeoutSeconds\":tftypes.Number]], \"trafficDistribution\":tftypes.String, \"type\":tftypes.String]]"
2025-11-16T16:25:06.748Z [DEBUG] provider.terraform-provider-kubernetes_v2.38.0_x5: 2025-11-16T16:25:06.748Z [DEBUG] [PlanResourceChange]: morphed manifest="tftypes.Object[\"apiVersion\":tftypes.String, \"kind\":tftypes.String, \"metadata\":tftypes.Object[\"annotations\":tftypes.Map[tftypes.String], \"creationTimestamp\":tftypes.String, \"deletionGracePeriodSeconds\":tftypes.Number, \"deletionTimestamp\":tftypes.String, \"finalizers\":tftypes.List[tftypes.String], \"generateName\":tftypes.String, \"generation\":tftypes.Number, \"labels\":tftypes.Map[tftypes.String], \"managedFields\":tftypes.Tuple[tftypes.Object[\"apiVersion\":tftypes.String, \"fieldsType\":tftypes.String, \"fieldsV1\":tftypes.DynamicPseudoType, \"manager\":tftypes.String, \"operation\":tftypes.String, \"subresource\":tftypes.String, \"time\":tftypes.String]], \"name\":tftypes.String, \"namespace\":tftypes.String, \"ownerReferences\":tftypes.List[tftypes.Object[\"apiVersion\":tftypes.String, \"blockOwnerDeletion\":tftypes.Bool, \"controller\":tftypes.Bool, \"kind\":tftypes.String, \"name\":tftypes.String, \"uid\":tftypes.String]], \"resourceVersion\":tftypes.String, \"selfLink\":tftypes.String, \"uid\":tftypes.String], \"spec\":tftypes.Object[\"allocateLoadBalancerNodePorts\":tftypes.Bool, \"clusterIP\":tftypes.String, \"clusterIPs\":tftypes.List[tftypes.String], \"externalIPs\":tftypes.List[tftypes.String], \"externalName\":tftypes.String, \"externalTrafficPolicy\":tftypes.String, \"healthCheckNodePort\":tftypes.Number, \"internalTrafficPolicy\":tftypes.String, \"ipFamilies\":tftypes.List[tftypes.String], \"ipFamilyPolicy\":tftypes.String, \"loadBalancerClass\":tftypes.String, \"loadBalancerIP\":tftypes.String, \"loadBalancerSourceRanges\":tftypes.List[tftypes.String], \"ports\":tftypes.List[tftypes.Object[\"appProtocol\":tftypes.String, \"name\":tftypes.String, \"nodePort\":tftypes.Number, \"port\":tftypes.Number, \"protocol\":tftypes.String, \"targetPort\":tftypes.String]], \"publishNotReadyAddresses\":tftypes.Bool, \"selector\":tftypes.Map[tftypes.String], \"sessionAffinity\":tftypes.String, \"sessionAffinityConfig\":tftypes.Object[\"clientIP\":tftypes.Object[\"timeoutSeconds\":tftypes.Number]], \"trafficDistribution\":tftypes.String, \"type\":tftypes.String]]<\"apiVersion\":tftypes.String<\"v1\">, \"kind\":tftypes.String<\"Service\">, \"metadata\":tftypes.Object[\"annotations\":tftypes.Map[tftypes.String], \"creationTimestamp\":tftypes.String, \"deletionGracePeriodSeconds\":tftypes.Number, \"deletionTimestamp\":tftypes.String, \"finalizers\":tftypes.List[tftypes.String], \"generateName\":tftypes.String, \"generation\":tftypes.Number, \"labels\":tftypes.Map[tftypes.String], \"managedFields\":tftypes.Tuple[tftypes.Object[\"apiVersion\":tftypes.String, \"fieldsType\":tftypes.String, \"fieldsV1\":tftypes.DynamicPseudoType, \"manager\":tftypes.String, \"operation\":tftypes.String, \"subresource\":tftypes.String, \"time\":tftypes.String]], \"name\":tftypes.String, \"namespace\":tftypes.String, \"ownerReferences\":tftypes.List[tftypes.Object[\"apiVersion\":tftypes.String, \"blockOwnerDeletion\":tftypes.Bool, \"controller\":tftypes.Bool, \"kind\":tftypes.String, \"name\":tftypes.String, \"uid\":tftypes.String]], \"resourceVersion\":tftypes.String, \"selfLink\":tftypes.String, \"uid\":tftypes.String]<\"annotations\":tftypes.Map[tftypes.String]<null>, \"creationTimestamp\":tftypes.String<null>, \"deletionGracePeriodSeconds\":tftypes.Number<null>, \"deletionTimestamp\":tftypes.String<null>, \"finalizers\":tftypes.List[tftypes.String]<null>, \"generateName\":tftypes.String<null>, \"generation\":tftypes.Number<null>, \"labels\":tftypes.Map[tftypes.String]<null>, \"managedFields\":tftypes.Tuple[tftypes.Object[\"apiVersion\":tftypes.String, \"fieldsType\":tftypes.String, \"fieldsV1\":tftypes.DynamicPseudoType, \"manager\":tftypes.String, \"operation\":tftypes.String, \"subresource\":tftypes.String, \"time\":tftypes.String]]<null>, \"name\":tftypes.String<\"grafana\">, \"namespace\":tftypes.String<\"monitoring\">, \"ownerReferences\":tftypes.List[tftypes.Object[\"apiVersion\":tftypes.String, \"blockOwnerDeletion\":tftypes.Bool, \"controller\":tftypes.Bool, \"kind\":tftypes.String, \"name\":tftypes.String, \"uid\":tftypes.String]]<null>, \"resourceVersion\":tftypes.String<null>, \"selfLink\":tftypes.String<null>, \"uid\":tftypes.String<null>>, \"spec\":tftypes.Object[\"allocateLoadBalancerNodePorts\":tftypes.Bool, \"clusterIP\":tftypes.String, \"clusterIPs\":tftypes.List[tftypes.String], \"externalIPs\":tftypes.List[tftypes.String], \"externalName\":tftypes.String, \"externalTrafficPolicy\":tftypes.String, \"healthCheckNodePort\":tftypes.Number, \"internalTrafficPolicy\":tftypes.String, \"ipFamilies\":tftypes.List[tftypes.String], \"ipFamilyPolicy\":tftypes.String, \"loadBalancerClass\":tftypes.String, \"loadBalancerIP\":tftypes.String, \"loadBalancerSourceRanges\":tftypes.List[tftypes.String], \"ports\":tftypes.List[tftypes.Object[\"appProtocol\":tftypes.String, \"name\":tftypes.String, \"nodePort\":tftypes.Number, \"port\":tftypes.Number, \"protocol\":tftypes.String, \"targetPort\":tftypes.String]], \"publishNotReadyAddresses\":tftypes.Bool, \"selector\":tftypes.Map[tftypes.String], \"sessionAffinity\":tftypes.String, \"sessionAffinityConfig\":tftypes.Object[\"clientIP\":tftypes.Object[\"timeoutSeconds\":tftypes.Number]], \"trafficDistribution\":tftypes.String, \"type\":tftypes.String]<\"allocateLoadBalancerNodePorts\":tftypes.Bool<null>, \"clusterIP\":tftypes.String<null>, \"clusterIPs\":tftypes.List[tftypes.String]<null>, \"externalIPs\":tftypes.List[tftypes.String]<null>, \"externalName\":tftypes.String<null>, \"externalTrafficPolicy\":tftypes.String<null>, \"healthCheckNodePort\":tftypes.Number<null>, \"internalTrafficPolicy\":tftypes.String<null>, \"ipFamilies\":tftypes.List[tftypes.String]<null>, \"ipFamilyPolicy\":tftypes.String<null>, \"loadBalancerClass\":tftypes.String<null>, \"loadBalancerIP\":tftypes.String<null>, \"loadBalancerSourceRanges\":tftypes.List[tftypes.String]<null>, \"ports\":tftypes.List[tftypes.Object[\"appProtocol\":tftypes.String, \"name\":tftypes.String, \"nodePort\":tftypes.Number, \"port\":tftypes.Number, \"protocol\":tftypes.String, \"targetPort\":tftypes.String]]<tftypes.Object[\"appProtocol\":tftypes.String, \"name\":tftypes.String, \"nodePort\":tftypes.Number, \"port\":tftypes.Number, \"protocol\":tftypes.String, \"targetPort\":tftypes.String]<\"appProtocol\":tftypes.String<null>, \"name\":tftypes.String<null>, \"nodePort\":tftypes.Number<null>, \"port\":tftypes.Number<\"80\">, \"protocol\":tftypes.String<\"TCP\">, \"targetPort\":tftypes.String<\"80\">>>, \"publishNotReadyAddresses\":tftypes.Bool<null>, \"selector\":tftypes.Map[tftypes.String]<\"app\":tftypes.String<\"grafana\">>, \"sessionAffinity\":tftypes.String<null>, \"sessionAffinityConfig\":tftypes.Object[\"clientIP\":tftypes.Object[\"timeoutSeconds\":tftypes.Number]]<null>, \"trafficDistribution\":tftypes.String<null>, \"type\":tftypes.String<\"LoadBalancer\">>>"
2025-11-16T16:25:06.749Z [DEBUG] provider.terraform-provider-kubernetes_v2.38.0_x5: 2025-11-16T16:25:06.749Z [DEBUG] [PlanResourceChange]: backfilled manifest="tftypes.Object[\"apiVersion\":tftypes.String, \"kind\":tftypes.String, \"metadata\":tftypes.Object[\"annotations\":tftypes.Map[tftypes.String], \"creationTimestamp\":tftypes.String, \"deletionGracePeriodSeconds\":tftypes.Number, \"deletionTimestamp\":tftypes.String, \"finalizers\":tftypes.List[tftypes.String], \"generateName\":tftypes.String, \"generation\":tftypes.Number, \"labels\":tftypes.Map[tftypes.String], \"managedFields\":tftypes.Tuple[tftypes.Object[\"apiVersion\":tftypes.String, \"fieldsType\":tftypes.String, \"fieldsV1\":tftypes.DynamicPseudoType, \"manager\":tftypes.String, \"operation\":tftypes.String, \"subresource\":tftypes.String, \"time\":tftypes.String]], \"name\":tftypes.String, \"namespace\":tftypes.String, \"ownerReferences\":tftypes.List[tftypes.Object[\"apiVersion\":tftypes.String, \"blockOwnerDeletion\":tftypes.Bool, \"controller\":tftypes.Bool, \"kind\":tftypes.String, \"name\":tftypes.String, \"uid\":tftypes.String]], \"resourceVersion\":tftypes.String, \"selfLink\":tftypes.String, \"uid\":tftypes.String], \"spec\":tftypes.Object[\"allocateLoadBalancerNodePorts\":tftypes.Bool, \"clusterIP\":tftypes.String, \"clusterIPs\":tftypes.List[tftypes.String], \"externalIPs\":tftypes.List[tftypes.String], \"externalName\":tftypes.String, \"externalTrafficPolicy\":tftypes.String, \"healthCheckNodePort\":tftypes.Number, \"internalTrafficPolicy\":tftypes.String, \"ipFamilies\":tftypes.List[tftypes.String], \"ipFamilyPolicy\":tftypes.String, \"loadBalancerClass\":tftypes.String, \"loadBalancerIP\":tftypes.String, \"loadBalancerSourceRanges\":tftypes.List[tftypes.String], \"ports\":tftypes.List[tftypes.Object[\"appProtocol\":tftypes.String, \"name\":tftypes.String, \"nodePort\":tftypes.Number, \"port\":tftypes.Number, \"protocol\":tftypes.String, \"targetPort\":tftypes.String]], \"publishNotReadyAddresses\":tftypes.Bool, \"selector\":tftypes.Map[tftypes.String], \"sessionAffinity\":tftypes.String, \"sessionAffinityConfig\":tftypes.Object[\"clientIP\":tftypes.Object[\"timeoutSeconds\":tftypes.Number]], \"trafficDistribution\":tftypes.String, \"type\":tftypes.String]]<\"apiVersion\":tftypes.String<\"v1\">, \"kind\":tftypes.String<\"Service\">, \"metadata\":tftypes.Object[\"annotations\":tftypes.Map[tftypes.String], \"creationTimestamp\":tftypes.String, \"deletionGracePeriodSeconds\":tftypes.Number, \"deletionTimestamp\":tftypes.String, \"finalizers\":tftypes.List[tftypes.String], \"generateName\":tftypes.String, \"generation\":tftypes.Number, \"labels\":tftypes.Map[tftypes.String], \"managedFields\":tftypes.Tuple[tftypes.Object[\"apiVersion\":tftypes.String, \"fieldsType\":tftypes.String, \"fieldsV1\":tftypes.DynamicPseudoType, \"manager\":tftypes.String, \"operation\":tftypes.String, \"subresource\":tftypes.String, \"time\":tftypes.String]], \"name\":tftypes.String, \"namespace\":tftypes.String, \"ownerReferences\":tftypes.List[tftypes.Object[\"apiVersion\":tftypes.String, \"blockOwnerDeletion\":tftypes.Bool, \"controller\":tftypes.Bool, \"kind\":tftypes.String, \"name\":tftypes.String, \"uid\":tftypes.String]], \"resourceVersion\":tftypes.String, \"selfLink\":tftypes.String, \"uid\":tftypes.String]<\"annotations\":tftypes.Map[tftypes.String]<unknown>, \"creationTimestamp\":tftypes.String<unknown>, \"deletionGracePeriodSeconds\":tftypes.Number<unknown>, \"deletionTimestamp\":tftypes.String<unknown>, \"finalizers\":tftypes.List[tftypes.String]<unknown>, \"generateName\":tftypes.String<unknown>, \"generation\":tftypes.Number<unknown>, \"labels\":tftypes.Map[tftypes.String]<unknown>, \"managedFields\":tftypes.Tuple[tftypes.Object[\"apiVersion\":tftypes.String, \"fieldsType\":tftypes.String, \"fieldsV1\":tftypes.DynamicPseudoType, \"manager\":tftypes.String, \"operation\":tftypes.String, \"subresource\":tftypes.String, \"time\":tftypes.String]]<unknown>, \"name\":tftypes.String<\"grafana\">, \"namespace\":tftypes.String<\"monitoring\">, \"ownerReferences\":tftypes.List[tftypes.Object[\"apiVersion\":tftypes.String, \"blockOwnerDeletion\":tftypes.Bool, \"controller\":tftypes.Bool, \"kind\":tftypes.String, \"name\":tftypes.String, \"uid\":tftypes.String]]<unknown>, \"resourceVersion\":tftypes.String<unknown>, \"selfLink\":tftypes.String<unknown>, \"uid\":tftypes.String<unknown>>, \"spec\":tftypes.Object[\"allocateLoadBalancerNodePorts\":tftypes.Bool, \"clusterIP\":tftypes.String, \"clusterIPs\":tftypes.List[tftypes.String], \"externalIPs\":tftypes.List[tftypes.String], \"externalName\":tftypes.String, \"externalTrafficPolicy\":tftypes.String, \"healthCheckNodePort\":tftypes.Number, \"internalTrafficPolicy\":tftypes.String, \"ipFamilies\":tftypes.List[tftypes.String], \"ipFamilyPolicy\":tftypes.String, \"loadBalancerClass\":tftypes.String, \"loadBalancerIP\":tftypes.String, \"loadBalancerSourceRanges\":tftypes.List[tftypes.String], \"ports\":tftypes.List[tftypes.Object[\"appProtocol\":tftypes.String, \"name\":tftypes.String, \"nodePort\":tftypes.Number, \"port\":tftypes.Number, \"protocol\":tftypes.String, \"targetPort\":tftypes.String]], \"publishNotReadyAddresses\":tftypes.Bool, \"selector\":tftypes.Map[tftypes.String], \"sessionAffinity\":tftypes.String, \"sessionAffinityConfig\":tftypes.Object[\"clientIP\":tftypes.Object[\"timeoutSeconds\":tftypes.Number]], \"trafficDistribution\":tftypes.String, \"type\":tftypes.String]<\"allocateLoadBalancerNodePorts\":tftypes.Bool<unknown>, \"clusterIP\":tftypes.String<unknown>, \"clusterIPs\":tftypes.List[tftypes.String]<unknown>, \"externalIPs\":tftypes.List[tftypes.String]<unknown>, \"externalName\":tftypes.String<unknown>, \"externalTrafficPolicy\":tftypes.String<unknown>, \"healthCheckNodePort\":tftypes.Number<unknown>, \"internalTrafficPolicy\":tftypes.String<unknown>, \"ipFamilies\":tftypes.List[tftypes.String]<unknown>, \"ipFamilyPolicy\":tftypes.String<unknown>, \"loadBalancerClass\":tftypes.String<unknown>, \"loadBalancerIP\":tftypes.String<unknown>, \"loadBalancerSourceRanges\":tftypes.List[tftypes.String]<unknown>, \"ports\":tftypes.List[tftypes.Object[\"appProtocol\":tftypes.String, \"name\":tftypes.String, \"nodePort\":tftypes.Number, \"port\":tftypes.Number, \"protocol\":tftypes.String, \"targetPort\":tftypes.String]]<tftypes.Object[\"appProtocol\":tftypes.String, \"name\":tftypes.String, \"nodePort\":tftypes.Number, \"port\":tftypes.Number, \"protocol\":tftypes.String, \"targetPort\":tftypes.String]<\"appProtocol\":tftypes.String<unknown>, \"name\":tftypes.String<unknown>, \"nodePort\":tftypes.Number<unknown>, \"port\":tftypes.Number<\"80\">, \"protocol\":tftypes.String<\"TCP\">, \"targetPort\":tftypes.String<\"80\">>>, \"publishNotReadyAddresses\":tftypes.Bool<unknown>, \"selector\":tftypes.Map[tftypes.String]<\"app\":tftypes.String<\"grafana\">>, \"sessionAffinity\":tftypes.String<unknown>, \"sessionAffinityConfig\":tftypes.Object[\"clientIP\":tftypes.Object[\"timeoutSeconds\":tftypes.Number]]<\"clientIP\":tftypes.Object[\"timeoutSeconds\":tftypes.Number]<\"timeoutSeconds\":tftypes.Number<unknown>>>, \"trafficDistribution\":tftypes.String<unknown>, \"type\":tftypes.String<\"LoadBalancer\">>>"
2025-11-16T16:25:06.756Z [DEBUG] provider.terraform-provider-kubernetes_v2.38.0_x5: 2025-11-16T16:25:06.756Z [DEBUG] [PlanUpdateResource]: OAPI type="tftypes.Object[\"apiVersion\":tftypes.String, \"kind\":tftypes.String, \"metadata\":tftypes.Object[\"annotations\":tftypes.Map[tftypes.String], \"creationTimestamp\":tftypes.String, \"deletionGracePeriodSeconds\":tftypes.Number, \"deletionTimestamp\":tftypes.String, \"finalizers\":tftypes.List[tftypes.String], \"generateName\":tftypes.String, \"generation\":tftypes.Number, \"labels\":tftypes.Map[tftypes.String], \"managedFields\":tftypes.Tuple[tftypes.Object[\"apiVersion\":tftypes.String, \"fieldsType\":tftypes.String, \"fieldsV1\":tftypes.DynamicPseudoType, \"manager\":tftypes.String, \"operation\":tftypes.String, \"subresource\":tftypes.String, \"time\":tftypes.String]], \"name\":tftypes.String, \"namespace\":tftypes.String, \"ownerReferences\":tftypes.List[tftypes.Object[\"apiVersion\":tftypes.String, \"blockOwnerDeletion\":tftypes.Bool, \"controller\":tftypes.Bool, \"kind\":tftypes.String, \"name\":tftypes.String, \"uid\":tftypes.String]], \"resourceVersion\":tftypes.String, \"selfLink\":tftypes.String, \"uid\":tftypes.String], \"spec\":tftypes.Object[\"allocateLoadBalancerNodePorts\":tftypes.Bool, \"clusterIP\":tftypes.String, \"clusterIPs\":tftypes.List[tftypes.String], \"externalIPs\":tftypes.List[tftypes.String], \"externalName\":tftypes.String, \"externalTrafficPolicy\":tftypes.String, \"healthCheckNodePort\":tftypes.Number, \"internalTrafficPolicy\":tftypes.String, \"ipFamilies\":tftypes.List[tftypes.String], \"ipFamilyPolicy\":tftypes.String, \"loadBalancerClass\":tftypes.String, \"loadBalancerIP\":tftypes.String, \"loadBalancerSourceRanges\":tftypes.List[tftypes.String], \"ports\":tftypes.List[tftypes.Object[\"appProtocol\":tftypes.String, \"name\":tftypes.String, \"nodePort\":tftypes.Number, \"port\":tftypes.Number, \"protocol\":tftypes.String, \"targetPort\":tftypes.String]], \"publishNotReadyAddresses\":tftypes.Bool, \"selector\":tftypes.Map[tftypes.String], \"sessionAffinity\":tftypes.String, \"sessionAffinityConfig\":tftypes.Object[\"clientIP\":tftypes.Object[\"timeoutSeconds\":tftypes.Number]], \"trafficDistribution\":tftypes.String, \"type\":tftypes.String]]"
2025-11-16T16:25:06.757Z [DEBUG] provider.terraform-provider-kubernetes_v2.38.0_x5: 2025-11-16T16:25:06.756Z [DEBUG] [PlanResourceChange]: morphed manifest="tftypes.Object[\"apiVersion\":tftypes.String, \"kind\":tftypes.String, \"metadata\":tftypes.Object[\"annotations\":tftypes.Map[tftypes.String], \"creationTimestamp\":tftypes.String, \"deletionGracePeriodSeconds\":tftypes.Number, \"deletionTimestamp\":tftypes.String, \"finalizers\":tftypes.List[tftypes.String], \"generateName\":tftypes.String, \"generation\":tftypes.Number, \"labels\":tftypes.Map[tftypes.String], \"managedFields\":tftypes.Tuple[tftypes.Object[\"apiVersion\":tftypes.String, \"fieldsType\":tftypes.String, \"fieldsV1\":tftypes.DynamicPseudoType, \"manager\":tftypes.String, \"operation\":tftypes.String, \"subresource\":tftypes.String, \"time\":tftypes.String]], \"name\":tftypes.String, \"namespace\":tftypes.String, \"ownerReferences\":tftypes.List[tftypes.Object[\"apiVersion\":tftypes.String, \"blockOwnerDeletion\":tftypes.Bool, \"controller\":tftypes.Bool, \"kind\":tftypes.String, \"name\":tftypes.String, \"uid\":tftypes.String]], \"resourceVersion\":tftypes.String, \"selfLink\":tftypes.String, \"uid\":tftypes.String], \"spec\":tftypes.Object[\"allocateLoadBalancerNodePorts\":tftypes.Bool, \"clusterIP\":tftypes.String, \"clusterIPs\":tftypes.List[tftypes.String], \"externalIPs\":tftypes.List[tftypes.String], \"externalName\":tftypes.String, \"externalTrafficPolicy\":tftypes.String, \"healthCheckNodePort\":tftypes.Number, \"internalTrafficPolicy\":tftypes.String, \"ipFamilies\":tftypes.List[tftypes.String], \"ipFamilyPolicy\":tftypes.String, \"loadBalancerClass\":tftypes.String, \"loadBalancerIP\":tftypes.String, \"loadBalancerSourceRanges\":tftypes.List[tftypes.String], \"ports\":tftypes.List[tftypes.Object[\"appProtocol\":tftypes.String, \"name\":tftypes.String, \"nodePort\":tftypes.Number, \"port\":tftypes.Number, \"protocol\":tftypes.String, \"targetPort\":tftypes.String]], \"publishNotReadyAddresses\":tftypes.Bool, \"selector\":tftypes.Map[tftypes.String], \"sessionAffinity\":tftypes.String, \"sessionAffinityConfig\":tftypes.Object[\"clientIP\":tftypes.Object[\"timeoutSeconds\":tftypes.Number]], \"trafficDistribution\":tftypes.String, \"type\":tftypes.String]]<\"apiVersion\":tftypes.String<\"v1\">, \"kind\":tftypes.String<\"Service\">, \"metadata\":tftypes.Object[\"annotations\":tftypes.Map[tftypes.String], \"creationTimestamp\":tftypes.String, \"deletionGracePeriodSeconds\":tftypes.Number, \"deletionTimestamp\":tftypes.String, \"finalizers\":tftypes.List[tftypes.String], \"generateName\":tftypes.String, \"generation\":tftypes.Number, \"labels\":tftypes.Map[tftypes.String], \"managedFields\":tftypes.Tuple[tftypes.Object[\"apiVersion\":tftypes.String, \"fieldsType\":tftypes.String, \"fieldsV1\":tftypes.DynamicPseudoType, \"manager\":tftypes.String, \"operation\":tftypes.String, \"subresource\":tftypes.String, \"time\":tftypes.String]], \"name\":tftypes.String, \"namespace\":tftypes.String, \"ownerReferences\":tftypes.List[tftypes.Object[\"apiVersion\":tftypes.String, \"blockOwnerDeletion\":tftypes.Bool, \"controller\":tftypes.Bool, \"kind\":tftypes.String, \"name\":tftypes.String, \"uid\":tftypes.String]], \"resourceVersion\":tftypes.String, \"selfLink\":tftypes.String, \"uid\":tftypes.String]<\"annotations\":tftypes.Map[tftypes.String]<null>, \"creationTimestamp\":tftypes.String<null>, \"deletionGracePeriodSeconds\":tftypes.Number<null>, \"deletionTimestamp\":tftypes.String<null>, \"finalizers\":tftypes.List[tftypes.String]<null>, \"generateName\":tftypes.String<null>, \"generation\":tftypes.Number<null>, \"labels\":tftypes.Map[tftypes.String]<null>, \"managedFields\":tftypes.Tuple[tftypes.Object[\"apiVersion\":tftypes.String, \"fieldsType\":tftypes.String, \"fieldsV1\":tftypes.DynamicPseudoType, \"manager\":tftypes.String, \"operation\":tftypes.String, \"subresource\":tftypes.String, \"time\":tftypes.String]]<null>, \"name\":tftypes.String<\"prometheus-server\">, \"namespace\":tftypes.String<\"monitoring\">, \"ownerReferences\":tftypes.List[tftypes.Object[\"apiVersion\":tftypes.String, \"blockOwnerDeletion\":tftypes.Bool, \"controller\":tftypes.Bool, \"kind\":tftypes.String, \"name\":tftypes.String, \"uid\":tftypes.String]]<null>, \"resourceVersion\":tftypes.String<null>, \"selfLink\":tftypes.String<null>, \"uid\":tftypes.String<null>>, \"spec\":tftypes.Object[\"allocateLoadBalancerNodePorts\":tftypes.Bool, \"clusterIP\":tftypes.String, \"clusterIPs\":tftypes.List[tftypes.String], \"externalIPs\":tftypes.List[tftypes.String], \"externalName\":tftypes.String, \"externalTrafficPolicy\":tftypes.String, \"healthCheckNodePort\":tftypes.Number, \"internalTrafficPolicy\":tftypes.String, \"ipFamilies\":tftypes.List[tftypes.String], \"ipFamilyPolicy\":tftypes.String, \"loadBalancerClass\":tftypes.String, \"loadBalancerIP\":tftypes.String, \"loadBalancerSourceRanges\":tftypes.List[tftypes.String], \"ports\":tftypes.List[tftypes.Object[\"appProtocol\":tftypes.String, \"name\":tftypes.String, \"nodePort\":tftypes.Number, \"port\":tftypes.Number, \"protocol\":tftypes.String, \"targetPort\":tftypes.String]], \"publishNotReadyAddresses\":tftypes.Bool, \"selector\":tftypes.Map[tftypes.String], \"sessionAffinity\":tftypes.String, \"sessionAffinityConfig\":tftypes.Object[\"clientIP\":tftypes.Object[\"timeoutSeconds\":tftypes.Number]], \"trafficDistribution\":tftypes.String, \"type\":tftypes.String]<\"allocateLoadBalancerNodePorts\":tftypes.Bool<null>, \"clusterIP\":tftypes.String<null>, \"clusterIPs\":tftypes.List[tftypes.String]<null>, \"externalIPs\":tftypes.List[tftypes.String]<null>, \"externalName\":tftypes.String<null>, \"externalTrafficPolicy\":tftypes.String<null>, \"healthCheckNodePort\":tftypes.Number<null>, \"internalTrafficPolicy\":tftypes.String<null>, \"ipFamilies\":tftypes.List[tftypes.String]<null>, \"ipFamilyPolicy\":tftypes.String<null>, \"loadBalancerClass\":tftypes.String<null>, \"loadBalancerIP\":tftypes.String<null>, \"loadBalancerSourceRanges\":tftypes.List[tftypes.String]<null>, \"ports\":tftypes.List[tftypes.Object[\"appProtocol\":tftypes.String, \"name\":tftypes.String, \"nodePort\":tftypes.Number, \"port\":tftypes.Number, \"protocol\":tftypes.String, \"targetPort\":tftypes.String]]<tftypes.Object[\"appProtocol\":tftypes.String, \"name\":tftypes.String, \"nodePort\":tftypes.Number, \"port\":tftypes.Number, \"protocol\":tftypes.String, \"targetPort\":tftypes.String]<\"appProtocol\":tftypes.String<null>, \"name\":tftypes.String<null>, \"nodePort\":tftypes.Number<null>, \"port\":tftypes.Number<\"9090\">, \"protocol\":tftypes.String<\"TCP\">, \"targetPort\":tftypes.String<\"9090\">>>, \"publishNotReadyAddresses\":tftypes.Bool<null>, \"selector\":tftypes.Map[tftypes.String]<\"app\":tftypes.String<\"prometheus\">>, \"sessionAffinity\":tftypes.String<null>, \"sessionAffinityConfig\":tftypes.Object[\"clientIP\":tftypes.Object[\"timeoutSeconds\":tftypes.Number]]<null>, \"trafficDistribution\":tftypes.String<null>, \"type\":tftypes.String<\"LoadBalancer\">>>"
2025-11-16T16:25:06.757Z [DEBUG] provider.terraform-provider-kubernetes_v2.38.0_x5: 2025-11-16T16:25:06.757Z [DEBUG] [PlanResourceChange]: backfilled manifest="tftypes.Object[\"apiVersion\":tftypes.String, \"kind\":tftypes.String, \"metadata\":tftypes.Object[\"annotations\":tftypes.Map[tftypes.String], \"creationTimestamp\":tftypes.String, \"deletionGracePeriodSeconds\":tftypes.Number, \"deletionTimestamp\":tftypes.String, \"finalizers\":tftypes.List[tftypes.String], \"generateName\":tftypes.String, \"generation\":tftypes.Number, \"labels\":tftypes.Map[tftypes.String], \"managedFields\":tftypes.Tuple[tftypes.Object[\"apiVersion\":tftypes.String, \"fieldsType\":tftypes.String, \"fieldsV1\":tftypes.DynamicPseudoType, \"manager\":tftypes.String, \"operation\":tftypes.String, \"subresource\":tftypes.String, \"time\":tftypes.String]], \"name\":tftypes.String, \"namespace\":tftypes.String, \"ownerReferences\":tftypes.List[tftypes.Object[\"apiVersion\":tftypes.String, \"blockOwnerDeletion\":tftypes.Bool, \"controller\":tftypes.Bool, \"kind\":tftypes.String, \"name\":tftypes.String, \"uid\":tftypes.String]], \"resourceVersion\":tftypes.String, \"selfLink\":tftypes.String, \"uid\":tftypes.String], \"spec\":tftypes.Object[\"allocateLoadBalancerNodePorts\":tftypes.Bool, \"clusterIP\":tftypes.String, \"clusterIPs\":tftypes.List[tftypes.String], \"externalIPs\":tftypes.List[tftypes.String], \"externalName\":tftypes.String, \"externalTrafficPolicy\":tftypes.String, \"healthCheckNodePort\":tftypes.Number, \"internalTrafficPolicy\":tftypes.String, \"ipFamilies\":tftypes.List[tftypes.String], \"ipFamilyPolicy\":tftypes.String, \"loadBalancerClass\":tftypes.String, \"loadBalancerIP\":tftypes.String, \"loadBalancerSourceRanges\":tftypes.List[tftypes.String], \"ports\":tftypes.List[tftypes.Object[\"appProtocol\":tftypes.String, \"name\":tftypes.String, \"nodePort\":tftypes.Number, \"port\":tftypes.Number, \"protocol\":tftypes.String, \"targetPort\":tftypes.String]], \"publishNotReadyAddresses\":tftypes.Bool, \"selector\":tftypes.Map[tftypes.String], \"sessionAffinity\":tftypes.String, \"sessionAffinityConfig\":tftypes.Object[\"clientIP\":tftypes.Object[\"timeoutSeconds\":tftypes.Number]], \"trafficDistribution\":tftypes.String, \"type\":tftypes.String]]<\"apiVersion\":tftypes.String<\"v1\">, \"kind\":tftypes.String<\"Service\">, \"metadata\":tftypes.Object[\"annotations\":tftypes.Map[tftypes.String], \"creationTimestamp\":tftypes.String, \"deletionGracePeriodSeconds\":tftypes.Number, \"deletionTimestamp\":tftypes.String, \"finalizers\":tftypes.List[tftypes.String], \"generateName\":tftypes.String, \"generation\":tftypes.Number, \"labels\":tftypes.Map[tftypes.String], \"managedFields\":tftypes.Tuple[tftypes.Object[\"apiVersion\":tftypes.String, \"fieldsType\":tftypes.String, \"fieldsV1\":tftypes.DynamicPseudoType, \"manager\":tftypes.String, \"operation\":tftypes.String, \"subresource\":tftypes.String, \"time\":tftypes.String]], \"name\":tftypes.String, \"namespace\":tftypes.String, \"ownerReferences\":tftypes.List[tftypes.Object[\"apiVersion\":tftypes.String, \"blockOwnerDeletion\":tftypes.Bool, \"controller\":tftypes.Bool, \"kind\":tftypes.String, \"name\":tftypes.String, \"uid\":tftypes.String]], \"resourceVersion\":tftypes.String, \"selfLink\":tftypes.String, \"uid\":tftypes.String]<\"annotations\":tftypes.Map[tftypes.String]<unknown>, \"creationTimestamp\":tftypes.String<unknown>, \"deletionGracePeriodSeconds\":tftypes.Number<unknown>, \"deletionTimestamp\":tftypes.String<unknown>, \"finalizers\":tftypes.List[tftypes.String]<unknown>, \"generateName\":tftypes.String<unknown>, \"generation\":tftypes.Number<unknown>, \"labels\":tftypes.Map[tftypes.String]<unknown>, \"managedFields\":tftypes.Tuple[tftypes.Object[\"apiVersion\":tftypes.String, \"fieldsType\":tftypes.String, \"fieldsV1\":tftypes.DynamicPseudoType, \"manager\":tftypes.String, \"operation\":tftypes.String, \"subresource\":tftypes.String, \"time\":tftypes.String]]<unknown>, \"name\":tftypes.String<\"prometheus-server\">, \"namespace\":tftypes.String<\"monitoring\">, \"ownerReferences\":tftypes.List[tftypes.Object[\"apiVersion\":tftypes.String, \"blockOwnerDeletion\":tftypes.Bool, \"controller\":tftypes.Bool, \"kind\":tftypes.String, \"name\":tftypes.String, \"uid\":tftypes.String]]<unknown>, \"resourceVersion\":tftypes.String<unknown>, \"selfLink\":tftypes.String<unknown>, \"uid\":tftypes.String<unknown>>, \"spec\":tftypes.Object[\"allocateLoadBalancerNodePorts\":tftypes.Bool, \"clusterIP\":tftypes.String, \"clusterIPs\":tftypes.List[tftypes.String], \"externalIPs\":tftypes.List[tftypes.String], \"externalName\":tftypes.String, \"externalTrafficPolicy\":tftypes.String, \"healthCheckNodePort\":tftypes.Number, \"internalTrafficPolicy\":tftypes.String, \"ipFamilies\":tftypes.List[tftypes.String], \"ipFamilyPolicy\":tftypes.String, \"loadBalancerClass\":tftypes.String, \"loadBalancerIP\":tftypes.String, \"loadBalancerSourceRanges\":tftypes.List[tftypes.String], \"ports\":tftypes.List[tftypes.Object[\"appProtocol\":tftypes.String, \"name\":tftypes.String, \"nodePort\":tftypes.Number, \"port\":tftypes.Number, \"protocol\":tftypes.String, \"targetPort\":tftypes.String]], \"publishNotReadyAddresses\":tftypes.Bool, \"selector\":tftypes.Map[tftypes.String], \"sessionAffinity\":tftypes.String, \"sessionAffinityConfig\":tftypes.Object[\"clientIP\":tftypes.Object[\"timeoutSeconds\":tftypes.Number]], \"trafficDistribution\":tftypes.String, \"type\":tftypes.String]<\"allocateLoadBalancerNodePorts\":tftypes.Bool<unknown>, \"clusterIP\":tftypes.String<unknown>, \"clusterIPs\":tftypes.List[tftypes.String]<unknown>, \"externalIPs\":tftypes.List[tftypes.String]<unknown>, \"externalName\":tftypes.String<unknown>, \"externalTrafficPolicy\":tftypes.String<unknown>, \"healthCheckNodePort\":tftypes.Number<unknown>, \"internalTrafficPolicy\":tftypes.String<unknown>, \"ipFamilies\":tftypes.List[tftypes.String]<unknown>, \"ipFamilyPolicy\":tftypes.String<unknown>, \"loadBalancerClass\":tftypes.String<unknown>, \"loadBalancerIP\":tftypes.String<unknown>, \"loadBalancerSourceRanges\":tftypes.List[tftypes.String]<unknown>, \"ports\":tftypes.List[tftypes.Object[\"appProtocol\":tftypes.String, \"name\":tftypes.String, \"nodePort\":tftypes.Number, \"port\":tftypes.Number, \"protocol\":tftypes.String, \"targetPort\":tftypes.String]]<tftypes.Object[\"appProtocol\":tftypes.String, \"name\":tftypes.String, \"nodePort\":tftypes.Number, \"port\":tftypes.Number, \"protocol\":tftypes.String, \"targetPort\":tftypes.String]<\"appProtocol\":tftypes.String<unknown>, \"name\":tftypes.String<unknown>, \"nodePort\":tftypes.Number<unknown>, \"port\":tftypes.Number<\"9090\">, \"protocol\":tftypes.String<\"TCP\">, \"targetPort\":tftypes.String<\"9090\">>>, \"publishNotReadyAddresses\":tftypes.Bool<unknown>, \"selector\":tftypes.Map[tftypes.String]<\"app\":tftypes.String<\"prometheus\">>, \"sessionAffinity\":tftypes.String<unknown>, \"sessionAffinityConfig\":tftypes.Object[\"clientIP\":tftypes.Object[\"timeoutSeconds\":tftypes.Number]]<\"clientIP\":tftypes.Object[\"timeoutSeconds\":tftypes.Number]<\"timeoutSeconds\":tftypes.Number<unknown>>>, \"trafficDistribution\":tftypes.String<unknown>, \"type\":tftypes.String<\"LoadBalancer\">>>"
2025-11-16T16:25:06.762Z [DEBUG] provider.stdio: received EOF, stopping recv loop: err="rpc error: code = Unavailable desc = error reading from server: EOF"
2025-11-16T16:25:06.769Z [INFO]  provider.terraform-provider-helm_v2.17.0_x5: 2025/11/16 16:25:06 [DEBUG] [resourceDiff: kube-prometheus-stack] Got chart kube-prometheus-stack version 60.3.0: timestamp=2025-11-16T16:25:06.769Z
2025-11-16T16:25:06.769Z [INFO]  provider.terraform-provider-helm_v2.17.0_x5: 2025/11/16 16:25:06 [DEBUG] [resourceDiff: kube-prometheus-stack] Release validated: timestamp=2025-11-16T16:25:06.769Z
2025-11-16T16:25:06.769Z [INFO]  provider.terraform-provider-helm_v2.17.0_x5: 2025/11/16 16:25:06 [DEBUG] [resourceDiff: kube-prometheus-stack] setting version to 60.3.0: timestamp=2025-11-16T16:25:06.769Z
2025-11-16T16:25:06.769Z [INFO]  provider.terraform-provider-helm_v2.17.0_x5: 2025/11/16 16:25:06 [DEBUG] [resourceDiff: kube-prometheus-stack] Done: timestamp=2025-11-16T16:25:06.769Z
2025-11-16T16:25:06.771Z [WARN]  Provider "registry.terraform.io/hashicorp/helm" produced an invalid plan for helm_release.kps, but we are tolerating it because it is using the legacy plugin SDK.
    The following problems may be the cause of any confusing errors from downstream operations:
      - .render_subchart_notes: planned value cty.True for a non-computed attribute
      - .verify: planned value cty.False for a non-computed attribute
      - .dependency_update: planned value cty.False for a non-computed attribute
      - .disable_webhooks: planned value cty.False for a non-computed attribute
      - .reuse_values: planned value cty.False for a non-computed attribute
      - .force_update: planned value cty.False for a non-computed attribute
      - .replace: planned value cty.False for a non-computed attribute
      - .reset_values: planned value cty.False for a non-computed attribute
      - .recreate_pods: planned value cty.False for a non-computed attribute
      - .skip_crds: planned value cty.False for a non-computed attribute
      - .timeout: planned value cty.NumberIntVal(300) for a non-computed attribute
      - .create_namespace: planned value cty.False for a non-computed attribute
      - .max_history: planned value cty.NumberIntVal(0) for a non-computed attribute
      - .wait_for_jobs: planned value cty.False for a non-computed attribute
      - .atomic: planned value cty.False for a non-computed attribute
      - .lint: planned value cty.False for a non-computed attribute
      - .pass_credentials: planned value cty.False for a non-computed attribute
      - .wait: planned value cty.True for a non-computed attribute
      - .disable_crd_hooks: planned value cty.False for a non-computed attribute
      - .disable_openapi_validation: planned value cty.False for a non-computed attribute
2025-11-16T16:25:06.772Z [INFO]  provider: plugin process exited: plugin=.terraform/providers/registry.terraform.io/hashicorp/kubernetes/2.38.0/linux_amd64/terraform-provider-kubernetes_v2.38.0_x5 id=173773
2025-11-16T16:25:06.772Z [DEBUG] provider: plugin exited
2025-11-16T16:25:06.773Z [DEBUG] provider.stdio: received EOF, stopping recv loop: err="rpc error: code = Unavailable desc = error reading from server: EOF"
2025-11-16T16:25:06.783Z [INFO]  provider: plugin process exited: plugin=.terraform/providers/registry.terraform.io/hashicorp/helm/2.17.0/linux_amd64/terraform-provider-helm_v2.17.0_x5 id=173764
2025-11-16T16:25:06.783Z [DEBUG] provider: plugin exited
2025-11-16T16:25:06.786Z [DEBUG] building apply graph to check for errors
2025-11-16T16:25:06.786Z [DEBUG] Resource state not found for node "helm_release.kps", instance helm_release.kps
2025-11-16T16:25:06.786Z [DEBUG] ProviderTransformer: "kubernetes_namespace.monitoring (expand)" (*terraform.nodeExpandApplyableResource) needs provider["registry.terraform.io/hashicorp/kubernetes"]
2025-11-16T16:25:06.786Z [DEBUG] ProviderTransformer: "kubernetes_namespace.monitoring" (*terraform.NodeApplyableResourceInstance) needs provider["registry.terraform.io/hashicorp/kubernetes"]
2025-11-16T16:25:06.786Z [DEBUG] ProviderTransformer: "kubernetes_manifest.grafana_service (expand)" (*terraform.nodeExpandApplyableResource) needs provider["registry.terraform.io/hashicorp/kubernetes"]
2025-11-16T16:25:06.786Z [DEBUG] ProviderTransformer: "helm_release.kps (expand)" (*terraform.nodeExpandApplyableResource) needs provider["registry.terraform.io/hashicorp/helm"]
2025-11-16T16:25:06.786Z [DEBUG] ProviderTransformer: "kubernetes_manifest.prometheus_service (expand)" (*terraform.nodeExpandApplyableResource) needs provider["registry.terraform.io/hashicorp/kubernetes"]
2025-11-16T16:25:06.786Z [DEBUG] ProviderTransformer: "helm_release.kps" (*terraform.NodeApplyableResourceInstance) needs provider["registry.terraform.io/hashicorp/helm"]
2025-11-16T16:25:06.787Z [DEBUG] ReferenceTransformer: "provider[\"registry.terraform.io/hashicorp/helm\"]" references: []
2025-11-16T16:25:06.787Z [DEBUG] ReferenceTransformer: "kubernetes_manifest.grafana_service (expand)" references: []
2025-11-16T16:25:06.787Z [DEBUG] ReferenceTransformer: "helm_release.kps (expand)" references: [kubernetes_namespace.monitoring (expand) kubernetes_namespace.monitoring kubernetes_namespace.monitoring kubernetes_namespace.monitoring (expand) kubernetes_namespace.monitoring kubernetes_namespace.monitoring]
2025-11-16T16:25:06.787Z [DEBUG] ReferenceTransformer: "kubernetes_manifest.prometheus_service (expand)" references: []
2025-11-16T16:25:06.787Z [DEBUG] ReferenceTransformer: "output.prometheus_url (expand)" references: []
2025-11-16T16:25:06.787Z [DEBUG] ReferenceTransformer: "helm_release.kps" references: [kubernetes_namespace.monitoring (expand) kubernetes_namespace.monitoring kubernetes_namespace.monitoring kubernetes_namespace.monitoring (expand) kubernetes_namespace.monitoring kubernetes_namespace.monitoring]
2025-11-16T16:25:06.787Z [DEBUG] ReferenceTransformer: "kubernetes_namespace.monitoring (expand)" references: []
2025-11-16T16:25:06.787Z [DEBUG] ReferenceTransformer: "output.grafana_infos (expand)" references: []
2025-11-16T16:25:06.787Z [DEBUG] ReferenceTransformer: "kubernetes_namespace.monitoring" references: []
2025-11-16T16:25:06.787Z [DEBUG] ReferenceTransformer: "provider[\"registry.terraform.io/hashicorp/kubernetes\"]" references: []
2025-11-16T16:25:06.787Z [DEBUG] pruneUnusedNodes: kubernetes_manifest.grafana_service (expand) is no longer needed, removing
2025-11-16T16:25:06.787Z [DEBUG] pruneUnusedNodes: kubernetes_manifest.prometheus_service (expand) is no longer needed, removing
2025-11-16T16:25:06.802Z [INFO]  backend/local: apply calling Apply
2025-11-16T16:25:06.802Z [DEBUG] Building and walking apply graph for NormalMode plan
2025-11-16T16:25:06.803Z [DEBUG] Resource state not found for node "helm_release.kps", instance helm_release.kps
2025-11-16T16:25:06.803Z [DEBUG] ProviderTransformer: "kubernetes_namespace.monitoring" (*terraform.NodeApplyableResourceInstance) needs provider["registry.terraform.io/hashicorp/kubernetes"]
2025-11-16T16:25:06.803Z [DEBUG] ProviderTransformer: "helm_release.kps" (*terraform.NodeApplyableResourceInstance) needs provider["registry.terraform.io/hashicorp/helm"]
2025-11-16T16:25:06.803Z [DEBUG] ProviderTransformer: "kubernetes_namespace.monitoring (expand)" (*terraform.nodeExpandApplyableResource) needs provider["registry.terraform.io/hashicorp/kubernetes"]
2025-11-16T16:25:06.803Z [DEBUG] ProviderTransformer: "kubernetes_manifest.prometheus_service (expand)" (*terraform.nodeExpandApplyableResource) needs provider["registry.terraform.io/hashicorp/kubernetes"]
2025-11-16T16:25:06.803Z [DEBUG] ProviderTransformer: "kubernetes_manifest.grafana_service (expand)" (*terraform.nodeExpandApplyableResource) needs provider["registry.terraform.io/hashicorp/kubernetes"]
2025-11-16T16:25:06.803Z [DEBUG] ProviderTransformer: "helm_release.kps (expand)" (*terraform.nodeExpandApplyableResource) needs provider["registry.terraform.io/hashicorp/helm"]
2025-11-16T16:25:06.803Z [DEBUG] ReferenceTransformer: "output.grafana_infos (expand)" references: []
2025-11-16T16:25:06.803Z [DEBUG] ReferenceTransformer: "kubernetes_namespace.monitoring" references: []
2025-11-16T16:25:06.803Z [DEBUG] ReferenceTransformer: "helm_release.kps" references: [kubernetes_namespace.monitoring kubernetes_namespace.monitoring kubernetes_namespace.monitoring (expand) kubernetes_namespace.monitoring kubernetes_namespace.monitoring kubernetes_namespace.monitoring (expand)]
2025-11-16T16:25:06.803Z [DEBUG] ReferenceTransformer: "provider[\"registry.terraform.io/hashicorp/kubernetes\"]" references: []
2025-11-16T16:25:06.803Z [DEBUG] ReferenceTransformer: "provider[\"registry.terraform.io/hashicorp/helm\"]" references: []
2025-11-16T16:25:06.803Z [DEBUG] ReferenceTransformer: "kubernetes_namespace.monitoring (expand)" references: []
2025-11-16T16:25:06.803Z [DEBUG] ReferenceTransformer: "kubernetes_manifest.prometheus_service (expand)" references: []
2025-11-16T16:25:06.803Z [DEBUG] ReferenceTransformer: "kubernetes_manifest.grafana_service (expand)" references: []
2025-11-16T16:25:06.803Z [DEBUG] ReferenceTransformer: "helm_release.kps (expand)" references: [kubernetes_namespace.monitoring kubernetes_namespace.monitoring kubernetes_namespace.monitoring (expand) kubernetes_namespace.monitoring kubernetes_namespace.monitoring kubernetes_namespace.monitoring (expand)]
2025-11-16T16:25:06.803Z [DEBUG] ReferenceTransformer: "output.prometheus_url (expand)" references: []
2025-11-16T16:25:06.804Z [DEBUG] pruneUnusedNodes: kubernetes_manifest.prometheus_service (expand) is no longer needed, removing
2025-11-16T16:25:06.804Z [DEBUG] pruneUnusedNodes: kubernetes_manifest.grafana_service (expand) is no longer needed, removing
2025-11-16T16:25:06.804Z [DEBUG] Starting graph walk: walkApply
2025-11-16T16:25:06.804Z [DEBUG] created provider logger: level=debug
2025-11-16T16:25:06.804Z [INFO]  provider: configuring client automatic mTLS
2025-11-16T16:25:06.812Z [DEBUG] provider: starting plugin: path=.terraform/providers/registry.terraform.io/hashicorp/kubernetes/2.38.0/linux_amd64/terraform-provider-kubernetes_v2.38.0_x5 args=[".terraform/providers/registry.terraform.io/hashicorp/kubernetes/2.38.0/linux_amd64/terraform-provider-kubernetes_v2.38.0_x5"]
2025-11-16T16:25:06.812Z [DEBUG] provider: plugin started: path=.terraform/providers/registry.terraform.io/hashicorp/kubernetes/2.38.0/linux_amd64/terraform-provider-kubernetes_v2.38.0_x5 pid=173782
2025-11-16T16:25:06.812Z [DEBUG] provider: waiting for RPC address: plugin=.terraform/providers/registry.terraform.io/hashicorp/kubernetes/2.38.0/linux_amd64/terraform-provider-kubernetes_v2.38.0_x5
2025-11-16T16:25:06.862Z [INFO]  provider.terraform-provider-kubernetes_v2.38.0_x5: configuring server automatic mTLS: timestamp=2025-11-16T16:25:06.862Z
2025-11-16T16:25:06.889Z [DEBUG] provider: using plugin: version=5
2025-11-16T16:25:06.889Z [DEBUG] provider.terraform-provider-kubernetes_v2.38.0_x5: plugin address: address=/tmp/plugin2604143315 network=unix timestamp=2025-11-16T16:25:06.889Z
2025-11-16T16:25:06.905Z [DEBUG] created provider logger: level=debug
2025-11-16T16:25:06.905Z [INFO]  provider: configuring client automatic mTLS
2025-11-16T16:25:06.913Z [DEBUG] provider: starting plugin: path=.terraform/providers/registry.terraform.io/hashicorp/helm/2.17.0/linux_amd64/terraform-provider-helm_v2.17.0_x5 args=[".terraform/providers/registry.terraform.io/hashicorp/helm/2.17.0/linux_amd64/terraform-provider-helm_v2.17.0_x5"]
2025-11-16T16:25:06.913Z [DEBUG] provider: plugin started: path=.terraform/providers/registry.terraform.io/hashicorp/helm/2.17.0/linux_amd64/terraform-provider-helm_v2.17.0_x5 pid=173790
2025-11-16T16:25:06.913Z [DEBUG] provider: waiting for RPC address: plugin=.terraform/providers/registry.terraform.io/hashicorp/helm/2.17.0/linux_amd64/terraform-provider-helm_v2.17.0_x5
2025-11-16T16:25:06.945Z [INFO]  provider.terraform-provider-helm_v2.17.0_x5: configuring server automatic mTLS: timestamp=2025-11-16T16:25:06.944Z
2025-11-16T16:25:06.963Z [DEBUG] provider: using plugin: version=5
2025-11-16T16:25:06.963Z [DEBUG] provider.terraform-provider-helm_v2.17.0_x5: plugin address: address=/tmp/plugin4160262053 network=unix timestamp=2025-11-16T16:25:06.963Z
2025-11-16T16:25:06.981Z [DEBUG] provider.terraform-provider-kubernetes_v2.38.0_x5: 2025/11/16 16:25:06 [DEBUG] Using kubeconfig: /root/.kube/config
2025-11-16T16:25:06.982Z [DEBUG] provider.terraform-provider-kubernetes_v2.38.0_x5: 2025/11/16 16:25:06 [DEBUG] Enabling HTTP requests/responses tracing
2025-11-16T16:25:06.983Z [WARN]  ValidateProviderConfig from "provider[\"registry.terraform.io/hashicorp/helm\"]" changed the config value, but that value is unused
2025-11-16T16:25:06.988Z [INFO]  provider.terraform-provider-helm_v2.17.0_x5: 2025/11/16 16:25:06 [DEBUG] Experiments enabled: []: timestamp=2025-11-16T16:25:06.987Z
2025-11-16T16:25:06.991Z [WARN]  Provider "registry.terraform.io/hashicorp/kubernetes" produced an invalid plan for kubernetes_namespace.monitoring, but we are tolerating it because it is using the legacy plugin SDK.
    The following problems may be the cause of any confusing errors from downstream operations:
      - .wait_for_default_service_account: planned value cty.False for a non-computed attribute
      - .metadata[0].annotations: planned value cty.MapValEmpty(cty.String) for a non-computed attribute
      - .metadata[0].generate_name: planned value cty.StringVal("") for a non-computed attribute
2025-11-16T16:25:06.991Z [INFO]  Starting apply for kubernetes_namespace.monitoring
2025-11-16T16:25:06.992Z [DEBUG] kubernetes_namespace.monitoring: applying the planned Update change
2025-11-16T16:25:06.995Z [DEBUG] provider.terraform-provider-kubernetes_v2.38.0_x5: 2025/11/16 16:25:06 [INFO] Updating namespace: [{"path":"/metadata/labels","value":{"pod-security.kubernetes.io/audit":"restricted","pod-security.kubernetes.io/enforce":"baseline"},"op":"add"}]
2025-11-16T16:25:06.996Z [DEBUG] provider.terraform-provider-kubernetes_v2.38.0_x5: Sending HTTP Request: @caller=github.com/hashicorp/terraform-plugin-sdk/v2@v2.37.0/helper/logging/logging_http_transport.go:160 Content-Length=146 tf_http_op_type=request User-Agent="HashiCorp/1.0 Terraform/1.9.8" tf_http_req_method=PATCH tf_http_req_version=HTTP/1.1 tf_http_trans_id=32f92ae3-3026-db22-7b09-b9cc7adccf28 Accept-Encoding=gzip Content-Type="application/json-patch+json" new_logger_warning="This log was generated by a subsystem logger that wasn't created before being used. Use tflog.NewSubsystem to create this logger before it is used." tf_http_req_uri=/api/v1/namespaces/monitoring @module=kubernetes.Kubernetes Accept="application/json, */*" Host=91.98.16.184:6443 tf_http_req_body="[{\"path\":\"/metadata/labels\",\"value\":{\"pod-security.kubernetes.io/audit\":\"restricted\",\"pod-security.kubernetes.io/enforce\":\"baseline\"},\"op\":\"add\"}]" timestamp=2025-11-16T16:25:06.995Z
2025-11-16T16:25:07.080Z [DEBUG] provider.terraform-provider-kubernetes_v2.38.0_x5: Received HTTP Response: tf_http_res_version=HTTP/2.0 @module=kubernetes.Kubernetes Audit-Id=678c13fc-7143-44ff-8d25-24b274e6536a Content-Type=application/json X-Kubernetes-Pf-Flowschema-Uid=24ef9050-0ff9-4e4e-b810-9e682b32e548 tf_http_res_status_code=200 @caller=github.com/hashicorp/terraform-plugin-sdk/v2@v2.37.0/helper/logging/logging_http_transport.go:160 Cache-Control="no-cache, private" Content-Length=703 tf_http_res_status_reason="200 OK" Date="Sun, 16 Nov 2025 16:25:07 GMT" X-Kubernetes-Pf-Prioritylevel-Uid=debe343a-fda0-4702-9e46-7980016434a2 new_logger_warning="This log was generated by a subsystem logger that wasn't created before being used. Use tflog.NewSubsystem to create this logger before it is used." tf_http_op_type=response
  tf_http_res_body=
  | {"kind":"Namespace","apiVersion":"v1","metadata":{"name":"monitoring","uid":"1fce642b-ebce-427a-ae8e-07b0b653b297","resourceVersion":"2054637","creationTimestamp":"2025-11-16T10:59:25Z","labels":{"kubernetes.io/metadata.name":"monitoring","pod-security.kubernetes.io/audit":"restricted","pod-security.kubernetes.io/enforce":"baseline"},"managedFields":[{"manager":"HashiCorp","operation":"Update","apiVersion":"v1","time":"2025-11-16T16:25:07Z","fieldsType":"FieldsV1","fieldsV1":{"f:metadata":{"f:labels":{".":{},"f:kubernetes.io/metadata.name":{},"f:pod-security.kubernetes.io/audit":{},"f:pod-security.kubernetes.io/enforce":{}}}}}]},"spec":{"finalizers":["kubernetes"]},"status":{"phase":"Active"}}
   tf_http_trans_id=32f92ae3-3026-db22-7b09-b9cc7adccf28 timestamp=2025-11-16T16:25:07.080Z
2025-11-16T16:25:07.081Z [DEBUG] provider.terraform-provider-kubernetes_v2.38.0_x5: 2025/11/16 16:25:07 [INFO] Submitted updated namespace: &v1.Namespace{TypeMeta:v1.TypeMeta{Kind:"", APIVersion:""}, ObjectMeta:v1.ObjectMeta{Name:"monitoring", GenerateName:"", Namespace:"", SelfLink:"", UID:"1fce642b-ebce-427a-ae8e-07b0b653b297", ResourceVersion:"2054637", Generation:0, CreationTimestamp:time.Date(2025, time.November, 16, 10, 59, 25, 0, time.Local), DeletionTimestamp:<nil>, DeletionGracePeriodSeconds:(*int64)(nil), Labels:map[string]string{"kubernetes.io/metadata.name":"monitoring", "pod-security.kubernetes.io/audit":"restricted", "pod-security.kubernetes.io/enforce":"baseline"}, Annotations:map[string]string(nil), OwnerReferences:[]v1.OwnerReference(nil), Finalizers:[]string(nil), ManagedFields:[]v1.ManagedFieldsEntry{v1.ManagedFieldsEntry{Manager:"HashiCorp", Operation:"Update", APIVersion:"v1", Time:time.Date(2025, time.November, 16, 16, 25, 7, 0, time.Local), FieldsType:"FieldsV1", FieldsV1:(*v1.FieldsV1)(0xc0012a4768), Subresource:""}}}, Spec:v1.NamespaceSpec{Finalizers:[]v1.FinalizerName{"kubernetes"}}, Status:v1.NamespaceStatus{Phase:"Active", Conditions:[]v1.NamespaceCondition(nil)}}
2025-11-16T16:25:07.081Z [DEBUG] provider.terraform-provider-kubernetes_v2.38.0_x5: 2025/11/16 16:25:07 [INFO] Checking namespace monitoring
2025-11-16T16:25:07.082Z [DEBUG] provider.terraform-provider-kubernetes_v2.38.0_x5: Sending HTTP Request: tf_http_req_method=GET tf_http_req_version=HTTP/1.1 tf_http_trans_id=6c9f3b4d-2cbd-c86f-01e1-fd6066fdcf64 @module=kubernetes.Kubernetes Accept="application/json, */*" new_logger_warning="This log was generated by a subsystem logger that wasn't created before being used. Use tflog.NewSubsystem to create this logger before it is used." tf_http_op_type=request Accept-Encoding=gzip Host=91.98.16.184:6443 tf_http_req_uri=/api/v1/namespaces/monitoring @caller=github.com/hashicorp/terraform-plugin-sdk/v2@v2.37.0/helper/logging/logging_http_transport.go:160 User-Agent="HashiCorp/1.0 Terraform/1.9.8" tf_http_req_body="" timestamp=2025-11-16T16:25:07.082Z
2025-11-16T16:25:07.109Z [DEBUG] provider.terraform-provider-kubernetes_v2.38.0_x5: Received HTTP Response: new_logger_warning="This log was generated by a subsystem logger that wasn't created before being used. Use tflog.NewSubsystem to create this logger before it is used." tf_http_op_type=response tf_http_res_status_code=200 tf_http_res_status_reason="200 OK" tf_http_res_version=HTTP/2.0 @caller=github.com/hashicorp/terraform-plugin-sdk/v2@v2.37.0/helper/logging/logging_http_transport.go:160 Date="Sun, 16 Nov 2025 16:25:07 GMT"
  tf_http_res_body=
  | {"kind":"Namespace","apiVersion":"v1","metadata":{"name":"monitoring","uid":"1fce642b-ebce-427a-ae8e-07b0b653b297","resourceVersion":"2054637","creationTimestamp":"2025-11-16T10:59:25Z","labels":{"kubernetes.io/metadata.name":"monitoring","pod-security.kubernetes.io/audit":"restricted","pod-security.kubernetes.io/enforce":"baseline"},"managedFields":[{"manager":"HashiCorp","operation":"Update","apiVersion":"v1","time":"2025-11-16T16:25:07Z","fieldsType":"FieldsV1","fieldsV1":{"f:metadata":{"f:labels":{".":{},"f:kubernetes.io/metadata.name":{},"f:pod-security.kubernetes.io/audit":{},"f:pod-security.kubernetes.io/enforce":{}}}}}]},"spec":{"finalizers":["kubernetes"]},"status":{"phase":"Active"}}
   Cache-Control="no-cache, private" Content-Type=application/json tf_http_trans_id=6c9f3b4d-2cbd-c86f-01e1-fd6066fdcf64 @module=kubernetes.Kubernetes Audit-Id=cc3a12d0-bbe4-4f4e-87ca-f5c7335fd45a Content-Length=703 X-Kubernetes-Pf-Flowschema-Uid=24ef9050-0ff9-4e4e-b810-9e682b32e548 X-Kubernetes-Pf-Prioritylevel-Uid=debe343a-fda0-4702-9e46-7980016434a2 timestamp=2025-11-16T16:25:07.109Z
2025-11-16T16:25:07.109Z [DEBUG] provider.terraform-provider-kubernetes_v2.38.0_x5: 2025/11/16 16:25:07 [INFO] Namespace monitoring exists
2025-11-16T16:25:07.109Z [DEBUG] provider.terraform-provider-kubernetes_v2.38.0_x5: 2025/11/16 16:25:07 [INFO] Reading namespace monitoring
2025-11-16T16:25:07.109Z [DEBUG] provider.terraform-provider-kubernetes_v2.38.0_x5: Sending HTTP Request: @module=kubernetes.Kubernetes new_logger_warning="This log was generated by a subsystem logger that wasn't created before being used. Use tflog.NewSubsystem to create this logger before it is used." Accept-Encoding=gzip User-Agent="HashiCorp/1.0 Terraform/1.9.8" tf_http_op_type=request tf_http_trans_id=b2dc5ae6-6822-4b64-e084-76d9df269881 Accept="application/json, */*" Host=91.98.16.184:6443 tf_http_req_body="" tf_http_req_version=HTTP/1.1 @caller=github.com/hashicorp/terraform-plugin-sdk/v2@v2.37.0/helper/logging/logging_http_transport.go:160 tf_http_req_method=GET tf_http_req_uri=/api/v1/namespaces/monitoring timestamp=2025-11-16T16:25:07.109Z
2025-11-16T16:25:07.138Z [DEBUG] provider.terraform-provider-kubernetes_v2.38.0_x5: Received HTTP Response: Date="Sun, 16 Nov 2025 16:25:07 GMT" X-Kubernetes-Pf-Prioritylevel-Uid=debe343a-fda0-4702-9e46-7980016434a2 new_logger_warning="This log was generated by a subsystem logger that wasn't created before being used. Use tflog.NewSubsystem to create this logger before it is used." @module=kubernetes.Kubernetes Content-Length=703 tf_http_op_type=response tf_http_res_status_reason="200 OK" tf_http_res_version=HTTP/2.0 @caller=github.com/hashicorp/terraform-plugin-sdk/v2@v2.37.0/helper/logging/logging_http_transport.go:160 Audit-Id=4d82feae-3dd3-479a-87dc-c10a78d44574 X-Kubernetes-Pf-Flowschema-Uid=24ef9050-0ff9-4e4e-b810-9e682b32e548 Cache-Control="no-cache, private" Content-Type=application/json
  tf_http_res_body=
  | {"kind":"Namespace","apiVersion":"v1","metadata":{"name":"monitoring","uid":"1fce642b-ebce-427a-ae8e-07b0b653b297","resourceVersion":"2054637","creationTimestamp":"2025-11-16T10:59:25Z","labels":{"kubernetes.io/metadata.name":"monitoring","pod-security.kubernetes.io/audit":"restricted","pod-security.kubernetes.io/enforce":"baseline"},"managedFields":[{"manager":"HashiCorp","operation":"Update","apiVersion":"v1","time":"2025-11-16T16:25:07Z","fieldsType":"FieldsV1","fieldsV1":{"f:metadata":{"f:labels":{".":{},"f:kubernetes.io/metadata.name":{},"f:pod-security.kubernetes.io/audit":{},"f:pod-security.kubernetes.io/enforce":{}}}}}]},"spec":{"finalizers":["kubernetes"]},"status":{"phase":"Active"}}
   tf_http_res_status_code=200 tf_http_trans_id=b2dc5ae6-6822-4b64-e084-76d9df269881 timestamp=2025-11-16T16:25:07.138Z
2025-11-16T16:25:07.138Z [DEBUG] provider.terraform-provider-kubernetes_v2.38.0_x5: 2025/11/16 16:25:07 [INFO] Received namespace: &v1.Namespace{TypeMeta:v1.TypeMeta{Kind:"", APIVersion:""}, ObjectMeta:v1.ObjectMeta{Name:"monitoring", GenerateName:"", Namespace:"", SelfLink:"", UID:"1fce642b-ebce-427a-ae8e-07b0b653b297", ResourceVersion:"2054637", Generation:0, CreationTimestamp:time.Date(2025, time.November, 16, 10, 59, 25, 0, time.Local), DeletionTimestamp:<nil>, DeletionGracePeriodSeconds:(*int64)(nil), Labels:map[string]string{"kubernetes.io/metadata.name":"monitoring", "pod-security.kubernetes.io/audit":"restricted", "pod-security.kubernetes.io/enforce":"baseline"}, Annotations:map[string]string(nil), OwnerReferences:[]v1.OwnerReference(nil), Finalizers:[]string(nil), ManagedFields:[]v1.ManagedFieldsEntry{v1.ManagedFieldsEntry{Manager:"HashiCorp", Operation:"Update", APIVersion:"v1", Time:time.Date(2025, time.November, 16, 16, 25, 7, 0, time.Local), FieldsType:"FieldsV1", FieldsV1:(*v1.FieldsV1)(0xc0012a4168), Subresource:""}}}, Spec:v1.NamespaceSpec{Finalizers:[]v1.FinalizerName{"kubernetes"}}, Status:v1.NamespaceStatus{Phase:"Active", Conditions:[]v1.NamespaceCondition(nil)}}
2025-11-16T16:25:07.139Z [WARN]  Provider "provider[\"registry.terraform.io/hashicorp/kubernetes\"]" produced an unexpected new value for kubernetes_namespace.monitoring, but we are tolerating it because it is using the legacy plugin SDK.
    The following problems may be the cause of any confusing errors from downstream operations:
      - .metadata[0].resource_version: was cty.StringVal("2054408"), but now cty.StringVal("2054637")
2025-11-16T16:25:07.144Z [DEBUG] State storage *statemgr.Filesystem declined to persist a state snapshot
2025-11-16T16:25:07.144Z [DEBUG] provider.stdio: received EOF, stopping recv loop: err="rpc error: code = Unavailable desc = error reading from server: EOF"
2025-11-16T16:25:07.147Z [INFO]  provider: plugin process exited: plugin=.terraform/providers/registry.terraform.io/hashicorp/kubernetes/2.38.0/linux_amd64/terraform-provider-kubernetes_v2.38.0_x5 id=173782
2025-11-16T16:25:07.148Z [DEBUG] provider: plugin exited
2025-11-16T16:25:07.155Z [INFO]  provider.terraform-provider-helm_v2.17.0_x5: 2025/11/16 16:25:07 [DEBUG] [resourceDiff: kube-prometheus-stack] Start: timestamp=2025-11-16T16:25:07.155Z
2025-11-16T16:25:07.155Z [INFO]  provider.terraform-provider-helm_v2.17.0_x5: 2025/11/16 16:25:07 [DEBUG] [resourceDiff: kube-prometheus-stack] upgrade_install is enabled: false: timestamp=2025-11-16T16:25:07.155Z
2025-11-16T16:25:07.155Z [INFO]  provider.terraform-provider-helm_v2.17.0_x5: 2025/11/16 16:25:07 [DEBUG] [resourceDiff: kube-prometheus-stack] targetVersion for release kube-prometheus-stack: '60.3.0': timestamp=2025-11-16T16:25:07.155Z
2025-11-16T16:25:07.155Z [INFO]  provider.terraform-provider-helm_v2.17.0_x5: 2025/11/16 16:25:07 [DEBUG] [INFO] GetHelmConfiguration start: timestamp=2025-11-16T16:25:07.155Z
2025-11-16T16:25:07.155Z [INFO]  provider.terraform-provider-helm_v2.17.0_x5: 2025/11/16 16:25:07 [DEBUG] Using kubeconfig: /root/.kube/config: timestamp=2025-11-16T16:25:07.155Z
2025-11-16T16:25:07.156Z [INFO]  provider.terraform-provider-helm_v2.17.0_x5: 2025/11/16 16:25:07 [INFO] Successfully initialized kubernetes config: timestamp=2025-11-16T16:25:07.156Z
2025-11-16T16:25:07.156Z [INFO]  provider.terraform-provider-helm_v2.17.0_x5: 2025/11/16 16:25:07 [DEBUG] [INFO] GetHelmConfiguration success: timestamp=2025-11-16T16:25:07.156Z
2025-11-16T16:25:08.989Z [INFO]  provider.terraform-provider-helm_v2.17.0_x5: 2025/11/16 16:25:08 [DEBUG] [resourceDiff: kube-prometheus-stack] Got chart kube-prometheus-stack version 60.3.0: timestamp=2025-11-16T16:25:08.989Z
2025-11-16T16:25:08.989Z [INFO]  provider.terraform-provider-helm_v2.17.0_x5: 2025/11/16 16:25:08 [DEBUG] [resourceDiff: kube-prometheus-stack] Release validated: timestamp=2025-11-16T16:25:08.989Z
2025-11-16T16:25:08.989Z [INFO]  provider.terraform-provider-helm_v2.17.0_x5: 2025/11/16 16:25:08 [DEBUG] [resourceDiff: kube-prometheus-stack] setting version to 60.3.0: timestamp=2025-11-16T16:25:08.989Z
2025-11-16T16:25:08.989Z [INFO]  provider.terraform-provider-helm_v2.17.0_x5: 2025/11/16 16:25:08 [DEBUG] [resourceDiff: kube-prometheus-stack] Done: timestamp=2025-11-16T16:25:08.989Z
2025-11-16T16:25:08.990Z [WARN]  Provider "registry.terraform.io/hashicorp/helm" produced an invalid plan for helm_release.kps, but we are tolerating it because it is using the legacy plugin SDK.
    The following problems may be the cause of any confusing errors from downstream operations:
      - .disable_crd_hooks: planned value cty.False for a non-computed attribute
      - .disable_openapi_validation: planned value cty.False for a non-computed attribute
      - .wait: planned value cty.True for a non-computed attribute
      - .dependency_update: planned value cty.False for a non-computed attribute
      - .disable_webhooks: planned value cty.False for a non-computed attribute
      - .render_subchart_notes: planned value cty.True for a non-computed attribute
      - .verify: planned value cty.False for a non-computed attribute
      - .force_update: planned value cty.False for a non-computed attribute
      - .replace: planned value cty.False for a non-computed attribute
      - .reset_values: planned value cty.False for a non-computed attribute
      - .reuse_values: planned value cty.False for a non-computed attribute
      - .create_namespace: planned value cty.False for a non-computed attribute
      - .max_history: planned value cty.NumberIntVal(0) for a non-computed attribute
      - .recreate_pods: planned value cty.False for a non-computed attribute
      - .skip_crds: planned value cty.False for a non-computed attribute
      - .timeout: planned value cty.NumberIntVal(300) for a non-computed attribute
      - .atomic: planned value cty.False for a non-computed attribute
      - .lint: planned value cty.False for a non-computed attribute
      - .pass_credentials: planned value cty.False for a non-computed attribute
      - .wait_for_jobs: planned value cty.False for a non-computed attribute
2025-11-16T16:25:08.991Z [INFO]  Starting apply for helm_release.kps
2025-11-16T16:25:08.991Z [DEBUG] helm_release.kps: applying the planned Create change
2025-11-16T16:25:08.993Z [INFO]  provider.terraform-provider-helm_v2.17.0_x5: 2025/11/16 16:25:08 [DEBUG] setting computed for "metadata" from ComputedKeys: timestamp=2025-11-16T16:25:08.993Z
2025-11-16T16:25:08.993Z [INFO]  provider.terraform-provider-helm_v2.17.0_x5: 2025/11/16 16:25:08 [DEBUG] [resourceReleaseCreate: kube-prometheus-stack] Started: timestamp=2025-11-16T16:25:08.993Z
2025-11-16T16:25:08.993Z [INFO]  provider.terraform-provider-helm_v2.17.0_x5: 2025/11/16 16:25:08 [DEBUG] [resourceReleaseCreate: kube-prometheus-stack] Getting helm configuration: timestamp=2025-11-16T16:25:08.993Z
2025-11-16T16:25:08.993Z [INFO]  provider.terraform-provider-helm_v2.17.0_x5: 2025/11/16 16:25:08 [DEBUG] [INFO] GetHelmConfiguration start: timestamp=2025-11-16T16:25:08.993Z
2025-11-16T16:25:08.993Z [INFO]  provider.terraform-provider-helm_v2.17.0_x5: 2025/11/16 16:25:08 [DEBUG] Using kubeconfig: /root/.kube/config: timestamp=2025-11-16T16:25:08.993Z
2025-11-16T16:25:08.993Z [INFO]  provider.terraform-provider-helm_v2.17.0_x5: 2025/11/16 16:25:08 [INFO] Successfully initialized kubernetes config: timestamp=2025-11-16T16:25:08.993Z
2025-11-16T16:25:08.993Z [INFO]  provider.terraform-provider-helm_v2.17.0_x5: 2025/11/16 16:25:08 [DEBUG] [INFO] GetHelmConfiguration success: timestamp=2025-11-16T16:25:08.993Z
2025-11-16T16:25:08.993Z [INFO]  provider.terraform-provider-helm_v2.17.0_x5: 2025/11/16 16:25:08 [DEBUG] [resourceReleaseCreate: kube-prometheus-stack] Getting chart: timestamp=2025-11-16T16:25:08.993Z
2025-11-16T16:25:11.006Z [INFO]  provider.terraform-provider-helm_v2.17.0_x5: 2025/11/16 16:25:11 [DEBUG] [resourceReleaseCreate: kube-prometheus-stack] Preparing for installation: timestamp=2025-11-16T16:25:11.006Z
2025-11-16T16:25:11.009Z [INFO]  provider.terraform-provider-helm_v2.17.0_x5: 2025/11/16 16:25:11 ---[ values.yaml ]-----------------------------------
adminPassword: admin
adminUser: admin
alertmanager:
  enabled: false
kubeStateMetrics:
  enabled: true
  resources:
    limits:
      cpu: 300m
      memory: 256Mi
    requests:
      cpu: 100m
      memory: 128Mi
  securityContext:
    allowPrivilegeEscalation: false
    capabilities:
      drop:
      - ALL
    readOnlyRootFilesystem: true
    runAsNonRoot: true
    runAsUser: 65534
nodeExporter:
  enabled: true
  hostIPC: false
  hostNetwork: false
  hostPID: false
  resources:
    limits:
      cpu: 200m
      memory: 256Mi
    requests:
      cpu: 50m
      memory: 64Mi
  securityContext:
    allowPrivilegeEscalation: false
    capabilities:
      drop:
      - ALL
    readOnlyRootFilesystem: true
    runAsNonRoot: true
    runAsUser: 65534
persistence:
  enabled: true
  size: 2Gi
prometheus:
  prometheusSpec:
    containers:
    - name: prometheus
      resources:
        limits:
          cpu: "1"
          memory: 1Gi
        requests:
          cpu: 200m
          memory: 512Mi
      securityContext:
        allowPrivilegeEscalation: false
        capabilities:
          drop:
          - ALL
        readOnlyRootFilesystem: true
        runAsNonRoot: true
        runAsUser: 65534
    podMonitorSelectorNilUsesHelmValues: false
    probeSelectorNilUsesHelmValues: false
    securityContext:
      fsGroup: 65534
      runAsGroup: 65534
      runAsNonRoot: true
      runAsUser: 65534
      seccompProfile:
        type: RuntimeDefault
    serviceMonitorSelectorNilUsesHelmValues: false
resources:
  limits:
    cpu: "1"
    memory: 512Mi
  requests:
    cpu: 200m
    memory: 256Mi
securityContext:
  allowPrivilegeEscalation: false
  capabilities:
    drop:
    - ALL
  readOnlyRootFilesystem: true
  runAsNonRoot: true
  runAsUser: 65534
service:
  nodePort: 30300
  type: NodePort
serviceAccount:
  automountServiceAccountToken: false
sidecar:
  dashboards:
    enabled: false
  datasources:
    enabled: false: timestamp=2025-11-16T16:25:11.008Z
2025-11-16T16:25:11.009Z [INFO]  provider.terraform-provider-helm_v2.17.0_x5: 2025/11/16 16:25:11 [DEBUG] [resourceReleaseCreate: kube-prometheus-stack] Installing chart: timestamp=2025-11-16T16:25:11.008Z
2025-11-16T16:25:11.236Z [INFO]  provider.terraform-provider-helm_v2.17.0_x5: 2025/11/16 16:25:11 [DEBUG] creating 1 resource(s): timestamp=2025-11-16T16:25:11.236Z
2025-11-16T16:25:11.411Z [INFO]  provider.terraform-provider-helm_v2.17.0_x5: 2025/11/16 16:25:11 [DEBUG] CRD alertmanagerconfigs.monitoring.coreos.com is already present. Skipping.: timestamp=2025-11-16T16:25:11.410Z
2025-11-16T16:25:11.531Z [INFO]  provider.terraform-provider-helm_v2.17.0_x5: 2025/11/16 16:25:11 [DEBUG] creating 1 resource(s): timestamp=2025-11-16T16:25:11.530Z
2025-11-16T16:25:11.728Z [INFO]  provider.terraform-provider-helm_v2.17.0_x5: 2025/11/16 16:25:11 [DEBUG] CRD alertmanagers.monitoring.coreos.com is already present. Skipping.: timestamp=2025-11-16T16:25:11.728Z
2025-11-16T16:25:11.787Z [INFO]  provider.terraform-provider-helm_v2.17.0_x5: 2025/11/16 16:25:11 [DEBUG] creating 1 resource(s): timestamp=2025-11-16T16:25:11.787Z
2025-11-16T16:25:11.821Z [INFO]  provider.terraform-provider-helm_v2.17.0_x5: 2025/11/16 16:25:11 [DEBUG] CRD podmonitors.monitoring.coreos.com is already present. Skipping.: timestamp=2025-11-16T16:25:11.821Z
2025-11-16T16:25:11.881Z [INFO]  provider.terraform-provider-helm_v2.17.0_x5: 2025/11/16 16:25:11 [DEBUG] creating 1 resource(s): timestamp=2025-11-16T16:25:11.881Z
2025-11-16T16:25:11.920Z [INFO]  provider.terraform-provider-helm_v2.17.0_x5: 2025/11/16 16:25:11 [DEBUG] CRD probes.monitoring.coreos.com is already present. Skipping.: timestamp=2025-11-16T16:25:11.920Z
2025-11-16T16:25:12.049Z [INFO]  provider.terraform-provider-helm_v2.17.0_x5: 2025/11/16 16:25:12 [DEBUG] creating 1 resource(s): timestamp=2025-11-16T16:25:12.049Z
2025-11-16T16:25:12.205Z [INFO]  provider.terraform-provider-helm_v2.17.0_x5: 2025/11/16 16:25:12 [DEBUG] CRD prometheusagents.monitoring.coreos.com is already present. Skipping.: timestamp=2025-11-16T16:25:12.205Z
2025-11-16T16:25:12.321Z [INFO]  provider.terraform-provider-helm_v2.17.0_x5: 2025/11/16 16:25:12 [DEBUG] creating 1 resource(s): timestamp=2025-11-16T16:25:12.320Z
2025-11-16T16:25:12.477Z [INFO]  provider.terraform-provider-helm_v2.17.0_x5: 2025/11/16 16:25:12 [DEBUG] CRD prometheuses.monitoring.coreos.com is already present. Skipping.: timestamp=2025-11-16T16:25:12.477Z
2025-11-16T16:25:12.533Z [INFO]  provider.terraform-provider-helm_v2.17.0_x5: 2025/11/16 16:25:12 [DEBUG] creating 1 resource(s): timestamp=2025-11-16T16:25:12.533Z
2025-11-16T16:25:12.565Z [INFO]  provider.terraform-provider-helm_v2.17.0_x5: 2025/11/16 16:25:12 [DEBUG] CRD prometheusrules.monitoring.coreos.com is already present. Skipping.: timestamp=2025-11-16T16:25:12.565Z
2025-11-16T16:25:12.651Z [INFO]  provider.terraform-provider-helm_v2.17.0_x5: 2025/11/16 16:25:12 [DEBUG] creating 1 resource(s): timestamp=2025-11-16T16:25:12.651Z
2025-11-16T16:25:12.714Z [INFO]  provider.terraform-provider-helm_v2.17.0_x5: 2025/11/16 16:25:12 [DEBUG] CRD scrapeconfigs.monitoring.coreos.com is already present. Skipping.: timestamp=2025-11-16T16:25:12.714Z
2025-11-16T16:25:12.775Z [INFO]  provider.terraform-provider-helm_v2.17.0_x5: 2025/11/16 16:25:12 [DEBUG] creating 1 resource(s): timestamp=2025-11-16T16:25:12.775Z
2025-11-16T16:25:12.815Z [INFO]  provider.terraform-provider-helm_v2.17.0_x5: 2025/11/16 16:25:12 [DEBUG] CRD servicemonitors.monitoring.coreos.com is already present. Skipping.: timestamp=2025-11-16T16:25:12.815Z
2025-11-16T16:25:12.921Z [INFO]  provider.terraform-provider-helm_v2.17.0_x5: 2025/11/16 16:25:12 [DEBUG] creating 1 resource(s): timestamp=2025-11-16T16:25:12.921Z
2025-11-16T16:25:13.043Z [INFO]  provider.terraform-provider-helm_v2.17.0_x5: 2025/11/16 16:25:13 [DEBUG] CRD thanosrulers.monitoring.coreos.com is already present. Skipping.: timestamp=2025-11-16T16:25:13.043Z
2025-11-16T16:25:28.223Z [INFO]  provider.terraform-provider-helm_v2.17.0_x5: 2025/11/16 16:25:28 [DEBUG] Starting delete for "kube-prometheus-stack-admission" ServiceAccount: timestamp=2025-11-16T16:25:28.223Z
2025-11-16T16:25:28.250Z [INFO]  provider.terraform-provider-helm_v2.17.0_x5: 2025/11/16 16:25:28 [DEBUG] Ignoring delete failure for "kube-prometheus-stack-admission" /v1, Kind=ServiceAccount: serviceaccounts "kube-prometheus-stack-admission" not found: timestamp=2025-11-16T16:25:28.250Z
2025-11-16T16:25:28.250Z [INFO]  provider.terraform-provider-helm_v2.17.0_x5: 2025/11/16 16:25:28 [DEBUG] beginning wait for 1 resources to be deleted with timeout of 5m0s: timestamp=2025-11-16T16:25:28.250Z
2025-11-16T16:25:28.626Z [INFO]  provider.terraform-provider-helm_v2.17.0_x5: 2025/11/16 16:25:28 [DEBUG] creating 1 resource(s): timestamp=2025-11-16T16:25:28.626Z
2025-11-16T16:25:28.709Z [INFO]  provider.terraform-provider-helm_v2.17.0_x5: 2025/11/16 16:25:28 [DEBUG] Starting delete for "kube-prometheus-stack-admission" ClusterRole: timestamp=2025-11-16T16:25:28.708Z
2025-11-16T16:25:28.735Z [INFO]  provider.terraform-provider-helm_v2.17.0_x5: 2025/11/16 16:25:28 [DEBUG] Ignoring delete failure for "kube-prometheus-stack-admission" rbac.authorization.k8s.io/v1, Kind=ClusterRole: clusterroles.rbac.authorization.k8s.io "kube-prometheus-stack-admission" not found: timestamp=2025-11-16T16:25:28.735Z
2025-11-16T16:25:28.735Z [INFO]  provider.terraform-provider-helm_v2.17.0_x5: 2025/11/16 16:25:28 [DEBUG] beginning wait for 1 resources to be deleted with timeout of 5m0s: timestamp=2025-11-16T16:25:28.735Z
2025-11-16T16:25:29.045Z [INFO]  provider.terraform-provider-helm_v2.17.0_x5: 2025/11/16 16:25:29 [DEBUG] creating 1 resource(s): timestamp=2025-11-16T16:25:29.045Z
2025-11-16T16:25:29.128Z [INFO]  provider.terraform-provider-helm_v2.17.0_x5: 2025/11/16 16:25:29 [DEBUG] Starting delete for "kube-prometheus-stack-admission" ClusterRoleBinding: timestamp=2025-11-16T16:25:29.126Z
2025-11-16T16:25:29.153Z [INFO]  provider.terraform-provider-helm_v2.17.0_x5: 2025/11/16 16:25:29 [DEBUG] Ignoring delete failure for "kube-prometheus-stack-admission" rbac.authorization.k8s.io/v1, Kind=ClusterRoleBinding: clusterrolebindings.rbac.authorization.k8s.io "kube-prometheus-stack-admission" not found: timestamp=2025-11-16T16:25:29.152Z
2025-11-16T16:25:29.153Z [INFO]  provider.terraform-provider-helm_v2.17.0_x5: 2025/11/16 16:25:29 [DEBUG] beginning wait for 1 resources to be deleted with timeout of 5m0s: timestamp=2025-11-16T16:25:29.152Z
2025-11-16T16:25:29.460Z [INFO]  provider.terraform-provider-helm_v2.17.0_x5: 2025/11/16 16:25:29 [DEBUG] creating 1 resource(s): timestamp=2025-11-16T16:25:29.460Z
2025-11-16T16:25:29.548Z [INFO]  provider.terraform-provider-helm_v2.17.0_x5: 2025/11/16 16:25:29 [DEBUG] Starting delete for "kube-prometheus-stack-admission" Role: timestamp=2025-11-16T16:25:29.548Z
2025-11-16T16:25:29.575Z [INFO]  provider.terraform-provider-helm_v2.17.0_x5: 2025/11/16 16:25:29 [DEBUG] Ignoring delete failure for "kube-prometheus-stack-admission" rbac.authorization.k8s.io/v1, Kind=Role: roles.rbac.authorization.k8s.io "kube-prometheus-stack-admission" not found: timestamp=2025-11-16T16:25:29.575Z
2025-11-16T16:25:29.575Z [INFO]  provider.terraform-provider-helm_v2.17.0_x5: 2025/11/16 16:25:29 [DEBUG] beginning wait for 1 resources to be deleted with timeout of 5m0s: timestamp=2025-11-16T16:25:29.575Z
2025-11-16T16:25:29.924Z [INFO]  provider.terraform-provider-helm_v2.17.0_x5: 2025/11/16 16:25:29 [DEBUG] creating 1 resource(s): timestamp=2025-11-16T16:25:29.924Z
2025-11-16T16:25:30.008Z [INFO]  provider.terraform-provider-helm_v2.17.0_x5: 2025/11/16 16:25:30 [DEBUG] Starting delete for "kube-prometheus-stack-admission" RoleBinding: timestamp=2025-11-16T16:25:30.007Z
2025-11-16T16:25:30.035Z [INFO]  provider.terraform-provider-helm_v2.17.0_x5: 2025/11/16 16:25:30 [DEBUG] Ignoring delete failure for "kube-prometheus-stack-admission" rbac.authorization.k8s.io/v1, Kind=RoleBinding: rolebindings.rbac.authorization.k8s.io "kube-prometheus-stack-admission" not found: timestamp=2025-11-16T16:25:30.035Z
2025-11-16T16:25:30.035Z [INFO]  provider.terraform-provider-helm_v2.17.0_x5: 2025/11/16 16:25:30 [DEBUG] beginning wait for 1 resources to be deleted with timeout of 5m0s: timestamp=2025-11-16T16:25:30.035Z
2025-11-16T16:25:30.377Z [INFO]  provider.terraform-provider-helm_v2.17.0_x5: 2025/11/16 16:25:30 [DEBUG] creating 1 resource(s): timestamp=2025-11-16T16:25:30.377Z
2025-11-16T16:25:30.468Z [INFO]  provider.terraform-provider-helm_v2.17.0_x5: 2025/11/16 16:25:30 [DEBUG] Starting delete for "kube-prometheus-stack-admission-create" Job: timestamp=2025-11-16T16:25:30.467Z
2025-11-16T16:25:30.495Z [INFO]  provider.terraform-provider-helm_v2.17.0_x5: 2025/11/16 16:25:30 [DEBUG] Ignoring delete failure for "kube-prometheus-stack-admission-create" batch/v1, Kind=Job: jobs.batch "kube-prometheus-stack-admission-create" not found: timestamp=2025-11-16T16:25:30.495Z
2025-11-16T16:25:30.495Z [INFO]  provider.terraform-provider-helm_v2.17.0_x5: 2025/11/16 16:25:30 [DEBUG] beginning wait for 1 resources to be deleted with timeout of 5m0s: timestamp=2025-11-16T16:25:30.495Z
2025-11-16T16:25:30.884Z [INFO]  provider.terraform-provider-helm_v2.17.0_x5: 2025/11/16 16:25:30 [DEBUG] creating 1 resource(s): timestamp=2025-11-16T16:25:30.884Z
2025-11-16T16:25:30.914Z [INFO]  provider.terraform-provider-helm_v2.17.0_x5: 2025/11/16 16:25:30 [DEBUG] Watching for changes to Job kube-prometheus-stack-admission-create with timeout of 5m0s: timestamp=2025-11-16T16:25:30.914Z
2025-11-16T16:25:30.949Z [INFO]  provider.terraform-provider-helm_v2.17.0_x5: 2025/11/16 16:25:30 [DEBUG] Add/Modify event for kube-prometheus-stack-admission-create: ADDED: timestamp=2025-11-16T16:25:30.949Z
2025-11-16T16:25:30.949Z [INFO]  provider.terraform-provider-helm_v2.17.0_x5: 2025/11/16 16:25:30 [DEBUG] kube-prometheus-stack-admission-create: Jobs active: 0, jobs failed: 0, jobs succeeded: 0: timestamp=2025-11-16T16:25:30.949Z
2025-11-16T16:25:30.967Z [INFO]  provider.terraform-provider-helm_v2.17.0_x5: 2025/11/16 16:25:30 [DEBUG] Add/Modify event for kube-prometheus-stack-admission-create: MODIFIED: timestamp=2025-11-16T16:25:30.967Z
2025-11-16T16:25:30.967Z [INFO]  provider.terraform-provider-helm_v2.17.0_x5: 2025/11/16 16:25:30 [DEBUG] kube-prometheus-stack-admission-create: Jobs active: 1, jobs failed: 0, jobs succeeded: 0: timestamp=2025-11-16T16:25:30.967Z
2025-11-16T16:25:34.254Z [INFO]  provider.terraform-provider-helm_v2.17.0_x5: 2025/11/16 16:25:34 [DEBUG] Add/Modify event for kube-prometheus-stack-admission-create: MODIFIED: timestamp=2025-11-16T16:25:34.254Z
2025-11-16T16:25:34.254Z [INFO]  provider.terraform-provider-helm_v2.17.0_x5: 2025/11/16 16:25:34 [DEBUG] kube-prometheus-stack-admission-create: Jobs active: 0, jobs failed: 0, jobs succeeded: 0: timestamp=2025-11-16T16:25:34.254Z
2025-11-16T16:25:34.266Z [INFO]  provider.terraform-provider-helm_v2.17.0_x5: 2025/11/16 16:25:34 [DEBUG] Add/Modify event for kube-prometheus-stack-admission-create: MODIFIED: timestamp=2025-11-16T16:25:34.266Z
2025-11-16T16:25:34.341Z [INFO]  provider.terraform-provider-helm_v2.17.0_x5: 2025/11/16 16:25:34 [DEBUG] Starting delete for "kube-prometheus-stack-admission" ServiceAccount: timestamp=2025-11-16T16:25:34.341Z
2025-11-16T16:25:34.371Z [INFO]  provider.terraform-provider-helm_v2.17.0_x5: 2025/11/16 16:25:34 [DEBUG] beginning wait for 1 resources to be deleted with timeout of 5m0s: timestamp=2025-11-16T16:25:34.371Z
2025-11-16T16:25:34.478Z [INFO]  provider.terraform-provider-helm_v2.17.0_x5: 2025/11/16 16:25:34 [DEBUG] Starting delete for "kube-prometheus-stack-admission" ClusterRole: timestamp=2025-11-16T16:25:34.477Z
2025-11-16T16:25:34.507Z [INFO]  provider.terraform-provider-helm_v2.17.0_x5: 2025/11/16 16:25:34 [DEBUG] beginning wait for 1 resources to be deleted with timeout of 5m0s: timestamp=2025-11-16T16:25:34.507Z
2025-11-16T16:25:34.588Z [INFO]  provider.terraform-provider-helm_v2.17.0_x5: 2025/11/16 16:25:34 [DEBUG] Starting delete for "kube-prometheus-stack-admission" ClusterRoleBinding: timestamp=2025-11-16T16:25:34.588Z
2025-11-16T16:25:34.623Z [INFO]  provider.terraform-provider-helm_v2.17.0_x5: 2025/11/16 16:25:34 [DEBUG] beginning wait for 1 resources to be deleted with timeout of 5m0s: timestamp=2025-11-16T16:25:34.623Z
2025-11-16T16:25:34.703Z [INFO]  provider.terraform-provider-helm_v2.17.0_x5: 2025/11/16 16:25:34 [DEBUG] Starting delete for "kube-prometheus-stack-admission" Role: timestamp=2025-11-16T16:25:34.703Z
2025-11-16T16:25:34.733Z [INFO]  provider.terraform-provider-helm_v2.17.0_x5: 2025/11/16 16:25:34 [DEBUG] beginning wait for 1 resources to be deleted with timeout of 5m0s: timestamp=2025-11-16T16:25:34.733Z
2025-11-16T16:25:34.842Z [INFO]  provider.terraform-provider-helm_v2.17.0_x5: 2025/11/16 16:25:34 [DEBUG] Starting delete for "kube-prometheus-stack-admission" RoleBinding: timestamp=2025-11-16T16:25:34.842Z
2025-11-16T16:25:34.878Z [INFO]  provider.terraform-provider-helm_v2.17.0_x5: 2025/11/16 16:25:34 [DEBUG] beginning wait for 1 resources to be deleted with timeout of 5m0s: timestamp=2025-11-16T16:25:34.877Z
2025-11-16T16:25:34.989Z [INFO]  provider.terraform-provider-helm_v2.17.0_x5: 2025/11/16 16:25:34 [DEBUG] Starting delete for "kube-prometheus-stack-admission-create" Job: timestamp=2025-11-16T16:25:34.989Z
2025-11-16T16:25:35.019Z [INFO]  provider.terraform-provider-helm_v2.17.0_x5: 2025/11/16 16:25:35 [DEBUG] beginning wait for 1 resources to be deleted with timeout of 5m0s: timestamp=2025-11-16T16:25:35.018Z
2025-11-16T16:25:35.071Z [INFO]  provider.terraform-provider-helm_v2.17.0_x5: 2025/11/16 16:25:35 [DEBUG] creating 110 resource(s): timestamp=2025-11-16T16:25:35.071Z
2025-11-16T16:25:35.551Z [WARN]  unexpected data: registry.terraform.io/hashicorp/helm:stderr="W1116 16:25:35.550734  173790 warnings.go:70] would violate PodSecurity \"baseline:latest\": host namespaces (hostNetwork=true, hostPID=true), hostPath volumes (volumes \"proc\", \"sys\", \"root\")"
2025-11-16T16:25:35.848Z [INFO]  provider.terraform-provider-helm_v2.17.0_x5: 2025/11/16 16:25:35 [DEBUG] beginning wait for 110 resources with timeout of 5m0s: timestamp=2025-11-16T16:25:35.847Z
2025-11-16T16:25:36.172Z [INFO]  provider.terraform-provider-helm_v2.17.0_x5: 2025/11/16 16:25:36 [DEBUG] DaemonSet is not ready: monitoring/kube-prometheus-stack-prometheus-node-exporter. 0 out of 1 expected pods have been scheduled: timestamp=2025-11-16T16:25:36.172Z
2025-11-16T16:25:38.152Z [INFO]  provider.terraform-provider-helm_v2.17.0_x5: 2025/11/16 16:25:38 [DEBUG] DaemonSet is not ready: monitoring/kube-prometheus-stack-prometheus-node-exporter. 0 out of 1 expected pods have been scheduled: timestamp=2025-11-16T16:25:38.151Z
2025-11-16T16:25:40.158Z [INFO]  provider.terraform-provider-helm_v2.17.0_x5: 2025/11/16 16:25:40 [DEBUG] DaemonSet is not ready: monitoring/kube-prometheus-stack-prometheus-node-exporter. 0 out of 1 expected pods have been scheduled: timestamp=2025-11-16T16:25:40.158Z
2025-11-16T16:25:42.149Z [INFO]  provider.terraform-provider-helm_v2.17.0_x5: 2025/11/16 16:25:42 [DEBUG] DaemonSet is not ready: monitoring/kube-prometheus-stack-prometheus-node-exporter. 0 out of 1 expected pods have been scheduled: timestamp=2025-11-16T16:25:42.149Z
2025-11-16T16:25:44.149Z [INFO]  provider.terraform-provider-helm_v2.17.0_x5: 2025/11/16 16:25:44 [DEBUG] DaemonSet is not ready: monitoring/kube-prometheus-stack-prometheus-node-exporter. 0 out of 1 expected pods have been scheduled: timestamp=2025-11-16T16:25:44.148Z
2025-11-16T16:25:46.153Z [INFO]  provider.terraform-provider-helm_v2.17.0_x5: 2025/11/16 16:25:46 [DEBUG] DaemonSet is not ready: monitoring/kube-prometheus-stack-prometheus-node-exporter. 0 out of 1 expected pods have been scheduled: timestamp=2025-11-16T16:25:46.152Z
2025-11-16T16:25:48.137Z [INFO]  provider.terraform-provider-helm_v2.17.0_x5: 2025/11/16 16:25:48 [DEBUG] DaemonSet is not ready: monitoring/kube-prometheus-stack-prometheus-node-exporter. 0 out of 1 expected pods have been scheduled: timestamp=2025-11-16T16:25:48.137Z
2025-11-16T16:25:50.138Z [INFO]  provider.terraform-provider-helm_v2.17.0_x5: 2025/11/16 16:25:50 [DEBUG] DaemonSet is not ready: monitoring/kube-prometheus-stack-prometheus-node-exporter. 0 out of 1 expected pods have been scheduled: timestamp=2025-11-16T16:25:50.138Z
2025-11-16T16:25:52.146Z [INFO]  provider.terraform-provider-helm_v2.17.0_x5: 2025/11/16 16:25:52 [DEBUG] DaemonSet is not ready: monitoring/kube-prometheus-stack-prometheus-node-exporter. 0 out of 1 expected pods have been scheduled: timestamp=2025-11-16T16:25:52.146Z
2025-11-16T16:25:54.147Z [INFO]  provider.terraform-provider-helm_v2.17.0_x5: 2025/11/16 16:25:54 [DEBUG] DaemonSet is not ready: monitoring/kube-prometheus-stack-prometheus-node-exporter. 0 out of 1 expected pods have been scheduled: timestamp=2025-11-16T16:25:54.147Z
2025-11-16T16:25:56.145Z [INFO]  provider.terraform-provider-helm_v2.17.0_x5: 2025/11/16 16:25:56 [DEBUG] DaemonSet is not ready: monitoring/kube-prometheus-stack-prometheus-node-exporter. 0 out of 1 expected pods have been scheduled: timestamp=2025-11-16T16:25:56.145Z
2025-11-16T16:25:58.142Z [INFO]  provider.terraform-provider-helm_v2.17.0_x5: 2025/11/16 16:25:58 [DEBUG] DaemonSet is not ready: monitoring/kube-prometheus-stack-prometheus-node-exporter. 0 out of 1 expected pods have been scheduled: timestamp=2025-11-16T16:25:58.142Z
2025-11-16T16:26:00.148Z [INFO]  provider.terraform-provider-helm_v2.17.0_x5: 2025/11/16 16:26:00 [DEBUG] DaemonSet is not ready: monitoring/kube-prometheus-stack-prometheus-node-exporter. 0 out of 1 expected pods have been scheduled: timestamp=2025-11-16T16:26:00.148Z
2025-11-16T16:26:02.141Z [INFO]  provider.terraform-provider-helm_v2.17.0_x5: 2025/11/16 16:26:02 [DEBUG] DaemonSet is not ready: monitoring/kube-prometheus-stack-prometheus-node-exporter. 0 out of 1 expected pods have been scheduled: timestamp=2025-11-16T16:26:02.141Z
2025-11-16T16:26:04.155Z [INFO]  provider.terraform-provider-helm_v2.17.0_x5: 2025/11/16 16:26:04 [DEBUG] DaemonSet is not ready: monitoring/kube-prometheus-stack-prometheus-node-exporter. 0 out of 1 expected pods have been scheduled: timestamp=2025-11-16T16:26:04.155Z
2025-11-16T16:26:06.154Z [INFO]  provider.terraform-provider-helm_v2.17.0_x5: 2025/11/16 16:26:06 [DEBUG] DaemonSet is not ready: monitoring/kube-prometheus-stack-prometheus-node-exporter. 0 out of 1 expected pods have been scheduled: timestamp=2025-11-16T16:26:06.154Z
2025-11-16T16:26:08.145Z [INFO]  provider.terraform-provider-helm_v2.17.0_x5: 2025/11/16 16:26:08 [DEBUG] DaemonSet is not ready: monitoring/kube-prometheus-stack-prometheus-node-exporter. 0 out of 1 expected pods have been scheduled: timestamp=2025-11-16T16:26:08.145Z
2025-11-16T16:26:10.149Z [INFO]  provider.terraform-provider-helm_v2.17.0_x5: 2025/11/16 16:26:10 [DEBUG] DaemonSet is not ready: monitoring/kube-prometheus-stack-prometheus-node-exporter. 0 out of 1 expected pods have been scheduled: timestamp=2025-11-16T16:26:10.149Z
2025-11-16T16:26:12.151Z [INFO]  provider.terraform-provider-helm_v2.17.0_x5: 2025/11/16 16:26:12 [DEBUG] DaemonSet is not ready: monitoring/kube-prometheus-stack-prometheus-node-exporter. 0 out of 1 expected pods have been scheduled: timestamp=2025-11-16T16:26:12.151Z
2025-11-16T16:26:14.152Z [INFO]  provider.terraform-provider-helm_v2.17.0_x5: 2025/11/16 16:26:14 [DEBUG] DaemonSet is not ready: monitoring/kube-prometheus-stack-prometheus-node-exporter. 0 out of 1 expected pods have been scheduled: timestamp=2025-11-16T16:26:14.152Z
2025-11-16T16:26:16.141Z [INFO]  provider.terraform-provider-helm_v2.17.0_x5: 2025/11/16 16:26:16 [DEBUG] DaemonSet is not ready: monitoring/kube-prometheus-stack-prometheus-node-exporter. 0 out of 1 expected pods have been scheduled: timestamp=2025-11-16T16:26:16.141Z
2025-11-16T16:26:18.143Z [INFO]  provider.terraform-provider-helm_v2.17.0_x5: 2025/11/16 16:26:18 [DEBUG] DaemonSet is not ready: monitoring/kube-prometheus-stack-prometheus-node-exporter. 0 out of 1 expected pods have been scheduled: timestamp=2025-11-16T16:26:18.143Z
2025-11-16T16:26:20.147Z [INFO]  provider.terraform-provider-helm_v2.17.0_x5: 2025/11/16 16:26:20 [DEBUG] DaemonSet is not ready: monitoring/kube-prometheus-stack-prometheus-node-exporter. 0 out of 1 expected pods have been scheduled: timestamp=2025-11-16T16:26:20.147Z
2025-11-16T16:26:22.152Z [INFO]  provider.terraform-provider-helm_v2.17.0_x5: 2025/11/16 16:26:22 [DEBUG] DaemonSet is not ready: monitoring/kube-prometheus-stack-prometheus-node-exporter. 0 out of 1 expected pods have been scheduled: timestamp=2025-11-16T16:26:22.152Z
2025-11-16T16:26:24.150Z [INFO]  provider.terraform-provider-helm_v2.17.0_x5: 2025/11/16 16:26:24 [DEBUG] DaemonSet is not ready: monitoring/kube-prometheus-stack-prometheus-node-exporter. 0 out of 1 expected pods have been scheduled: timestamp=2025-11-16T16:26:24.150Z
2025-11-16T16:26:26.149Z [INFO]  provider.terraform-provider-helm_v2.17.0_x5: 2025/11/16 16:26:26 [DEBUG] DaemonSet is not ready: monitoring/kube-prometheus-stack-prometheus-node-exporter. 0 out of 1 expected pods have been scheduled: timestamp=2025-11-16T16:26:26.148Z
2025-11-16T16:26:28.142Z [INFO]  provider.terraform-provider-helm_v2.17.0_x5: 2025/11/16 16:26:28 [DEBUG] DaemonSet is not ready: monitoring/kube-prometheus-stack-prometheus-node-exporter. 0 out of 1 expected pods have been scheduled: timestamp=2025-11-16T16:26:28.142Z
2025-11-16T16:26:30.149Z [INFO]  provider.terraform-provider-helm_v2.17.0_x5: 2025/11/16 16:26:30 [DEBUG] DaemonSet is not ready: monitoring/kube-prometheus-stack-prometheus-node-exporter. 0 out of 1 expected pods have been scheduled: timestamp=2025-11-16T16:26:30.149Z
2025-11-16T16:26:32.147Z [INFO]  provider.terraform-provider-helm_v2.17.0_x5: 2025/11/16 16:26:32 [DEBUG] DaemonSet is not ready: monitoring/kube-prometheus-stack-prometheus-node-exporter. 0 out of 1 expected pods have been scheduled: timestamp=2025-11-16T16:26:32.147Z
2025-11-16T16:26:34.146Z [INFO]  provider.terraform-provider-helm_v2.17.0_x5: 2025/11/16 16:26:34 [DEBUG] DaemonSet is not ready: monitoring/kube-prometheus-stack-prometheus-node-exporter. 0 out of 1 expected pods have been scheduled: timestamp=2025-11-16T16:26:34.146Z
2025-11-16T16:26:36.140Z [INFO]  provider.terraform-provider-helm_v2.17.0_x5: 2025/11/16 16:26:36 [DEBUG] DaemonSet is not ready: monitoring/kube-prometheus-stack-prometheus-node-exporter. 0 out of 1 expected pods have been scheduled: timestamp=2025-11-16T16:26:36.140Z
2025-11-16T16:26:38.152Z [INFO]  provider.terraform-provider-helm_v2.17.0_x5: 2025/11/16 16:26:38 [DEBUG] DaemonSet is not ready: monitoring/kube-prometheus-stack-prometheus-node-exporter. 0 out of 1 expected pods have been scheduled: timestamp=2025-11-16T16:26:38.152Z
2025-11-16T16:26:40.153Z [INFO]  provider.terraform-provider-helm_v2.17.0_x5: 2025/11/16 16:26:40 [DEBUG] DaemonSet is not ready: monitoring/kube-prometheus-stack-prometheus-node-exporter. 0 out of 1 expected pods have been scheduled: timestamp=2025-11-16T16:26:40.153Z
2025-11-16T16:26:42.143Z [INFO]  provider.terraform-provider-helm_v2.17.0_x5: 2025/11/16 16:26:42 [DEBUG] DaemonSet is not ready: monitoring/kube-prometheus-stack-prometheus-node-exporter. 0 out of 1 expected pods have been scheduled: timestamp=2025-11-16T16:26:42.143Z
2025-11-16T16:26:44.149Z [INFO]  provider.terraform-provider-helm_v2.17.0_x5: 2025/11/16 16:26:44 [DEBUG] DaemonSet is not ready: monitoring/kube-prometheus-stack-prometheus-node-exporter. 0 out of 1 expected pods have been scheduled: timestamp=2025-11-16T16:26:44.149Z
2025-11-16T16:26:46.144Z [INFO]  provider.terraform-provider-helm_v2.17.0_x5: 2025/11/16 16:26:46 [DEBUG] DaemonSet is not ready: monitoring/kube-prometheus-stack-prometheus-node-exporter. 0 out of 1 expected pods have been scheduled: timestamp=2025-11-16T16:26:46.144Z
2025-11-16T16:26:48.137Z [INFO]  provider.terraform-provider-helm_v2.17.0_x5: 2025/11/16 16:26:48 [DEBUG] DaemonSet is not ready: monitoring/kube-prometheus-stack-prometheus-node-exporter. 0 out of 1 expected pods have been scheduled: timestamp=2025-11-16T16:26:48.137Z
2025-11-16T16:26:50.142Z [INFO]  provider.terraform-provider-helm_v2.17.0_x5: 2025/11/16 16:26:50 [DEBUG] DaemonSet is not ready: monitoring/kube-prometheus-stack-prometheus-node-exporter. 0 out of 1 expected pods have been scheduled: timestamp=2025-11-16T16:26:50.142Z
2025-11-16T16:26:52.143Z [INFO]  provider.terraform-provider-helm_v2.17.0_x5: 2025/11/16 16:26:52 [DEBUG] DaemonSet is not ready: monitoring/kube-prometheus-stack-prometheus-node-exporter. 0 out of 1 expected pods have been scheduled: timestamp=2025-11-16T16:26:52.143Z
2025-11-16T16:26:54.153Z [INFO]  provider.terraform-provider-helm_v2.17.0_x5: 2025/11/16 16:26:54 [DEBUG] DaemonSet is not ready: monitoring/kube-prometheus-stack-prometheus-node-exporter. 0 out of 1 expected pods have been scheduled: timestamp=2025-11-16T16:26:54.153Z
2025-11-16T16:26:56.141Z [INFO]  provider.terraform-provider-helm_v2.17.0_x5: 2025/11/16 16:26:56 [DEBUG] DaemonSet is not ready: monitoring/kube-prometheus-stack-prometheus-node-exporter. 0 out of 1 expected pods have been scheduled: timestamp=2025-11-16T16:26:56.141Z
2025-11-16T16:26:58.142Z [INFO]  provider.terraform-provider-helm_v2.17.0_x5: 2025/11/16 16:26:58 [DEBUG] DaemonSet is not ready: monitoring/kube-prometheus-stack-prometheus-node-exporter. 0 out of 1 expected pods have been scheduled: timestamp=2025-11-16T16:26:58.142Z
2025-11-16T16:27:00.149Z [INFO]  provider.terraform-provider-helm_v2.17.0_x5: 2025/11/16 16:27:00 [DEBUG] DaemonSet is not ready: monitoring/kube-prometheus-stack-prometheus-node-exporter. 0 out of 1 expected pods have been scheduled: timestamp=2025-11-16T16:27:00.149Z
2025-11-16T16:27:02.142Z [INFO]  provider.terraform-provider-helm_v2.17.0_x5: 2025/11/16 16:27:02 [DEBUG] DaemonSet is not ready: monitoring/kube-prometheus-stack-prometheus-node-exporter. 0 out of 1 expected pods have been scheduled: timestamp=2025-11-16T16:27:02.142Z
2025-11-16T16:27:04.144Z [INFO]  provider.terraform-provider-helm_v2.17.0_x5: 2025/11/16 16:27:04 [DEBUG] DaemonSet is not ready: monitoring/kube-prometheus-stack-prometheus-node-exporter. 0 out of 1 expected pods have been scheduled: timestamp=2025-11-16T16:27:04.144Z
2025-11-16T16:27:06.305Z [INFO]  provider.terraform-provider-helm_v2.17.0_x5: 2025/11/16 16:27:06 [DEBUG] DaemonSet is not ready: monitoring/kube-prometheus-stack-prometheus-node-exporter. 0 out of 1 expected pods have been scheduled: timestamp=2025-11-16T16:27:06.304Z
2025-11-16T16:27:08.148Z [INFO]  provider.terraform-provider-helm_v2.17.0_x5: 2025/11/16 16:27:08 [DEBUG] DaemonSet is not ready: monitoring/kube-prometheus-stack-prometheus-node-exporter. 0 out of 1 expected pods have been scheduled: timestamp=2025-11-16T16:27:08.148Z
2025-11-16T16:27:10.151Z [INFO]  provider.terraform-provider-helm_v2.17.0_x5: 2025/11/16 16:27:10 [DEBUG] DaemonSet is not ready: monitoring/kube-prometheus-stack-prometheus-node-exporter. 0 out of 1 expected pods have been scheduled: timestamp=2025-11-16T16:27:10.151Z
2025-11-16T16:27:12.143Z [INFO]  provider.terraform-provider-helm_v2.17.0_x5: 2025/11/16 16:27:12 [DEBUG] DaemonSet is not ready: monitoring/kube-prometheus-stack-prometheus-node-exporter. 0 out of 1 expected pods have been scheduled: timestamp=2025-11-16T16:27:12.143Z
2025-11-16T16:27:14.147Z [INFO]  provider.terraform-provider-helm_v2.17.0_x5: 2025/11/16 16:27:14 [DEBUG] DaemonSet is not ready: monitoring/kube-prometheus-stack-prometheus-node-exporter. 0 out of 1 expected pods have been scheduled: timestamp=2025-11-16T16:27:14.147Z
2025-11-16T16:27:16.145Z [INFO]  provider.terraform-provider-helm_v2.17.0_x5: 2025/11/16 16:27:16 [DEBUG] DaemonSet is not ready: monitoring/kube-prometheus-stack-prometheus-node-exporter. 0 out of 1 expected pods have been scheduled: timestamp=2025-11-16T16:27:16.145Z
2025-11-16T16:27:18.141Z [INFO]  provider.terraform-provider-helm_v2.17.0_x5: 2025/11/16 16:27:18 [DEBUG] DaemonSet is not ready: monitoring/kube-prometheus-stack-prometheus-node-exporter. 0 out of 1 expected pods have been scheduled: timestamp=2025-11-16T16:27:18.141Z
2025-11-16T16:27:20.141Z [INFO]  provider.terraform-provider-helm_v2.17.0_x5: 2025/11/16 16:27:20 [DEBUG] DaemonSet is not ready: monitoring/kube-prometheus-stack-prometheus-node-exporter. 0 out of 1 expected pods have been scheduled: timestamp=2025-11-16T16:27:20.141Z
2025-11-16T16:27:22.141Z [INFO]  provider.terraform-provider-helm_v2.17.0_x5: 2025/11/16 16:27:22 [DEBUG] DaemonSet is not ready: monitoring/kube-prometheus-stack-prometheus-node-exporter. 0 out of 1 expected pods have been scheduled: timestamp=2025-11-16T16:27:22.141Z
2025-11-16T16:27:24.147Z [INFO]  provider.terraform-provider-helm_v2.17.0_x5: 2025/11/16 16:27:24 [DEBUG] DaemonSet is not ready: monitoring/kube-prometheus-stack-prometheus-node-exporter. 0 out of 1 expected pods have been scheduled: timestamp=2025-11-16T16:27:24.147Z
2025-11-16T16:27:26.175Z [INFO]  provider.terraform-provider-helm_v2.17.0_x5: 2025/11/16 16:27:26 [DEBUG] DaemonSet is not ready: monitoring/kube-prometheus-stack-prometheus-node-exporter. 0 out of 1 expected pods have been scheduled: timestamp=2025-11-16T16:27:26.175Z
2025-11-16T16:27:28.147Z [INFO]  provider.terraform-provider-helm_v2.17.0_x5: 2025/11/16 16:27:28 [DEBUG] DaemonSet is not ready: monitoring/kube-prometheus-stack-prometheus-node-exporter. 0 out of 1 expected pods have been scheduled: timestamp=2025-11-16T16:27:28.147Z
2025-11-16T16:27:30.155Z [INFO]  provider.terraform-provider-helm_v2.17.0_x5: 2025/11/16 16:27:30 [DEBUG] DaemonSet is not ready: monitoring/kube-prometheus-stack-prometheus-node-exporter. 0 out of 1 expected pods have been scheduled: timestamp=2025-11-16T16:27:30.155Z
2025-11-16T16:27:32.153Z [INFO]  provider.terraform-provider-helm_v2.17.0_x5: 2025/11/16 16:27:32 [DEBUG] DaemonSet is not ready: monitoring/kube-prometheus-stack-prometheus-node-exporter. 0 out of 1 expected pods have been scheduled: timestamp=2025-11-16T16:27:32.153Z
2025-11-16T16:27:34.146Z [INFO]  provider.terraform-provider-helm_v2.17.0_x5: 2025/11/16 16:27:34 [DEBUG] DaemonSet is not ready: monitoring/kube-prometheus-stack-prometheus-node-exporter. 0 out of 1 expected pods have been scheduled: timestamp=2025-11-16T16:27:34.146Z
2025-11-16T16:27:36.144Z [INFO]  provider.terraform-provider-helm_v2.17.0_x5: 2025/11/16 16:27:36 [DEBUG] DaemonSet is not ready: monitoring/kube-prometheus-stack-prometheus-node-exporter. 0 out of 1 expected pods have been scheduled: timestamp=2025-11-16T16:27:36.144Z
2025-11-16T16:27:38.150Z [INFO]  provider.terraform-provider-helm_v2.17.0_x5: 2025/11/16 16:27:38 [DEBUG] DaemonSet is not ready: monitoring/kube-prometheus-stack-prometheus-node-exporter. 0 out of 1 expected pods have been scheduled: timestamp=2025-11-16T16:27:38.150Z
2025-11-16T16:27:40.145Z [INFO]  provider.terraform-provider-helm_v2.17.0_x5: 2025/11/16 16:27:40 [DEBUG] DaemonSet is not ready: monitoring/kube-prometheus-stack-prometheus-node-exporter. 0 out of 1 expected pods have been scheduled: timestamp=2025-11-16T16:27:40.145Z
2025-11-16T16:27:42.147Z [INFO]  provider.terraform-provider-helm_v2.17.0_x5: 2025/11/16 16:27:42 [DEBUG] DaemonSet is not ready: monitoring/kube-prometheus-stack-prometheus-node-exporter. 0 out of 1 expected pods have been scheduled: timestamp=2025-11-16T16:27:42.147Z
2025-11-16T16:27:44.147Z [INFO]  provider.terraform-provider-helm_v2.17.0_x5: 2025/11/16 16:27:44 [DEBUG] DaemonSet is not ready: monitoring/kube-prometheus-stack-prometheus-node-exporter. 0 out of 1 expected pods have been scheduled: timestamp=2025-11-16T16:27:44.147Z
2025-11-16T16:27:46.146Z [INFO]  provider.terraform-provider-helm_v2.17.0_x5: 2025/11/16 16:27:46 [DEBUG] DaemonSet is not ready: monitoring/kube-prometheus-stack-prometheus-node-exporter. 0 out of 1 expected pods have been scheduled: timestamp=2025-11-16T16:27:46.146Z
2025-11-16T16:27:48.146Z [INFO]  provider.terraform-provider-helm_v2.17.0_x5: 2025/11/16 16:27:48 [DEBUG] DaemonSet is not ready: monitoring/kube-prometheus-stack-prometheus-node-exporter. 0 out of 1 expected pods have been scheduled: timestamp=2025-11-16T16:27:48.146Z
2025-11-16T16:27:50.153Z [INFO]  provider.terraform-provider-helm_v2.17.0_x5: 2025/11/16 16:27:50 [DEBUG] DaemonSet is not ready: monitoring/kube-prometheus-stack-prometheus-node-exporter. 0 out of 1 expected pods have been scheduled: timestamp=2025-11-16T16:27:50.153Z
2025-11-16T16:27:52.143Z [INFO]  provider.terraform-provider-helm_v2.17.0_x5: 2025/11/16 16:27:52 [DEBUG] DaemonSet is not ready: monitoring/kube-prometheus-stack-prometheus-node-exporter. 0 out of 1 expected pods have been scheduled: timestamp=2025-11-16T16:27:52.143Z
2025-11-16T16:27:54.152Z [INFO]  provider.terraform-provider-helm_v2.17.0_x5: 2025/11/16 16:27:54 [DEBUG] DaemonSet is not ready: monitoring/kube-prometheus-stack-prometheus-node-exporter. 0 out of 1 expected pods have been scheduled: timestamp=2025-11-16T16:27:54.152Z
2025-11-16T16:27:56.150Z [INFO]  provider.terraform-provider-helm_v2.17.0_x5: 2025/11/16 16:27:56 [DEBUG] DaemonSet is not ready: monitoring/kube-prometheus-stack-prometheus-node-exporter. 0 out of 1 expected pods have been scheduled: timestamp=2025-11-16T16:27:56.150Z
2025-11-16T16:27:58.141Z [INFO]  provider.terraform-provider-helm_v2.17.0_x5: 2025/11/16 16:27:58 [DEBUG] DaemonSet is not ready: monitoring/kube-prometheus-stack-prometheus-node-exporter. 0 out of 1 expected pods have been scheduled: timestamp=2025-11-16T16:27:58.141Z
2025-11-16T16:28:00.153Z [INFO]  provider.terraform-provider-helm_v2.17.0_x5: 2025/11/16 16:28:00 [DEBUG] DaemonSet is not ready: monitoring/kube-prometheus-stack-prometheus-node-exporter. 0 out of 1 expected pods have been scheduled: timestamp=2025-11-16T16:28:00.153Z
2025-11-16T16:28:02.144Z [INFO]  provider.terraform-provider-helm_v2.17.0_x5: 2025/11/16 16:28:02 [DEBUG] DaemonSet is not ready: monitoring/kube-prometheus-stack-prometheus-node-exporter. 0 out of 1 expected pods have been scheduled: timestamp=2025-11-16T16:28:02.144Z
2025-11-16T16:28:04.159Z [INFO]  provider.terraform-provider-helm_v2.17.0_x5: 2025/11/16 16:28:04 [DEBUG] DaemonSet is not ready: monitoring/kube-prometheus-stack-prometheus-node-exporter. 0 out of 1 expected pods have been scheduled: timestamp=2025-11-16T16:28:04.159Z
2025-11-16T16:28:06.148Z [INFO]  provider.terraform-provider-helm_v2.17.0_x5: 2025/11/16 16:28:06 [DEBUG] DaemonSet is not ready: monitoring/kube-prometheus-stack-prometheus-node-exporter. 0 out of 1 expected pods have been scheduled: timestamp=2025-11-16T16:28:06.148Z
2025-11-16T16:28:08.143Z [INFO]  provider.terraform-provider-helm_v2.17.0_x5: 2025/11/16 16:28:08 [DEBUG] DaemonSet is not ready: monitoring/kube-prometheus-stack-prometheus-node-exporter. 0 out of 1 expected pods have been scheduled: timestamp=2025-11-16T16:28:08.143Z
2025-11-16T16:28:10.148Z [INFO]  provider.terraform-provider-helm_v2.17.0_x5: 2025/11/16 16:28:10 [DEBUG] DaemonSet is not ready: monitoring/kube-prometheus-stack-prometheus-node-exporter. 0 out of 1 expected pods have been scheduled: timestamp=2025-11-16T16:28:10.147Z
2025-11-16T16:28:12.153Z [INFO]  provider.terraform-provider-helm_v2.17.0_x5: 2025/11/16 16:28:12 [DEBUG] DaemonSet is not ready: monitoring/kube-prometheus-stack-prometheus-node-exporter. 0 out of 1 expected pods have been scheduled: timestamp=2025-11-16T16:28:12.153Z
2025-11-16T16:28:14.148Z [INFO]  provider.terraform-provider-helm_v2.17.0_x5: 2025/11/16 16:28:14 [DEBUG] DaemonSet is not ready: monitoring/kube-prometheus-stack-prometheus-node-exporter. 0 out of 1 expected pods have been scheduled: timestamp=2025-11-16T16:28:14.148Z
2025-11-16T16:28:16.148Z [INFO]  provider.terraform-provider-helm_v2.17.0_x5: 2025/11/16 16:28:16 [DEBUG] DaemonSet is not ready: monitoring/kube-prometheus-stack-prometheus-node-exporter. 0 out of 1 expected pods have been scheduled: timestamp=2025-11-16T16:28:16.148Z
2025-11-16T16:28:18.150Z [INFO]  provider.terraform-provider-helm_v2.17.0_x5: 2025/11/16 16:28:18 [DEBUG] DaemonSet is not ready: monitoring/kube-prometheus-stack-prometheus-node-exporter. 0 out of 1 expected pods have been scheduled: timestamp=2025-11-16T16:28:18.150Z
2025-11-16T16:28:20.140Z [INFO]  provider.terraform-provider-helm_v2.17.0_x5: 2025/11/16 16:28:20 [DEBUG] DaemonSet is not ready: monitoring/kube-prometheus-stack-prometheus-node-exporter. 0 out of 1 expected pods have been scheduled: timestamp=2025-11-16T16:28:20.140Z
2025-11-16T16:28:22.141Z [INFO]  provider.terraform-provider-helm_v2.17.0_x5: 2025/11/16 16:28:22 [DEBUG] DaemonSet is not ready: monitoring/kube-prometheus-stack-prometheus-node-exporter. 0 out of 1 expected pods have been scheduled: timestamp=2025-11-16T16:28:22.141Z
2025-11-16T16:28:24.143Z [INFO]  provider.terraform-provider-helm_v2.17.0_x5: 2025/11/16 16:28:24 [DEBUG] DaemonSet is not ready: monitoring/kube-prometheus-stack-prometheus-node-exporter. 0 out of 1 expected pods have been scheduled: timestamp=2025-11-16T16:28:24.143Z
2025-11-16T16:28:26.151Z [INFO]  provider.terraform-provider-helm_v2.17.0_x5: 2025/11/16 16:28:26 [DEBUG] DaemonSet is not ready: monitoring/kube-prometheus-stack-prometheus-node-exporter. 0 out of 1 expected pods have been scheduled: timestamp=2025-11-16T16:28:26.150Z
2025-11-16T16:28:28.146Z [INFO]  provider.terraform-provider-helm_v2.17.0_x5: 2025/11/16 16:28:28 [DEBUG] DaemonSet is not ready: monitoring/kube-prometheus-stack-prometheus-node-exporter. 0 out of 1 expected pods have been scheduled: timestamp=2025-11-16T16:28:28.146Z
2025-11-16T16:28:30.147Z [INFO]  provider.terraform-provider-helm_v2.17.0_x5: 2025/11/16 16:28:30 [DEBUG] DaemonSet is not ready: monitoring/kube-prometheus-stack-prometheus-node-exporter. 0 out of 1 expected pods have been scheduled: timestamp=2025-11-16T16:28:30.147Z
2025-11-16T16:28:32.146Z [INFO]  provider.terraform-provider-helm_v2.17.0_x5: 2025/11/16 16:28:32 [DEBUG] DaemonSet is not ready: monitoring/kube-prometheus-stack-prometheus-node-exporter. 0 out of 1 expected pods have been scheduled: timestamp=2025-11-16T16:28:32.146Z
2025-11-16T16:28:34.149Z [INFO]  provider.terraform-provider-helm_v2.17.0_x5: 2025/11/16 16:28:34 [DEBUG] DaemonSet is not ready: monitoring/kube-prometheus-stack-prometheus-node-exporter. 0 out of 1 expected pods have been scheduled: timestamp=2025-11-16T16:28:34.149Z
2025-11-16T16:28:36.138Z [INFO]  provider.terraform-provider-helm_v2.17.0_x5: 2025/11/16 16:28:36 [DEBUG] DaemonSet is not ready: monitoring/kube-prometheus-stack-prometheus-node-exporter. 0 out of 1 expected pods have been scheduled: timestamp=2025-11-16T16:28:36.138Z
2025-11-16T16:28:38.145Z [INFO]  provider.terraform-provider-helm_v2.17.0_x5: 2025/11/16 16:28:38 [DEBUG] DaemonSet is not ready: monitoring/kube-prometheus-stack-prometheus-node-exporter. 0 out of 1 expected pods have been scheduled: timestamp=2025-11-16T16:28:38.145Z
2025-11-16T16:28:40.145Z [INFO]  provider.terraform-provider-helm_v2.17.0_x5: 2025/11/16 16:28:40 [DEBUG] DaemonSet is not ready: monitoring/kube-prometheus-stack-prometheus-node-exporter. 0 out of 1 expected pods have been scheduled: timestamp=2025-11-16T16:28:40.145Z
2025-11-16T16:28:42.144Z [INFO]  provider.terraform-provider-helm_v2.17.0_x5: 2025/11/16 16:28:42 [DEBUG] DaemonSet is not ready: monitoring/kube-prometheus-stack-prometheus-node-exporter. 0 out of 1 expected pods have been scheduled: timestamp=2025-11-16T16:28:42.144Z
2025-11-16T16:28:44.141Z [INFO]  provider.terraform-provider-helm_v2.17.0_x5: 2025/11/16 16:28:44 [DEBUG] DaemonSet is not ready: monitoring/kube-prometheus-stack-prometheus-node-exporter. 0 out of 1 expected pods have been scheduled: timestamp=2025-11-16T16:28:44.141Z
2025-11-16T16:28:46.152Z [INFO]  provider.terraform-provider-helm_v2.17.0_x5: 2025/11/16 16:28:46 [DEBUG] DaemonSet is not ready: monitoring/kube-prometheus-stack-prometheus-node-exporter. 0 out of 1 expected pods have been scheduled: timestamp=2025-11-16T16:28:46.152Z
2025-11-16T16:28:48.152Z [INFO]  provider.terraform-provider-helm_v2.17.0_x5: 2025/11/16 16:28:48 [DEBUG] DaemonSet is not ready: monitoring/kube-prometheus-stack-prometheus-node-exporter. 0 out of 1 expected pods have been scheduled: timestamp=2025-11-16T16:28:48.152Z
2025-11-16T16:28:50.150Z [INFO]  provider.terraform-provider-helm_v2.17.0_x5: 2025/11/16 16:28:50 [DEBUG] DaemonSet is not ready: monitoring/kube-prometheus-stack-prometheus-node-exporter. 0 out of 1 expected pods have been scheduled: timestamp=2025-11-16T16:28:50.150Z
2025-11-16T16:28:52.145Z [INFO]  provider.terraform-provider-helm_v2.17.0_x5: 2025/11/16 16:28:52 [DEBUG] DaemonSet is not ready: monitoring/kube-prometheus-stack-prometheus-node-exporter. 0 out of 1 expected pods have been scheduled: timestamp=2025-11-16T16:28:52.145Z
2025-11-16T16:28:54.148Z [INFO]  provider.terraform-provider-helm_v2.17.0_x5: 2025/11/16 16:28:54 [DEBUG] DaemonSet is not ready: monitoring/kube-prometheus-stack-prometheus-node-exporter. 0 out of 1 expected pods have been scheduled: timestamp=2025-11-16T16:28:54.148Z
2025-11-16T16:28:56.149Z [INFO]  provider.terraform-provider-helm_v2.17.0_x5: 2025/11/16 16:28:56 [DEBUG] DaemonSet is not ready: monitoring/kube-prometheus-stack-prometheus-node-exporter. 0 out of 1 expected pods have been scheduled: timestamp=2025-11-16T16:28:56.149Z
2025-11-16T16:28:58.146Z [INFO]  provider.terraform-provider-helm_v2.17.0_x5: 2025/11/16 16:28:58 [DEBUG] DaemonSet is not ready: monitoring/kube-prometheus-stack-prometheus-node-exporter. 0 out of 1 expected pods have been scheduled: timestamp=2025-11-16T16:28:58.146Z
2025-11-16T16:29:00.148Z [INFO]  provider.terraform-provider-helm_v2.17.0_x5: 2025/11/16 16:29:00 [DEBUG] DaemonSet is not ready: monitoring/kube-prometheus-stack-prometheus-node-exporter. 0 out of 1 expected pods have been scheduled: timestamp=2025-11-16T16:29:00.148Z
2025-11-16T16:29:02.144Z [INFO]  provider.terraform-provider-helm_v2.17.0_x5: 2025/11/16 16:29:02 [DEBUG] DaemonSet is not ready: monitoring/kube-prometheus-stack-prometheus-node-exporter. 0 out of 1 expected pods have been scheduled: timestamp=2025-11-16T16:29:02.144Z
2025-11-16T16:29:04.147Z [INFO]  provider.terraform-provider-helm_v2.17.0_x5: 2025/11/16 16:29:04 [DEBUG] DaemonSet is not ready: monitoring/kube-prometheus-stack-prometheus-node-exporter. 0 out of 1 expected pods have been scheduled: timestamp=2025-11-16T16:29:04.147Z
2025-11-16T16:29:06.142Z [INFO]  provider.terraform-provider-helm_v2.17.0_x5: 2025/11/16 16:29:06 [DEBUG] DaemonSet is not ready: monitoring/kube-prometheus-stack-prometheus-node-exporter. 0 out of 1 expected pods have been scheduled: timestamp=2025-11-16T16:29:06.142Z
2025-11-16T16:29:08.146Z [INFO]  provider.terraform-provider-helm_v2.17.0_x5: 2025/11/16 16:29:08 [DEBUG] DaemonSet is not ready: monitoring/kube-prometheus-stack-prometheus-node-exporter. 0 out of 1 expected pods have been scheduled: timestamp=2025-11-16T16:29:08.146Z
2025-11-16T16:29:10.144Z [INFO]  provider.terraform-provider-helm_v2.17.0_x5: 2025/11/16 16:29:10 [DEBUG] DaemonSet is not ready: monitoring/kube-prometheus-stack-prometheus-node-exporter. 0 out of 1 expected pods have been scheduled: timestamp=2025-11-16T16:29:10.144Z
2025-11-16T16:29:12.147Z [INFO]  provider.terraform-provider-helm_v2.17.0_x5: 2025/11/16 16:29:12 [DEBUG] DaemonSet is not ready: monitoring/kube-prometheus-stack-prometheus-node-exporter. 0 out of 1 expected pods have been scheduled: timestamp=2025-11-16T16:29:12.147Z
2025-11-16T16:29:14.152Z [INFO]  provider.terraform-provider-helm_v2.17.0_x5: 2025/11/16 16:29:14 [DEBUG] DaemonSet is not ready: monitoring/kube-prometheus-stack-prometheus-node-exporter. 0 out of 1 expected pods have been scheduled: timestamp=2025-11-16T16:29:14.152Z
2025-11-16T16:29:16.141Z [INFO]  provider.terraform-provider-helm_v2.17.0_x5: 2025/11/16 16:29:16 [DEBUG] DaemonSet is not ready: monitoring/kube-prometheus-stack-prometheus-node-exporter. 0 out of 1 expected pods have been scheduled: timestamp=2025-11-16T16:29:16.141Z
2025-11-16T16:29:18.145Z [INFO]  provider.terraform-provider-helm_v2.17.0_x5: 2025/11/16 16:29:18 [DEBUG] DaemonSet is not ready: monitoring/kube-prometheus-stack-prometheus-node-exporter. 0 out of 1 expected pods have been scheduled: timestamp=2025-11-16T16:29:18.145Z
2025-11-16T16:29:19.173Z [WARN]  terraform: Stop called, initiating interrupt sequence
2025-11-16T16:29:19.173Z [WARN]  terraform: run context exists, stopping
2025-11-16T16:29:19.174Z [INFO]  terraform: waiting for graceful stop to complete
2025-11-16T16:29:20.146Z [INFO]  provider.terraform-provider-helm_v2.17.0_x5: 2025/11/16 16:29:20 [DEBUG] DaemonSet is not ready: monitoring/kube-prometheus-stack-prometheus-node-exporter. 0 out of 1 expected pods have been scheduled: timestamp=2025-11-16T16:29:20.146Z
2025-11-16T16:29:22.146Z [INFO]  provider.terraform-provider-helm_v2.17.0_x5: 2025/11/16 16:29:22 [DEBUG] DaemonSet is not ready: monitoring/kube-prometheus-stack-prometheus-node-exporter. 0 out of 1 expected pods have been scheduled: timestamp=2025-11-16T16:29:22.146Z
2025-11-16T16:29:24.152Z [INFO]  provider.terraform-provider-helm_v2.17.0_x5: 2025/11/16 16:29:24 [DEBUG] DaemonSet is not ready: monitoring/kube-prometheus-stack-prometheus-node-exporter. 0 out of 1 expected pods have been scheduled: timestamp=2025-11-16T16:29:24.152Z
2025-11-16T16:29:26.145Z [INFO]  provider.terraform-provider-helm_v2.17.0_x5: 2025/11/16 16:29:26 [DEBUG] DaemonSet is not ready: monitoring/kube-prometheus-stack-prometheus-node-exporter. 0 out of 1 expected pods have been scheduled: timestamp=2025-11-16T16:29:26.144Z
2025-11-16T16:29:26.212Z [WARN]  running operation was forcefully canceled
2025-11-16T16:29:26.213Z [DEBUG] provider.stdio: received EOF, stopping recv loop: err="rpc error: code = Unavailable desc = error reading from server: EOF"
2025-11-16T16:29:26.213Z [ERROR] plugin.(*GRPCProvider).ApplyResourceChange: error="rpc error: code = Unavailable desc = error reading from server: EOF"
2025-11-16T16:29:26.218Z [ERROR] vertex "helm_release.kps" error: Plugin did not respond
2025-11-16T16:29:26.218Z [ERROR] vertex "helm_release.kps" error: execution halted
2025-11-16T16:29:26.218Z [ERROR] vertex "helm_release.kps" error: execution halted
2025-11-16T16:29:26.218Z [WARN]  terraform: stop complete
2025-11-16T16:29:26.221Z [INFO]  provider: plugin process exited: plugin=.terraform/providers/registry.terraform.io/hashicorp/helm/2.17.0/linux_amd64/terraform-provider-helm_v2.17.0_x5 id=173790
2025-11-16T16:29:26.221Z [DEBUG] provider: plugin exited
